Date,SP500,DowJones,Nasdaq
1990-01-02,359.69,2810.15,459.33
1990-01-03,358.76,2809.73,460.9
1990-01-04,355.67,2796.08,459.39
1990-01-05,352.2,2773.25,458.22
1990-01-06,,,
1990-01-08,353.79,2794.37,458.71
1990-01-09,349.62,2766.0,456.77
1990-01-10,347.31,2750.64,450.7
1990-01-11,348.53,2760.67,448.86
1990-01-12,339.93,2689.21,439.72
1990-01-13,,,
1990-01-15,337.0,2669.37,436.64
1990-01-16,340.75,2692.62,440.16
1990-01-17,337.4,2659.13,438.68
1990-01-18,338.19,2666.38,437.52
1990-01-19,339.15,2677.9,440.88
1990-01-20,,,
1990-01-22,330.38,2600.45,431.94
1990-01-23,331.61,2615.32,430.42
1990-01-24,330.26,2604.5,425.66
1990-01-25,326.08,2561.04,425.24
1990-01-26,325.8,2559.23,421.33
1990-01-29,325.2,2553.38,418.11
1990-01-30,322.98,2543.24,410.72
1990-01-31,329.08,2590.54,415.81
1990-02-01,328.79,2586.26,417.76
1990-02-02,330.92,2602.7,422.21
1990-02-03,,,
1990-02-05,331.85,2622.52,424.73
1990-02-06,329.66,2606.31,423.99
1990-02-07,333.75,2640.09,426.79
1990-02-08,332.96,2644.37,427.32
1990-02-09,333.62,2648.2,428.84
1990-02-10,,,
1990-02-12,330.08,2619.14,426.38
1990-02-13,331.02,2624.1,425.75
1990-02-14,332.01,2624.32,426.56
1990-02-15,334.89,2649.55,429.61
1990-02-16,332.72,2635.59,429.01
1990-02-17,,,
1990-02-19,,,
1990-02-20,327.99,2596.85,423.83
1990-02-21,327.67,2583.56,421.52
1990-02-22,325.7,2574.77,422.75
1990-02-23,324.15,2564.19,419.52
1990-02-24,,,
1990-02-26,328.67,2602.48,420.95
1990-02-27,330.26,2617.12,422.61
1990-02-28,331.89,2627.25,425.83
1990-03-01,332.74,2635.59,427.21
1990-03-02,335.54,2660.36,431.02
1990-03-03,,,
1990-03-05,333.74,2649.55,430.15
1990-03-06,337.93,2676.8,432.33
1990-03-07,336.95,2669.59,432.47
1990-03-08,340.27,2696.17,436.5
1990-03-09,337.93,2683.33,436.76
1990-03-12,338.67,2686.71,436.56
1990-03-13,336.0,2674.55,434.58
1990-03-14,336.87,2687.84,436.15
1990-03-15,338.07,2695.72,438.06
1990-03-16,341.91,2741.22,442.16
1990-03-17,,,
1990-03-19,343.53,2755.63,442.91
1990-03-20,341.57,2738.74,440.08
1990-03-21,339.74,2727.93,439.3
1990-03-22,335.69,2695.72,434.51
1990-03-23,337.22,2704.28,437.25
1990-03-24,,,
1990-03-26,337.63,2707.66,438.84
1990-03-27,341.5,2736.94,439.5
1990-03-28,342.0,2743.69,436.69
1990-03-29,340.79,2727.7,435.42
1990-03-30,339.94,2707.21,435.54
1990-03-31,,,
1990-04-02,338.7,2700.45,433.18
1990-04-03,343.64,2736.71,437.65
1990-04-04,341.09,2719.37,435.42
1990-04-05,340.73,2721.17,433.42
1990-04-06,340.08,2717.12,430.9
1990-04-07,,,
1990-04-09,341.37,2722.07,430.18
1990-04-10,342.07,2731.08,431.9
1990-04-11,341.92,2729.73,433.53
1990-04-12,344.34,2751.8,436.31
1990-04-13,,,
1990-04-14,,,
1990-04-16,344.74,2763.06,436.7
1990-04-17,344.68,2765.77,435.42
1990-04-18,340.72,2732.88,431.52
1990-04-19,338.09,2711.94,429.0
1990-04-20,335.12,2695.95,425.79
1990-04-21,,,
1990-04-23,331.05,2666.67,420.08
1990-04-24,330.36,2654.5,419.19
1990-04-25,332.03,2666.44,420.56
1990-04-26,332.92,2676.58,421.06
1990-04-27,329.11,2645.05,417.98
1990-04-28,,,
1990-04-30,330.8,2656.76,420.07
1990-05-01,332.25,2668.92,421.84
1990-05-02,334.48,2689.64,423.58
1990-05-03,335.57,2696.17,425.44
1990-05-04,338.39,2710.36,428.61
1990-05-07,340.53,2721.62,431.23
1990-05-08,342.01,2733.56,431.84
1990-05-09,342.86,2732.88,431.34
1990-05-10,343.82,2738.51,433.2
1990-05-11,352.0,2801.58,438.1
1990-05-12,,,
1990-05-14,354.75,2821.53,441.61
1990-05-15,354.28,2822.45,442.5
1990-05-16,354.0,2819.68,442.93
1990-05-17,354.47,2831.71,445.74
1990-05-18,354.64,2819.91,448.31
1990-05-19,,,
1990-05-21,358.0,2844.68,452.89
1990-05-22,358.43,2852.23,453.89
1990-05-23,359.29,2856.26,456.87
1990-05-24,358.41,2855.55,458.29
1990-05-25,354.58,2820.92,453.69
1990-05-26,,,
1990-05-28,,,
1990-05-29,360.65,2870.49,457.51
1990-05-30,360.86,2878.56,458.77
1990-05-31,361.23,2876.66,458.97
1990-06-01,363.16,2900.97,462.13
1990-06-02,,,
1990-06-04,367.4,2935.19,465.61
1990-06-05,366.64,2925.0,464.61
1990-06-06,364.96,2911.65,464.96
1990-06-07,363.15,2897.33,464.09
1990-06-08,358.71,2862.38,460.87
1990-06-09,,,
1990-06-11,361.63,2892.57,462.79
1990-06-12,366.25,2933.42,466.56
1990-06-13,364.9,2929.7,468.86
1990-06-14,362.9,2928.22,467.1
1990-06-15,362.91,2935.89,467.55
1990-06-16,,,
1990-06-18,356.88,2882.18,460.79
1990-06-19,358.47,2893.56,460.53
1990-06-20,359.1,2895.3,460.8
1990-06-21,360.47,2901.73,461.27
1990-06-22,355.43,2857.18,459.33
1990-06-23,,,
1990-06-25,352.31,2845.05,455.64
1990-06-26,352.06,2842.33,455.38
1990-06-27,355.14,2862.13,456.89
1990-06-28,357.63,2878.71,460.38
1990-06-29,358.02,2880.69,462.29
1990-06-30,,,
1990-07-02,359.54,2899.26,462.04
1990-07-03,360.16,2911.63,461.76
1990-07-04,,,
1990-07-05,355.68,2879.21,459.19
1990-07-06,358.42,2904.95,460.53
1990-07-07,,,
1990-07-09,359.52,2914.11,461.68
1990-07-10,356.49,2890.84,460.97
1990-07-11,361.23,2932.67,463.9
1990-07-12,365.44,2969.8,467.17
1990-07-13,367.31,2980.2,468.44
1990-07-14,,,
1990-07-16,368.95,2999.75,469.6
1990-07-17,367.52,2999.75,464.48
1990-07-18,364.22,2981.68,460.82
1990-07-19,365.32,2993.81,458.17
1990-07-20,361.61,2961.14,455.27
1990-07-21,,,
1990-07-23,355.31,2904.7,444.64
1990-07-24,355.79,2922.52,442.56
1990-07-25,357.09,2930.94,445.45
1990-07-26,355.91,2920.79,445.43
1990-07-27,353.44,2898.51,442.59
1990-07-28,,,
1990-07-30,355.55,2917.33,439.38
1990-07-31,356.15,2905.2,438.24
1990-08-01,355.52,2899.26,435.91
1990-08-02,351.48,2864.6,428.89
1990-08-03,344.86,2809.65,417.46
1990-08-04,,,
1990-08-06,334.43,2716.34,400.04
1990-08-07,334.83,2710.64,402.08
1990-08-08,338.35,2734.9,407.73
1990-08-09,339.94,2758.91,412.98
1990-08-10,335.52,2716.58,408.03
1990-08-11,,,
1990-08-13,338.84,2746.78,405.28
1990-08-14,339.39,2747.77,410.33
1990-08-15,340.06,2748.27,411.45
1990-08-16,332.39,2681.44,402.27
1990-08-17,327.83,2644.8,393.49
1990-08-18,,,
1990-08-20,328.51,2656.44,388.59
1990-08-21,321.86,2603.96,379.68
1990-08-22,316.55,2560.15,374.84
1990-08-23,307.06,2483.42,360.22
1990-08-24,311.51,2532.92,367.33
1990-08-25,,,
1990-08-27,321.44,2611.63,381.27
1990-08-28,321.34,2614.85,382.86
1990-08-29,324.19,2632.43,381.78
1990-08-30,318.71,2593.32,378.68
1990-08-31,322.56,2614.36,381.21
1990-09-01,,,
1990-09-03,,,
1990-09-04,323.09,2613.37,381.67
1990-09-05,324.39,2628.22,382.44
1990-09-06,320.46,2596.29,378.78
1990-09-07,323.4,2619.55,380.38
1990-09-08,,,
1990-09-10,321.63,2615.59,381.73
1990-09-11,321.04,2612.62,379.49
1990-09-12,322.54,2625.74,380.32
1990-09-13,318.65,2582.67,376.18
1990-09-14,316.83,2564.11,374.42
1990-09-15,,,
1990-09-17,317.77,2567.33,374.11
1990-09-18,318.6,2571.29,372.21
1990-09-19,316.6,2557.43,371.68
1990-09-20,311.48,2518.32,364.43
1990-09-21,311.32,2512.38,362.25
1990-09-22,,,
1990-09-24,304.59,2452.97,352.16
1990-09-25,308.26,2485.64,354.78
1990-09-26,305.06,2459.65,350.03
1990-09-27,300.97,2427.48,341.19
1990-09-28,306.05,2452.48,344.51
1990-09-29,,,
1990-10-01,314.94,2515.84,354.65
1990-10-02,315.21,2505.2,356.39
1990-10-03,311.4,2489.36,351.45
1990-10-04,312.69,2516.83,349.89
1990-10-05,311.5,2510.64,347.36
1990-10-06,,,
1990-10-08,313.48,2523.76,348.14
1990-10-09,305.1,2445.54,339.11
1990-10-10,300.39,2407.92,333.25
1990-10-11,295.46,2365.1,325.61
1990-10-12,300.03,2398.02,327.55
1990-10-13,,,
1990-10-15,303.23,2416.34,329.54
1990-10-16,298.92,2381.19,325.44
1990-10-17,298.76,2387.87,326.78
1990-10-18,305.74,2452.72,334.03
1990-10-19,312.48,2520.79,337.36
1990-10-20,,,
1990-10-22,314.76,2516.09,341.12
1990-10-23,312.36,2494.06,341.09
1990-10-24,312.6,2504.21,340.98
1990-10-25,310.17,2484.16,339.74
1990-10-26,304.71,2436.14,334.36
1990-10-27,,,
1990-10-29,301.88,2430.2,330.8
1990-10-30,304.06,2448.02,329.83
1990-10-31,304.0,2442.33,329.84
1990-11-01,307.02,2454.95,330.6
1990-11-02,311.85,2490.84,336.45
1990-11-03,,,
1990-11-05,314.59,2502.23,340.76
1990-11-06,311.62,2485.15,340.53
1990-11-07,306.01,2440.84,336.8
1990-11-08,307.61,2443.81,336.37
1990-11-09,313.74,2488.61,341.95
1990-11-10,,,
1990-11-12,319.48,2540.35,351.46
1990-11-13,317.67,2535.4,352.87
1990-11-14,320.4,2559.65,356.87
1990-11-15,317.02,2545.05,354.46
1990-11-16,317.12,2550.25,350.85
1990-11-17,,,
1990-11-19,319.34,2565.35,352.73
1990-11-20,315.31,2530.2,348.29
1990-11-21,316.03,2539.36,348.77
1990-11-22,,,
1990-11-23,315.1,2527.23,349.04
1990-11-24,,,
1990-11-26,316.51,2533.17,348.86
1990-11-27,318.1,2543.81,354.05
1990-11-28,317.95,2535.15,355.06
1990-11-29,316.42,2518.81,355.75
1990-11-30,322.22,2559.65,359.06
1990-12-01,,,
1990-12-03,324.1,2565.59,361.32
1990-12-04,326.35,2579.7,364.11
1990-12-05,329.92,2610.4,370.87
1990-12-06,329.07,2602.48,372.29
1990-12-07,327.75,2590.1,371.54
1990-12-08,,,
1990-12-10,328.89,2596.78,371.47
1990-12-11,326.44,2586.14,367.99
1990-12-12,330.19,2622.28,370.42
1990-12-13,329.34,2614.36,371.5
1990-12-14,326.82,2593.81,368.83
1990-12-15,,,
1990-12-17,326.02,2593.32,365.72
1990-12-18,330.05,2626.73,370.17
1990-12-19,330.2,2626.73,371.22
1990-12-20,330.12,2629.46,372.3
1990-12-21,331.75,2633.66,373.6
1990-12-22,,,
1990-12-24,329.9,2621.29,372.41
1990-12-25,,,
1990-12-26,330.85,2637.13,372.4
1990-12-27,328.29,2625.5,371.05
1990-12-28,328.72,2629.21,371.2
1990-12-31,330.22,2633.66,373.84
1991-01-02,326.45,2610.64,372.19
1991-01-03,321.91,2573.51,367.51
1991-01-04,321.0,2566.09,367.24
1991-01-05,,,
1991-01-07,315.44,2522.77,360.24
1991-01-08,314.9,2509.41,359.0
1991-01-09,311.49,2470.3,357.45
1991-01-10,314.53,2498.76,361.92
1991-01-11,315.23,2501.49,361.8
1991-01-12,,,
1991-01-14,312.49,2483.91,355.75
1991-01-15,313.73,2490.59,357.3
1991-01-16,316.17,2508.91,365.2
1991-01-17,327.97,2623.51,375.81
1991-01-18,332.23,2646.78,376.99
1991-01-19,,,
1991-01-21,331.06,2629.21,379.7
1991-01-22,328.31,2603.22,379.03
1991-01-23,330.21,2619.06,383.91
1991-01-24,334.78,2643.07,391.33
1991-01-25,336.07,2659.41,394.28
1991-01-26,,,
1991-01-28,336.03,2654.46,396.8
1991-01-29,335.84,2662.62,400.61
1991-01-30,340.91,2713.12,408.53
1991-01-31,343.93,2736.39,414.2
1991-02-01,343.05,2730.69,417.69
1991-02-02,,,
1991-02-04,348.34,2772.28,424.8
1991-02-05,351.26,2788.37,432.2
1991-02-06,358.07,2830.94,439.24
1991-02-07,356.52,2810.64,435.01
1991-02-08,359.35,2830.69,436.98
1991-02-09,,,
1991-02-11,368.58,2902.23,444.1
1991-02-12,365.5,2874.75,443.98
1991-02-13,369.02,2909.16,447.97
1991-02-14,364.22,2877.23,444.31
1991-02-15,369.06,2934.65,448.71
1991-02-18,,,
1991-02-19,369.39,2932.18,450.32
1991-02-20,365.14,2899.01,446.02
1991-02-21,364.97,2891.83,446.38
1991-02-22,365.65,2889.36,448.95
1991-02-23,,,
1991-02-25,367.26,2887.87,451.09
1991-02-26,362.81,2864.6,447.71
1991-02-27,367.74,2889.11,450.82
1991-02-28,367.07,2882.18,453.05
1991-03-01,370.47,2909.9,456.73
1991-03-02,,,
1991-03-04,369.33,2914.11,461.13
1991-03-05,376.72,2972.52,473.05
1991-03-06,376.17,2973.27,473.8
1991-03-07,375.91,2963.37,475.74
1991-03-08,374.95,2955.2,475.11
1991-03-09,,,
1991-03-11,372.96,2939.36,467.15
1991-03-12,370.03,2922.52,461.4
1991-03-13,374.57,2955.2,468.18
1991-03-14,373.5,2952.23,467.79
1991-03-15,373.59,2948.27,466.29
1991-03-16,,,
1991-03-18,372.11,2929.95,466.27
1991-03-19,366.59,2867.82,462.81
1991-03-20,367.92,2872.03,466.09
1991-03-21,366.58,2855.45,464.6
1991-03-22,367.48,2858.91,464.15
1991-03-23,,,
1991-03-25,369.83,2865.84,468.49
1991-03-26,376.3,2914.85,478.57
1991-03-27,375.35,2917.57,482.37
1991-03-28,375.22,2913.86,482.3
1991-03-29,,,
1991-03-30,,,
1991-04-01,371.3,2881.19,480.86
1991-04-02,379.5,2945.05,491.2
1991-04-03,378.94,2926.73,495.05
1991-04-04,379.77,2924.5,497.57
1991-04-05,375.36,2896.78,495.79
1991-04-06,,,
1991-04-08,378.66,2918.56,495.65
1991-04-09,373.56,2873.02,492.46
1991-04-10,373.15,2874.5,490.76
1991-04-11,377.63,2905.45,499.31
1991-04-12,380.4,2920.79,501.62
1991-04-13,,,
1991-04-15,381.19,2933.17,500.84
1991-04-16,387.62,2986.88,506.75
1991-04-17,390.45,3004.46,511.31
1991-04-18,388.46,2999.26,506.62
1991-04-19,384.2,2965.59,501.19
1991-04-20,,,
1991-04-22,380.95,2927.72,494.38
1991-04-23,381.76,2930.45,496.08
1991-04-24,382.76,2949.5,498.45
1991-04-25,379.25,2921.04,496.03
1991-04-26,379.02,2912.38,494.64
1991-04-27,,,
1991-04-29,373.66,2876.98,487.74
1991-04-30,375.35,2887.87,484.72
1991-05-01,380.29,2930.2,487.85
1991-05-02,380.52,2938.61,491.13
1991-05-03,380.8,2938.86,492.1
1991-05-04,,,
1991-05-06,380.08,2941.64,491.48
1991-05-07,377.32,2917.49,491.51
1991-05-08,378.51,2930.9,492.51
1991-05-09,383.25,2971.15,497.81
1991-05-10,375.74,2920.17,493.42
1991-05-11,,,
1991-05-13,376.76,2924.42,493.93
1991-05-14,371.62,2886.85,488.79
1991-05-15,368.57,2865.38,478.08
1991-05-16,372.19,2894.01,481.77
1991-05-17,372.39,2886.63,481.38
1991-05-18,,,
1991-05-20,372.28,2892.22,480.1
1991-05-21,375.35,2906.08,483.6
1991-05-22,376.19,2910.33,487.29
1991-05-23,374.97,2900.04,489.6
1991-05-24,377.49,2913.91,492.67
1991-05-25,,,
1991-05-27,,,
1991-05-28,381.94,2958.86,497.17
1991-05-29,382.79,2969.59,499.05
1991-05-30,386.96,3000.45,503.19
1991-05-31,389.83,3027.5,506.11
1991-06-01,,,
1991-06-03,388.06,3035.33,507.1
1991-06-04,387.74,3027.95,507.25
1991-06-05,385.09,3005.37,505.2
1991-06-06,383.63,2994.86,502.94
1991-06-07,379.43,2976.74,498.54
1991-06-08,,,
1991-06-10,378.57,2975.4,495.85
1991-06-11,381.05,2985.91,496.62
1991-06-12,376.65,2961.99,491.05
1991-06-13,377.63,2965.12,491.14
1991-06-14,382.29,3000.45,495.07
1991-06-15,,,
1991-06-17,380.13,2993.96,494.32
1991-06-18,378.59,2986.81,491.59
1991-06-19,375.09,2955.5,485.36
1991-06-20,375.42,2953.94,485.88
1991-06-21,377.75,2965.56,485.82
1991-06-22,,,
1991-06-24,370.94,2913.01,475.23
1991-06-25,370.65,2910.11,473.3
1991-06-26,371.59,2913.01,473.08
1991-06-27,374.4,2934.93,476.24
1991-06-28,371.16,2906.75,475.92
1991-06-29,,,
1991-07-01,377.92,2958.41,481.31
1991-07-02,377.47,2972.72,478.78
1991-07-03,373.33,2934.7,474.32
1991-07-04,,,
1991-07-05,374.08,2932.47,474.05
1991-07-06,,,
1991-07-08,377.94,2961.99,479.51
1991-07-09,376.11,2947.23,483.64
1991-07-10,375.74,2944.77,487.17
1991-07-11,376.97,2959.75,488.37
1991-07-12,380.25,2980.77,492.71
1991-07-13,,,
1991-07-15,382.39,2990.61,496.19
1991-07-16,381.54,2983.9,493.6
1991-07-17,381.18,2978.76,493.42
1991-07-18,385.37,3016.32,496.8
1991-07-19,384.22,3016.32,497.55
1991-07-20,,,
1991-07-22,382.88,3012.97,494.99
1991-07-23,379.42,2983.23,489.65
1991-07-24,378.64,2966.23,487.42
1991-07-25,380.96,2980.1,490.28
1991-07-26,380.93,2972.5,492.69
1991-07-27,,,
1991-07-29,383.15,2985.24,493.35
1991-07-30,386.69,3016.32,498.27
1991-07-31,387.81,3024.82,502.04
1991-08-01,387.12,3017.67,504.15
1991-08-02,387.18,3006.26,505.67
1991-08-03,,,
1991-08-05,385.06,2989.04,502.61
1991-08-06,390.62,3027.28,505.2
1991-08-07,390.56,3026.61,507.46
1991-08-08,389.32,3013.86,509.39
1991-08-09,387.12,2996.2,508.31
1991-08-10,,,
1991-08-12,388.02,3001.34,510.0
1991-08-13,389.62,3008.72,514.4
1991-08-14,389.9,3005.37,517.68
1991-08-15,389.33,2998.43,515.67
1991-08-16,385.58,2968.02,512.47
1991-08-17,,,
1991-08-19,376.47,2898.03,497.64
1991-08-20,379.43,2913.69,502.05
1991-08-21,390.59,3001.79,517.97
1991-08-22,391.33,3007.38,518.3
1991-08-23,394.17,3040.25,521.06
1991-08-24,,,
1991-08-26,393.85,3039.36,521.38
1991-08-27,393.06,3026.16,521.75
1991-08-28,396.64,3055.23,526.29
1991-08-29,396.47,3049.64,526.39
1991-08-30,395.43,3043.6,525.68
1991-08-31,,,
1991-09-02,,,
1991-09-03,392.15,3017.67,520.91
1991-09-04,389.97,3008.5,517.92
1991-09-05,389.14,3008.5,516.93
1991-09-06,389.1,3011.63,516.94
1991-09-07,,,
1991-09-09,388.57,3007.16,518.07
1991-09-10,384.56,2982.56,511.28
1991-09-11,385.09,2987.03,514.76
1991-09-12,387.34,3007.83,521.13
1991-09-13,383.59,2985.69,516.71
1991-09-14,,,
1991-09-16,385.78,3015.21,515.68
1991-09-17,385.5,3013.19,515.17
1991-09-18,386.94,3017.89,518.55
1991-09-19,387.56,3024.37,522.67
1991-09-20,387.92,3019.23,527.19
1991-09-23,385.92,3010.51,524.69
1991-09-24,387.71,3029.07,526.47
1991-09-25,386.88,3021.02,527.82
1991-09-26,386.49,3017.22,526.94
1991-09-27,385.9,3006.04,524.48
1991-09-28,,,
1991-09-30,387.86,3016.77,526.88
1991-10-01,389.2,3018.34,528.51
1991-10-02,388.26,3012.52,528.51
1991-10-03,384.47,2984.79,520.51
1991-10-04,381.24,2961.76,520.4
1991-10-05,,,
1991-10-07,379.5,2942.75,516.2
1991-10-08,380.67,2963.77,517.25
1991-10-09,376.8,2946.33,513.81
1991-10-10,380.55,2976.52,515.94
1991-10-11,381.45,2983.68,518.77
1991-10-12,,,
1991-10-14,386.47,3019.45,525.66
1991-10-15,391.01,3041.37,534.11
1991-10-16,392.8,3061.72,540.94
1991-10-17,391.92,3053.0,536.27
1991-10-18,392.5,3077.15,538.9
1991-10-19,,,
1991-10-21,390.02,3060.38,536.96
1991-10-22,387.83,3039.8,537.14
1991-10-23,387.94,3040.92,535.17
1991-10-24,385.07,3016.32,528.75
1991-10-25,384.2,3004.92,525.13
1991-10-26,,,
1991-10-28,389.52,3045.62,529.41
1991-10-29,391.48,3061.94,534.51
1991-10-30,392.96,3071.78,541.32
1991-10-31,392.46,3069.1,542.98
1991-11-01,391.32,3056.35,540.93
1991-11-02,,,
1991-11-04,390.28,3045.62,537.5
1991-11-05,388.71,3031.31,538.82
1991-11-06,389.97,3038.46,539.48
1991-11-07,393.72,3054.11,545.28
1991-11-08,392.89,3045.62,548.08
1991-11-09,,,
1991-11-11,393.12,3042.26,550.71
1991-11-12,396.74,3054.11,555.68
1991-11-13,397.41,3065.3,556.17
1991-11-14,397.15,3063.51,554.84
1991-11-15,382.62,2943.2,531.29
1991-11-16,,,
1991-11-18,385.24,2972.72,534.73
1991-11-19,379.42,2931.57,523.47
1991-11-20,378.53,2930.01,526.12
1991-11-21,380.06,2932.69,530.33
1991-11-22,376.14,2902.73,526.46
1991-11-23,,,
1991-11-25,375.34,2902.06,522.88
1991-11-26,377.96,2916.14,522.23
1991-11-27,376.55,2900.04,522.78
1991-11-28,,,
1991-11-29,375.22,2894.68,523.9
1991-11-30,,,
1991-12-02,381.4,2935.38,530.91
1991-12-03,380.96,2929.56,533.34
1991-12-04,380.07,2911.67,535.28
1991-12-05,377.4,2889.09,534.03
1991-12-06,379.09,2886.4,536.3
1991-12-07,,,
1991-12-09,378.26,2871.65,537.7
1991-12-10,377.9,2863.82,534.23
1991-12-11,377.7,2865.38,531.64
1991-12-12,381.55,2895.13,536.02
1991-12-13,384.47,2914.36,540.9
1991-12-14,,,
1991-12-16,384.46,2919.05,543.73
1991-12-17,382.74,2902.28,539.7
1991-12-18,383.48,2908.09,539.84
1991-12-19,382.52,2914.36,534.53
1991-12-20,387.04,2934.48,535.76
1991-12-21,,,
1991-12-23,396.82,3022.58,543.9
1991-12-24,399.33,3050.98,549.56
1991-12-25,,,
1991-12-26,404.84,3082.96,559.3
1991-12-27,406.46,3101.52,565.71
1991-12-30,415.14,3163.91,579.75
1991-12-31,417.09,3168.83,586.34
1992-01-02,417.26,3172.41,586.45
1992-01-03,419.34,3201.48,592.65
1992-01-04,,,
1992-01-06,417.96,3200.13,597.9
1992-01-07,417.4,3204.83,602.29
1992-01-08,418.1,3203.94,610.32
1992-01-09,417.61,3209.53,619.8
1992-01-10,415.1,3199.46,615.7
1992-01-11,,,
1992-01-13,414.34,3185.6,617.63
1992-01-14,420.44,3246.2,625.75
1992-01-15,420.77,3258.5,630.82
1992-01-16,418.21,3249.55,627.34
1992-01-17,418.86,3264.98,626.85
1992-01-18,,,
1992-01-20,416.36,3254.02,619.38
1992-01-21,412.64,3223.39,604.87
1992-01-22,418.13,3255.81,620.68
1992-01-23,414.96,3226.74,622.86
1992-01-24,415.48,3232.78,624.68
1992-01-25,,,
1992-01-27,414.99,3240.61,621.0
1992-01-28,414.96,3272.14,621.29
1992-01-29,410.34,3224.96,616.31
1992-01-30,411.63,3244.86,621.37
1992-01-31,408.79,3223.39,620.21
1992-02-01,,,
1992-02-03,409.53,3234.12,623.43
1992-02-04,413.85,3272.81,631.0
1992-02-05,413.84,3257.6,636.97
1992-02-06,413.82,3255.59,637.67
1992-02-07,411.09,3225.4,634.95
1992-02-08,,,
1992-02-10,413.77,3245.08,634.13
1992-02-11,413.76,3251.57,633.37
1992-02-12,417.13,3276.83,644.92
1992-02-13,413.69,3246.65,639.1
1992-02-14,412.48,3245.97,636.43
1992-02-15,,,
1992-02-17,,,
1992-02-18,407.38,3224.73,626.41
1992-02-19,408.26,3230.32,622.41
1992-02-20,413.9,3280.63,632.23
1992-02-21,411.46,3280.19,629.75
1992-02-22,,,
1992-02-24,412.27,3282.42,624.93
1992-02-25,410.45,3257.83,621.4
1992-02-26,415.35,3283.32,632.4
1992-02-27,413.86,3269.45,633.95
1992-02-28,412.7,3267.67,633.47
1992-02-29,,,
1992-03-02,412.45,3275.27,635.47
1992-03-03,412.85,3290.25,634.25
1992-03-04,409.33,3268.56,630.29
1992-03-05,406.51,3241.5,621.97
1992-03-06,404.44,3221.6,615.95
1992-03-07,,,
1992-03-09,405.21,3215.12,615.82
1992-03-10,406.89,3230.99,623.46
1992-03-11,404.03,3208.63,617.14
1992-03-12,403.89,3208.63,615.92
1992-03-13,405.84,3235.91,618.62
1992-03-14,,,
1992-03-16,406.39,3236.36,617.94
1992-03-17,409.58,3256.04,623.27
1992-03-18,409.15,3254.25,624.94
1992-03-19,409.8,3261.4,625.96
1992-03-20,411.3,3276.39,624.28
1992-03-21,,,
1992-03-23,409.91,3272.14,621.83
1992-03-24,408.88,3260.96,618.68
1992-03-25,407.52,3259.39,619.48
1992-03-26,407.86,3267.67,615.4
1992-03-27,403.5,3231.44,604.67
1992-03-28,,,
1992-03-30,403.0,3235.24,602.07
1992-03-31,403.69,3235.47,603.77
1992-04-01,404.23,3249.33,602.09
1992-04-02,400.5,3234.12,593.82
1992-04-03,401.55,3249.11,590.01
1992-04-04,,,
1992-04-06,405.59,3275.49,596.29
1992-04-07,398.06,3213.55,581.61
1992-04-08,394.5,3181.35,573.68
1992-04-09,400.64,3224.96,586.75
1992-04-10,404.29,3255.37,584.24
1992-04-11,,,
1992-04-13,406.08,3269.9,588.15
1992-04-14,412.39,3306.13,594.81
1992-04-15,416.28,3353.76,600.03
1992-04-16,416.05,3366.5,591.81
1992-04-17,,,
1992-04-18,,,
1992-04-20,410.16,3336.31,577.2
1992-04-21,410.26,3343.25,575.05
1992-04-22,409.81,3338.77,578.23
1992-04-23,411.6,3348.61,576.05
1992-04-24,409.02,3324.46,572.89
1992-04-25,,,
1992-04-27,408.45,3304.56,566.94
1992-04-28,409.11,3307.92,560.33
1992-04-29,412.02,3333.18,569.94
1992-04-30,414.95,3359.12,578.68
1992-05-01,412.53,3336.09,578.14
1992-05-02,,,
1992-05-04,416.91,3378.13,583.54
1992-05-05,416.84,3359.35,588.07
1992-05-06,416.79,3369.41,589.36
1992-05-07,415.85,3363.37,587.16
1992-05-08,416.05,3369.41,585.76
1992-05-09,,,
1992-05-11,418.49,3397.58,587.13
1992-05-12,416.29,3385.12,583.96
1992-05-13,416.45,3391.98,582.38
1992-05-14,413.14,3368.88,576.46
1992-05-15,410.09,3353.09,574.43
1992-05-16,,,
1992-05-18,412.81,3376.03,576.53
1992-05-19,416.37,3397.99,578.05
1992-05-20,415.39,3393.84,580.29
1992-05-21,412.6,3378.71,579.1
1992-05-22,414.02,3386.77,580.3
1992-05-23,,,
1992-05-25,,,
1992-05-26,411.41,3364.21,575.65
1992-05-27,412.17,3370.44,577.35
1992-05-28,416.74,3398.43,580.49
1992-05-29,415.35,3396.88,585.31
1992-05-30,,,
1992-06-01,417.3,3413.21,588.37
1992-06-02,413.5,3396.1,589.18
1992-06-03,414.59,3406.99,589.93
1992-06-04,413.26,3399.73,588.26
1992-06-05,413.48,3398.69,585.43
1992-06-08,413.36,3404.13,582.01
1992-06-09,410.06,3369.92,573.8
1992-06-10,407.25,3343.22,569.71
1992-06-11,409.05,3351.51,567.68
1992-06-12,409.76,3354.36,569.52
1992-06-13,,,
1992-06-15,410.29,3354.9,569.01
1992-06-16,408.32,3329.49,564.07
1992-06-17,402.26,3287.76,553.24
1992-06-18,400.96,3274.12,549.17
1992-06-19,403.67,3285.35,554.2
1992-06-20,,,
1992-06-22,403.4,3280.8,549.73
1992-06-23,404.04,3285.62,553.36
1992-06-24,403.83,3290.7,551.39
1992-06-25,403.12,3284.01,548.2
1992-06-26,403.45,3282.41,547.84
1992-06-27,,,
1992-06-29,408.94,3319.86,558.8
1992-06-30,408.14,3318.52,563.6
1992-07-01,412.88,3354.1,568.99
1992-07-02,411.77,3330.29,563.35
1992-07-03,,,
1992-07-04,,,
1992-07-06,413.84,3339.2,563.17
1992-07-07,409.16,3295.17,557.41
1992-07-08,410.28,3293.28,557.57
1992-07-09,414.23,3324.08,564.75
1992-07-10,414.62,3330.56,567.8
1992-07-11,,,
1992-07-13,414.87,3337.31,570.22
1992-07-14,417.68,3358.39,575.21
1992-07-15,417.1,3345.42,575.47
1992-07-16,417.54,3361.63,576.19
1992-07-17,415.62,3331.64,570.52
1992-07-18,,,
1992-07-20,413.75,3303.0,564.28
1992-07-21,413.76,3308.41,568.63
1992-07-22,410.93,3277.61,563.88
1992-07-23,412.08,3290.04,565.24
1992-07-24,411.6,3285.71,565.61
1992-07-25,,,
1992-07-27,411.54,3282.2,564.73
1992-07-28,417.52,3334.07,571.63
1992-07-29,422.23,3379.19,577.49
1992-07-30,423.92,3391.89,578.8
1992-07-31,424.21,3393.78,580.83
1992-08-01,,,
1992-08-03,425.09,3395.4,582.36
1992-08-04,424.36,3384.32,581.32
1992-08-05,422.19,3365.14,576.87
1992-08-06,420.59,3340.56,574.02
1992-08-07,418.88,3332.18,573.74
1992-08-08,,,
1992-08-10,419.42,3337.58,573.14
1992-08-11,418.9,3331.1,571.6
1992-08-12,417.78,3320.83,570.85
1992-08-13,417.73,3313.27,570.99
1992-08-14,419.91,3328.94,573.18
1992-08-17,420.74,3324.89,572.47
1992-08-18,421.34,3329.48,570.87
1992-08-19,418.18,3307.06,567.61
1992-08-20,418.26,3304.89,567.86
1992-08-21,414.85,3254.1,563.7
1992-08-22,,,
1992-08-24,410.72,3228.17,555.39
1992-08-25,411.61,3232.22,554.22
1992-08-26,413.51,3246.81,558.8
1992-08-27,413.53,3254.64,563.27
1992-08-28,414.84,3267.61,563.56
1992-08-29,,,
1992-08-31,414.03,3257.35,563.12
1992-09-01,416.07,3266.26,565.61
1992-09-02,417.98,3290.31,571.25
1992-09-03,417.98,3292.2,574.88
1992-09-04,417.08,3281.93,573.44
1992-09-05,,,
1992-09-07,,,
1992-09-08,414.44,3260.59,571.17
1992-09-09,416.36,3271.39,574.89
1992-09-10,419.95,3305.16,581.24
1992-09-11,419.58,3305.7,583.01
1992-09-14,425.27,3376.22,594.21
1992-09-15,419.77,3327.32,587.86
1992-09-16,419.92,3319.21,585.89
1992-09-17,419.93,3315.7,587.82
1992-09-18,422.93,3327.05,589.12
1992-09-19,,,
1992-09-21,422.14,3320.83,588.58
1992-09-22,417.14,3280.85,583.0
1992-09-23,417.44,3278.69,582.96
1992-09-24,418.47,3287.87,585.93
1992-09-25,414.35,3250.32,577.2
1992-09-26,,,
1992-09-28,416.62,3276.26,575.34
1992-09-29,416.8,3266.8,577.63
1992-09-30,417.8,3271.66,583.27
1992-10-01,416.29,3254.37,578.33
1992-10-02,410.47,3200.61,571.63
1992-10-05,407.57,3179.0,565.21
1992-10-06,407.18,3178.19,570.55
1992-10-07,404.25,3152.25,569.2
1992-10-08,407.75,3176.03,573.88
1992-10-09,402.66,3136.58,570.52
1992-10-10,,,
1992-10-12,407.44,3174.41,573.84
1992-10-13,409.3,3201.42,576.44
1992-10-14,409.37,3195.48,576.22
1992-10-15,409.6,3174.68,578.64
1992-10-16,411.73,3174.41,582.61
1992-10-17,,,
1992-10-19,414.98,3188.45,590.67
1992-10-20,415.48,3186.02,592.7
1992-10-21,415.67,3187.1,597.15
1992-10-22,414.9,3200.88,597.12
1992-10-23,414.1,3207.64,597.3
1992-10-24,,,
1992-10-26,418.16,3244.11,598.92
1992-10-27,418.49,3235.73,596.95
1992-10-28,420.13,3251.4,601.39
1992-10-29,420.86,3246.27,605.82
1992-10-30,418.68,3226.28,605.17
1992-10-31,,,
1992-11-02,422.75,3262.21,607.57
1992-11-03,419.92,3252.48,604.58
1992-11-04,417.11,3223.04,605.52
1992-11-05,418.34,3243.84,614.08
1992-11-06,417.58,3240.06,616.82
1992-11-07,,,
1992-11-09,418.59,3240.87,622.05
1992-11-10,418.62,3225.47,627.76
1992-11-11,422.2,3240.33,634.92
1992-11-12,422.87,3239.79,634.37
1992-11-13,422.43,3233.03,637.16
1992-11-14,,,
1992-11-16,420.68,3205.74,634.01
1992-11-17,419.27,3193.32,627.07
1992-11-18,422.85,3207.37,634.86
1992-11-19,423.61,3209.53,638.57
1992-11-20,426.65,3227.36,642.6
1992-11-21,,,
1992-11-23,425.12,3223.04,638.65
1992-11-24,427.59,3248.7,645.94
1992-11-25,429.19,3266.26,648.33
1992-11-26,,,
1992-11-27,430.16,3282.2,649.49
1992-11-28,,,
1992-11-30,431.35,3305.16,652.73
1992-12-01,430.78,3294.36,653.95
1992-12-02,429.89,3286.25,652.91
1992-12-03,429.91,3276.53,656.36
1992-12-04,432.06,3288.68,661.6
1992-12-05,,,
1992-12-07,435.31,3307.33,666.53
1992-12-08,436.99,3322.18,667.12
1992-12-09,435.65,3323.81,663.92
1992-12-10,434.64,3312.19,658.93
1992-12-11,433.73,3304.08,655.79
1992-12-12,,,
1992-12-14,432.84,3292.2,654.73
1992-12-15,432.57,3284.36,650.75
1992-12-16,431.52,3255.18,649.63
1992-12-17,435.43,3269.23,658.46
1992-12-18,441.28,3313.27,661.29
1992-12-19,,,
1992-12-21,440.7,3312.46,662.46
1992-12-22,440.31,3321.1,660.84
1992-12-23,439.03,3313.54,662.96
1992-12-24,439.77,3326.24,665.7
1992-12-25,,,
1992-12-26,,,
1992-12-28,439.15,3333.26,666.25
1992-12-29,437.98,3310.84,669.01
1992-12-30,438.82,3321.1,671.85
1992-12-31,435.71,3301.11,676.95
1993-01-04,435.38,3309.22,671.8
1993-01-05,434.34,3307.87,674.34
1993-01-06,434.52,3305.16,681.85
1993-01-07,430.73,3268.96,678.21
1993-01-08,429.05,3251.67,677.21
1993-01-09,,,
1993-01-11,430.95,3262.75,682.4
1993-01-12,431.04,3264.64,679.45
1993-01-13,433.03,3263.56,686.78
1993-01-14,435.94,3267.88,695.7
1993-01-15,437.15,3271.12,697.15
1993-01-16,,,
1993-01-18,436.84,3274.91,698.13
1993-01-19,435.13,3255.99,696.81
1993-01-20,433.37,3241.95,697.44
1993-01-21,435.49,3253.02,700.77
1993-01-22,436.11,3256.81,701.63
1993-01-25,440.01,3292.2,706.95
1993-01-26,439.95,3298.95,707.16
1993-01-27,438.11,3291.39,697.9
1993-01-28,438.66,3306.25,694.67
1993-01-29,438.78,3310.03,696.34
1993-01-30,,,
1993-02-01,442.52,3332.18,701.77
1993-02-02,442.56,3328.67,705.12
1993-02-03,447.2,3373.79,708.67
1993-02-04,449.56,3416.74,708.85
1993-02-05,448.93,3442.14,700.98
1993-02-06,,,
1993-02-08,447.85,3437.54,698.44
1993-02-09,445.33,3414.58,692.21
1993-02-10,446.23,3412.42,695.02
1993-02-11,447.66,3422.69,695.88
1993-02-12,444.58,3392.43,690.54
1993-02-13,,,
1993-02-15,,,
1993-02-16,433.91,3309.49,665.39
1993-02-17,433.3,3312.19,659.43
1993-02-18,431.9,3302.19,662.45
1993-02-19,434.22,3322.18,663.61
1993-02-20,,,
1993-02-22,435.24,3342.99,652.42
1993-02-23,434.8,3323.27,651.4
1993-02-24,440.87,3356.5,662.46
1993-02-25,442.34,3365.14,667.07
1993-02-26,443.38,3370.81,670.77
1993-02-27,,,
1993-03-01,442.01,3355.41,669.51
1993-03-02,447.9,3400.53,677.72
1993-03-03,449.26,3404.04,683.92
1993-03-04,447.34,3398.91,680.73
1993-03-05,446.11,3404.58,681.37
1993-03-06,,,
1993-03-08,454.71,3469.42,687.23
1993-03-09,454.4,3472.12,688.96
1993-03-10,456.33,3478.34,692.87
1993-03-11,453.72,3457.0,694.28
1993-03-12,449.83,3427.82,692.78
1993-03-13,,,
1993-03-15,451.43,3442.41,695.21
1993-03-16,451.37,3442.95,695.47
1993-03-17,448.31,3426.74,687.4
1993-03-18,451.89,3465.64,687.41
1993-03-19,450.18,3471.58,682.72
1993-03-20,,,
1993-03-22,448.88,3463.48,676.62
1993-03-23,448.76,3461.86,675.04
1993-03-24,448.07,3445.38,674.36
1993-03-25,450.88,3461.32,681.01
1993-03-26,447.78,3439.98,681.54
1993-03-27,,,
1993-03-29,450.77,3455.1,680.76
1993-03-30,451.97,3457.27,686.25
1993-03-31,451.67,3435.11,690.13
1993-04-01,450.3,3439.44,686.64
1993-04-02,441.39,3370.81,669.85
1993-04-03,,,
1993-04-05,442.29,3379.19,670.71
1993-04-06,441.16,3377.57,664.14
1993-04-07,442.73,3397.02,668.88
1993-04-08,441.84,3396.48,666.33
1993-04-09,,,
1993-04-10,,,
1993-04-12,448.37,3428.09,673.12
1993-04-13,449.22,3444.03,673.83
1993-04-14,448.66,3455.64,673.94
1993-04-15,448.4,3455.92,670.32
1993-04-16,448.94,3478.61,666.78
1993-04-17,,,
1993-04-19,447.46,3466.99,663.03
1993-04-20,445.1,3443.49,661.97
1993-04-21,443.63,3439.44,664.04
1993-04-22,439.46,3429.17,663.51
1993-04-23,437.03,3413.77,658.41
1993-04-24,,,
1993-04-26,433.54,3398.37,645.87
1993-04-27,438.01,3415.93,652.52
1993-04-28,438.02,3413.5,658.16
1993-04-29,438.89,3425.12,658.45
1993-04-30,440.19,3427.55,661.42
1993-05-01,,,
1993-05-03,442.46,3446.46,666.71
1993-05-04,444.05,3446.19,678.16
1993-05-05,444.52,3449.1,683.26
1993-05-06,443.26,3441.9,680.04
1993-05-07,442.31,3437.19,681.44
1993-05-08,,,
1993-05-10,442.8,3443.28,682.82
1993-05-11,444.36,3468.75,683.06
1993-05-12,444.8,3482.31,681.69
1993-05-13,439.23,3447.99,675.64
1993-05-14,439.56,3443.01,676.37
1993-05-15,,,
1993-05-17,440.37,3449.93,677.96
1993-05-18,440.32,3444.39,680.78
1993-05-19,447.57,3500.03,690.43
1993-05-20,450.59,3523.28,697.43
1993-05-21,445.84,3492.83,694.29
1993-05-22,,,
1993-05-24,448.0,3507.78,694.69
1993-05-25,448.85,3516.63,695.04
1993-05-26,453.44,3540.16,704.09
1993-05-27,452.41,3554.83,704.59
1993-05-28,450.19,3527.43,700.53
1993-05-29,,,
1993-05-31,,,
1993-06-01,453.83,3552.34,704.28
1993-06-02,453.85,3553.45,705.86
1993-06-03,452.49,3544.87,706.22
1993-06-04,450.06,3545.14,702.01
1993-06-05,,,
1993-06-07,447.69,3532.13,694.61
1993-06-08,444.71,3510.54,687.74
1993-06-09,445.78,3511.93,689.24
1993-06-10,445.38,3491.72,688.05
1993-06-11,447.26,3505.01,693.19
1993-06-12,,,
1993-06-14,447.71,3514.69,696.41
1993-06-15,446.27,3492.0,697.34
1993-06-16,447.43,3511.65,696.26
1993-06-17,448.54,3521.89,695.94
1993-06-18,443.68,3494.77,689.59
1993-06-19,,,
1993-06-21,446.22,3510.82,688.74
1993-06-22,445.93,3497.53,686.77
1993-06-23,443.19,3466.81,684.79
1993-06-24,446.62,3490.61,688.72
1993-06-25,447.6,3490.89,694.81
1993-06-26,,,
1993-06-28,451.85,3530.2,702.84
1993-06-29,450.69,3518.85,701.07
1993-06-30,450.53,3516.08,703.95
1993-07-01,449.02,3510.54,703.59
1993-07-02,445.84,3483.97,704.49
1993-07-03,,,
1993-07-05,,,
1993-07-06,441.43,3449.93,702.22
1993-07-07,442.83,3475.67,698.79
1993-07-08,448.64,3514.42,702.71
1993-07-09,448.13,3521.06,705.81
1993-07-10,,,
1993-07-12,448.98,3524.38,707.67
1993-07-13,448.09,3515.44,708.47
1993-07-14,450.08,3542.55,712.49
1993-07-15,449.22,3550.93,708.69
1993-07-16,445.75,3528.29,699.73
1993-07-19,446.03,3535.28,695.83
1993-07-20,447.31,3544.78,701.9
1993-07-21,447.18,3555.4,700.08
1993-07-22,444.51,3525.22,695.52
1993-07-23,447.1,3546.74,700.24
1993-07-24,,,
1993-07-26,449.09,3567.7,704.55
1993-07-27,448.24,3565.46,701.0
1993-07-28,447.19,3553.45,705.59
1993-07-29,450.24,3567.42,707.24
1993-07-30,448.13,3539.47,704.7
1993-07-31,,,
1993-08-02,450.15,3560.99,707.66
1993-08-03,449.27,3561.27,709.01
1993-08-04,448.54,3552.05,713.79
1993-08-05,448.13,3548.97,715.5
1993-08-06,448.68,3560.43,718.08
1993-08-07,,,
1993-08-09,450.72,3576.08,718.49
1993-08-10,449.45,3572.73,717.08
1993-08-11,450.46,3583.35,718.77
1993-08-12,448.96,3569.09,717.12
1993-08-13,450.14,3569.65,718.26
1993-08-14,,,
1993-08-16,452.38,3579.15,726.89
1993-08-17,453.13,3586.98,731.01
1993-08-18,456.04,3604.86,734.83
1993-08-19,456.43,3612.13,730.48
1993-08-20,456.16,3615.48,730.96
1993-08-21,,,
1993-08-23,455.23,3605.98,730.86
1993-08-24,459.77,3638.96,735.13
1993-08-25,460.13,3652.09,733.66
1993-08-26,461.04,3648.18,731.39
1993-08-27,460.54,3640.63,734.07
1993-08-28,,,
1993-08-30,461.9,3643.99,737.38
1993-08-31,463.56,3651.25,742.84
1993-09-01,463.15,3645.1,746.15
1993-09-02,461.3,3626.1,748.65
1993-09-03,461.34,3633.93,749.71
1993-09-04,,,
1993-09-06,,,
1993-09-07,458.52,3607.1,739.35
1993-09-08,456.65,3588.93,730.73
1993-09-09,457.5,3589.49,737.71
1993-09-10,461.72,3621.63,744.31
1993-09-11,,,
1993-09-13,462.06,3634.21,740.32
1993-09-14,459.9,3615.76,732.64
1993-09-15,461.6,3633.65,739.55
1993-09-16,459.43,3630.85,739.8
1993-09-17,458.83,3613.25,740.11
1993-09-18,,,
1993-09-20,455.05,3575.8,740.21
1993-09-21,452.95,3537.24,733.56
1993-09-22,456.2,3547.02,745.54
1993-09-23,457.74,3539.75,752.26
1993-09-24,457.63,3543.11,754.65
1993-09-25,,,
1993-09-27,461.8,3567.7,759.96
1993-09-28,461.53,3566.02,763.66
1993-09-29,460.11,3566.3,763.17
1993-09-30,458.93,3555.12,762.78
1993-10-01,461.29,3581.11,763.23
1993-10-02,,,
1993-10-04,461.34,3577.76,764.84
1993-10-05,461.2,3587.26,762.27
1993-10-06,460.74,3598.99,764.77
1993-10-07,459.18,3583.63,762.49
1993-10-08,460.31,3584.74,764.27
1993-10-09,,,
1993-10-11,460.88,3593.41,767.65
1993-10-12,461.12,3593.13,772.46
1993-10-13,461.49,3603.19,778.97
1993-10-14,466.83,3621.63,785.41
1993-10-15,469.5,3629.73,787.42
1993-10-16,,,
1993-10-18,468.45,3642.31,782.91
1993-10-19,466.21,3635.32,768.71
1993-10-20,466.07,3645.1,768.25
1993-10-21,465.36,3636.16,771.28
1993-10-22,463.27,3649.3,772.68
1993-10-23,,,
1993-10-25,464.2,3673.61,769.75
1993-10-26,464.3,3672.49,765.46
1993-10-27,464.61,3664.66,771.88
1993-10-28,467.73,3687.86,773.49
1993-10-29,467.83,3680.59,779.26
1993-10-30,,,
1993-11-01,469.1,3692.61,783.77
1993-11-02,468.44,3697.64,785.66
1993-11-03,463.02,3661.87,772.95
1993-11-04,457.49,3624.98,757.26
1993-11-05,459.57,3643.43,762.99
1993-11-06,,,
1993-11-08,460.21,3647.9,766.21
1993-11-09,460.33,3640.07,769.84
1993-11-10,463.72,3663.55,776.5
1993-11-11,462.64,3662.43,778.98
1993-11-12,465.39,3684.51,779.32
1993-11-13,,,
1993-11-15,463.75,3677.52,772.45
1993-11-16,466.74,3710.77,771.69
1993-11-17,464.81,3704.35,762.36
1993-11-18,463.62,3685.34,754.33
1993-11-19,462.6,3694.01,751.56
1993-11-20,,,
1993-11-22,459.13,3670.25,738.13
1993-11-23,461.03,3674.17,746.82
1993-11-24,462.36,3687.58,753.18
1993-11-25,,,
1993-11-26,463.06,3683.95,754.41
1993-11-27,,,
1993-11-29,461.9,3677.8,751.54
1993-11-30,461.79,3683.95,754.4
1993-12-01,461.89,3697.08,763.8
1993-12-02,463.11,3702.11,766.73
1993-12-03,464.89,3704.07,772.24
1993-12-04,,,
1993-12-06,466.43,3710.21,771.09
1993-12-07,466.76,3718.88,769.35
1993-12-08,466.29,3734.53,767.89
1993-12-09,464.18,3729.78,761.48
1993-12-10,463.93,3740.67,760.75
1993-12-11,,,
1993-12-13,465.7,3764.43,759.72
1993-12-14,463.06,3742.63,751.47
1993-12-15,461.84,3716.92,752.97
1993-12-16,463.34,3726.14,755.53
1993-12-17,466.38,3751.57,759.23
1993-12-18,,,
1993-12-20,465.85,3755.21,760.15
1993-12-21,465.3,3745.15,755.63
1993-12-22,467.32,3762.19,756.08
1993-12-23,467.38,3757.72,758.7
1993-12-24,,,
1993-12-27,470.54,3792.93,761.06
1993-12-28,470.94,3793.77,764.57
1993-12-29,470.58,3794.33,768.48
1993-12-30,468.64,3775.88,771.08
1993-12-31,466.45,3754.09,776.8
1994-01-03,465.44,3756.6,770.72
1994-01-04,466.89,3783.9,774.28
1994-01-05,467.55,3798.82,778.05
1994-01-06,467.12,3803.88,780.42
1994-01-07,469.9,3820.77,782.94
1994-01-08,,,
1994-01-10,475.27,3865.51,786.69
1994-01-11,474.13,3850.31,785.52
1994-01-12,474.17,3848.63,786.87
1994-01-13,472.47,3842.43,787.85
1994-01-14,474.91,3867.2,792.31
1994-01-15,,,
1994-01-17,473.3,3870.29,792.18
1994-01-18,474.25,3870.29,793.02
1994-01-19,474.3,3884.37,789.28
1994-01-20,474.98,3891.96,793.02
1994-01-21,474.72,3914.48,794.29
1994-01-22,,,
1994-01-24,471.97,3912.79,790.66
1994-01-25,470.92,3895.34,786.39
1994-01-26,473.2,3908.0,788.8
1994-01-27,477.05,3926.3,792.88
1994-01-28,478.7,3945.43,796.53
1994-01-29,,,
1994-01-31,481.61,3978.36,800.47
1994-02-01,479.62,3964.01,797.24
1994-02-02,482.0,3975.54,799.58
1994-02-03,480.71,3967.66,797.79
1994-02-04,469.81,3871.42,777.29
1994-02-05,,,
1994-02-07,471.76,3906.32,779.2
1994-02-08,471.05,3906.03,782.7
1994-02-09,472.77,3931.92,786.53
1994-02-10,468.93,3895.34,783.41
1994-02-11,470.18,3894.78,780.98
1994-02-12,,,
1994-02-14,470.23,3904.06,785.45
1994-02-15,472.52,3928.27,790.12
1994-02-16,472.79,3937.27,792.62
1994-02-17,470.34,3922.64,790.24
1994-02-18,467.69,3887.46,788.86
1994-02-19,,,
1994-02-21,,,
1994-02-22,471.46,3911.66,791.15
1994-02-23,470.69,3891.68,789.11
1994-02-24,464.26,3839.9,779.45
1994-02-25,466.07,3838.78,783.78
1994-02-26,,,
1994-02-28,467.14,3832.02,792.5
1994-03-01,464.44,3809.23,788.64
1994-03-02,464.81,3831.74,783.47
1994-03-03,463.01,3824.42,784.58
1994-03-04,464.74,3832.3,790.55
1994-03-05,,,
1994-03-07,466.91,3856.22,795.05
1994-03-08,465.88,3851.72,792.12
1994-03-09,467.06,3853.41,793.04
1994-03-10,463.9,3830.61,789.09
1994-03-11,466.44,3862.7,789.2
1994-03-12,,,
1994-03-14,467.39,3862.98,792.8
1994-03-15,467.01,3849.59,793.51
1994-03-16,469.42,3848.15,798.97
1994-03-17,470.9,3865.14,803.85
1994-03-18,471.06,3895.65,803.93
1994-03-19,,,
1994-03-21,468.54,3864.85,797.3
1994-03-22,468.8,3862.55,796.35
1994-03-23,468.54,3869.46,797.53
1994-03-24,464.35,3821.09,786.69
1994-03-25,460.58,3774.73,783.45
1994-03-26,,,
1994-03-28,460.0,3762.35,772.5
1994-03-29,452.48,3699.02,755.3
1994-03-30,445.55,3626.75,744.91
1994-03-31,445.77,3635.96,743.46
1994-04-01,,,
1994-04-02,,,
1994-04-04,438.92,3593.35,727.41
1994-04-05,448.29,3675.41,750.95
1994-04-06,448.05,3679.73,750.72
1994-04-07,450.88,3693.26,755.17
1994-04-08,447.1,3674.26,748.71
1994-04-09,,,
1994-04-11,449.87,3688.83,748.11
1994-04-12,447.57,3681.69,739.22
1994-04-13,446.26,3661.47,727.38
1994-04-14,446.38,3663.25,727.31
1994-04-15,446.18,3661.47,727.99
1994-04-16,,,
1994-04-18,442.46,3620.42,720.45
1994-04-19,442.54,3619.82,712.85
1994-04-20,441.96,3598.71,705.52
1994-04-21,448.73,3652.54,718.73
1994-04-22,447.63,3648.68,722.56
1994-04-23,,,
1994-04-25,452.71,3705.78,730.81
1994-04-26,451.87,3699.54,734.21
1994-04-27,,,
1994-04-28,449.1,3668.31,731.69
1994-04-29,450.91,3681.69,733.84
1994-04-30,,,
1994-05-02,453.02,3701.02,740.68
1994-05-03,453.03,3714.41,739.37
1994-05-04,451.72,3697.75,740.3
1994-05-05,451.38,3695.97,740.55
1994-05-06,447.82,3669.5,732.86
1994-05-07,,,
1994-05-09,442.32,3629.04,722.96
1994-05-10,446.01,3656.41,724.99
1994-05-11,441.49,3629.04,717.0
1994-05-12,443.75,3652.84,719.61
1994-05-13,444.14,3659.68,716.92
1994-05-14,,,
1994-05-16,444.49,3671.5,711.91
1994-05-17,449.37,3720.61,711.52
1994-05-18,453.69,3732.89,721.89
1994-05-19,456.48,3758.98,727.31
1994-05-20,454.92,3766.35,726.7
1994-05-21,,,
1994-05-23,453.2,3742.4,724.95
1994-05-24,454.81,3745.17,731.47
1994-05-25,456.34,3755.3,732.08
1994-05-26,457.06,3753.45,731.64
1994-05-27,457.33,3757.14,733.14
1994-05-28,,,
1994-05-30,,,
1994-05-31,456.5,3758.37,735.19
1994-06-01,457.63,3760.83,735.52
1994-06-02,457.65,3758.98,739.5
1994-06-03,460.13,3772.21,742.38
1994-06-04,,,
1994-06-06,458.88,3768.52,743.43
1994-06-07,458.21,3755.91,739.29
1994-06-08,457.06,3749.45,729.79
1994-06-09,457.86,3753.14,728.87
1994-06-10,458.67,3773.45,734.25
1994-06-11,,,
1994-06-13,459.1,3783.12,731.7
1994-06-14,462.37,3814.82,735.98
1994-06-15,460.61,3790.41,735.84
1994-06-16,461.93,3811.34,734.97
1994-06-17,458.45,3776.77,729.35
1994-06-18,,,
1994-06-20,455.48,3741.89,718.85
1994-06-21,451.34,3707.97,708.79
1994-06-22,453.09,3724.77,712.74
1994-06-23,449.63,3699.09,700.86
1994-06-24,442.8,3636.94,693.79
1994-06-25,,,
1994-06-27,447.31,3685.5,702.68
1994-06-28,446.07,3669.64,702.05
1994-06-29,447.63,3667.05,704.01
1994-06-30,444.27,3624.96,705.96
1994-07-01,446.2,3646.65,706.85
1994-07-02,,,
1994-07-04,,,
1994-07-05,446.37,3652.48,703.59
1994-07-06,446.13,3674.49,701.0
1994-07-07,448.38,3688.42,706.53
1994-07-08,449.55,3709.13,707.47
1994-07-09,,,
1994-07-11,448.06,3702.98,706.83
1994-07-12,447.95,3702.66,709.59
1994-07-13,448.73,3704.28,719.35
1994-07-14,453.41,3739.24,721.56
1994-07-15,454.16,3753.81,721.36
1994-07-16,,,
1994-07-18,455.22,3755.43,722.62
1994-07-19,453.86,3748.31,719.32
1994-07-20,451.6,3727.26,712.77
1994-07-21,452.61,3732.44,715.03
1994-07-22,453.11,3735.03,716.68
1994-07-23,,,
1994-07-25,454.25,3741.83,716.88
1994-07-26,453.36,3735.68,715.65
1994-07-27,452.57,3720.47,712.13
1994-07-28,454.23,3730.83,712.43
1994-07-29,458.26,3764.5,722.16
1994-07-30,,,
1994-08-01,461.01,3798.16,724.87
1994-08-02,460.56,3796.22,724.8
1994-08-03,461.45,3792.66,723.7
1994-08-04,458.4,3765.79,720.18
1994-08-05,457.09,3747.01,718.66
1994-08-06,,,
1994-08-08,457.89,3753.81,720.47
1994-08-09,457.93,3755.75,722.61
1994-08-10,460.3,3766.76,728.21
1994-08-11,458.88,3750.9,728.2
1994-08-12,461.94,3768.7,731.61
1994-08-13,,,
1994-08-15,461.23,3760.29,732.89
1994-08-16,465.01,3784.57,735.51
1994-08-17,465.17,3776.47,742.66
1994-08-18,463.17,3755.43,742.17
1994-08-19,463.68,3755.11,742.42
1994-08-20,,,
1994-08-22,462.32,3751.22,742.29
1994-08-23,464.51,3775.83,747.98
1994-08-24,469.03,3846.73,751.72
1994-08-25,468.08,3829.89,754.8
1994-08-26,473.8,3881.04,762.94
1994-08-27,,,
1994-08-29,474.59,3898.85,763.21
1994-08-30,476.07,3917.3,766.46
1994-08-31,475.49,3913.42,765.62
1994-09-01,473.17,3901.44,758.95
1994-09-02,470.99,3885.58,759.23
1994-09-03,,,
1994-09-05,,,
1994-09-06,471.86,3898.7,759.48
1994-09-07,470.96,3886.25,764.28
1994-09-08,473.14,3908.45,769.3
1994-09-09,468.18,3874.81,763.73
1994-09-10,,,
1994-09-12,466.21,3860.34,760.01
1994-09-13,467.51,3879.86,765.83
1994-09-14,468.8,3895.33,768.61
1994-09-15,474.81,3953.87,778.66
1994-09-16,471.19,3933.35,777.91
1994-09-17,,,
1994-09-19,470.85,3936.71,776.72
1994-09-20,463.36,3869.09,766.74
1994-09-21,461.46,3851.59,760.7
1994-09-22,461.27,3837.13,760.44
1994-09-23,459.67,3831.74,757.45
1994-09-24,,,
1994-09-26,460.82,3849.24,755.63
1994-09-27,462.05,3863.03,755.37
1994-09-28,464.84,3878.17,760.01
1994-09-29,462.24,3854.62,759.35
1994-09-30,462.69,3843.18,764.29
1994-10-01,,,
1994-10-03,461.74,3846.88,760.91
1994-10-04,454.59,3801.13,747.31
1994-10-05,453.52,3787.33,746.28
1994-10-06,452.36,3775.56,744.19
1994-10-07,455.1,3797.43,749.96
1994-10-08,,,
1994-10-10,459.04,3821.31,756.81
1994-10-11,465.79,3876.83,765.58
1994-10-12,465.47,3875.15,767.0
1994-10-13,467.77,3889.95,767.89
1994-10-14,469.1,3910.47,767.08
1994-10-15,,,
1994-10-17,468.96,3923.93,765.78
1994-10-18,467.66,3917.54,764.81
1994-10-19,470.28,3936.04,770.62
1994-10-20,466.85,3911.14,768.24
1994-10-21,464.89,3891.29,765.38
1994-10-22,,,
1994-10-24,460.83,3855.3,761.21
1994-10-25,461.53,3850.59,758.26
1994-10-26,462.62,3848.23,763.24
1994-10-27,465.85,3875.15,767.46
1994-10-28,473.77,3930.66,776.15
1994-10-29,,,
1994-10-31,472.35,3908.12,777.49
1994-11-01,468.42,3863.37,772.19
1994-11-02,466.5,3837.13,771.82
1994-11-03,467.91,3845.88,772.1
1994-11-04,462.28,3807.52,766.08
1994-11-05,,,
1994-11-07,463.07,3808.87,762.31
1994-11-08,465.65,3830.74,767.54
1994-11-09,465.4,3831.74,767.25
1994-11-10,464.37,3821.99,764.39
1994-11-11,462.35,3801.46,762.12
1994-11-12,,,
1994-11-14,466.04,3829.73,768.14
1994-11-15,465.03,3826.36,769.02
1994-11-16,465.6,3845.2,769.64
1994-11-17,463.56,3828.04,765.85
1994-11-18,461.47,3815.26,764.67
1994-11-19,,,
1994-11-21,458.3,3769.5,757.74
1994-11-22,450.09,3677.99,741.21
1994-11-23,449.93,3674.63,736.7
1994-11-24,,,
1994-11-25,452.29,3708.27,742.52
1994-11-26,,,
1994-11-28,454.16,3739.56,745.73
1994-11-29,455.17,3738.55,751.48
1994-11-30,453.69,3739.22,750.32
1994-12-01,448.92,3700.87,741.19
1994-12-02,453.3,3745.62,745.02
1994-12-03,,,
1994-12-05,453.32,3741.91,745.71
1994-12-06,453.11,3745.95,741.23
1994-12-07,451.23,3735.52,734.27
1994-12-08,445.45,3685.73,719.12
1994-12-09,446.96,3691.11,719.05
1994-12-10,,,
1994-12-12,449.47,3718.36,719.12
1994-12-13,450.15,3715.34,719.48
1994-12-14,454.97,3746.29,725.67
1994-12-15,455.34,3765.47,730.68
1994-12-16,458.8,3807.18,729.07
1994-12-17,,,
1994-12-19,457.91,3790.7,727.89
1994-12-20,457.1,3767.15,728.51
1994-12-21,459.61,3801.8,737.12
1994-12-22,459.67,3814.92,739.34
1994-12-23,459.83,3833.43,742.19
1994-12-24,,,
1994-12-26,,,
1994-12-27,462.47,3861.69,746.19
1994-12-28,460.86,3839.48,742.46
1994-12-29,461.16,3833.43,749.52
1994-12-30,459.27,3834.44,751.96
1995-01-02,,,
1995-01-03,459.11,3838.47,743.58
1995-01-04,460.71,3857.65,745.83
1995-01-05,460.34,3850.92,745.66
1995-01-06,460.68,3867.41,749.69
1995-01-07,,,
1995-01-09,460.83,3861.35,752.09
1995-01-10,461.68,3866.73,756.52
1995-01-11,461.66,3862.02,755.73
1995-01-12,461.64,3859.0,756.51
1995-01-13,465.97,3908.45,762.16
1995-01-14,,,
1995-01-16,469.38,3932.34,768.18
1995-01-17,470.05,3930.66,772.14
1995-01-18,469.72,3928.98,772.38
1995-01-19,466.95,3882.21,768.55
1995-01-20,464.78,3869.43,762.05
1995-01-21,,,
1995-01-23,465.81,3867.41,759.52
1995-01-24,465.86,3862.7,763.2
1995-01-25,467.44,3871.44,760.98
1995-01-26,468.32,3870.44,757.56
1995-01-27,470.39,3857.99,758.91
1995-01-28,,,
1995-01-30,468.51,3832.08,751.83
1995-01-31,470.42,3843.86,755.2
1995-02-01,470.4,3847.56,758.31
1995-02-02,472.78,3870.77,763.63
1995-02-03,478.64,3928.64,772.03
1995-02-04,,,
1995-02-06,481.14,3937.72,778.83
1995-02-07,480.81,3937.39,778.97
1995-02-08,481.19,3935.37,783.78
1995-02-09,480.19,3932.68,785.44
1995-02-10,481.46,3939.07,790.43
1995-02-11,,,
1995-02-13,481.65,3954.21,789.42
1995-02-14,482.55,3958.25,790.62
1995-02-15,484.54,3986.17,795.63
1995-02-16,485.22,3987.52,793.31
1995-02-17,481.97,3953.54,786.96
1995-02-18,,,
1995-02-20,,,
1995-02-21,482.74,3963.97,784.61
1995-02-22,485.07,3973.05,787.9
1995-02-23,486.91,4003.33,791.35
1995-02-24,488.11,4011.74,791.08
1995-02-25,,,
1995-02-27,483.81,3988.57,784.49
1995-02-28,487.39,4011.05,793.74
1995-03-01,485.65,3994.8,791.87
1995-03-02,485.13,3979.92,793.68
1995-03-03,485.42,3989.61,798.79
1995-03-04,,,
1995-03-06,485.63,3997.56,797.78
1995-03-07,482.12,3962.63,791.33
1995-03-08,483.14,3979.23,795.81
1995-03-09,483.16,3983.38,796.24
1995-03-10,489.57,4035.6,802.22
1995-03-11,,,
1995-03-13,490.05,4025.23,802.31
1995-03-14,492.89,4048.75,808.24
1995-03-15,491.88,4038.37,807.38
1995-03-16,495.41,4069.15,809.33
1995-03-17,495.52,4073.65,808.33
1995-03-18,,,
1995-03-20,496.15,4083.68,810.49
1995-03-21,495.07,4072.61,809.78
1995-03-22,495.67,4082.98,809.1
1995-03-23,495.95,4087.83,811.38
1995-03-24,500.97,4138.66,818.67
1995-03-25,,,
1995-03-27,503.2,4157.34,822.63
1995-03-28,503.9,4151.81,826.14
1995-03-29,503.12,4160.8,819.16
1995-03-30,502.22,4172.56,816.86
1995-03-31,500.71,4157.69,817.21
1995-04-01,,,
1995-04-03,501.85,4168.41,818.05
1995-04-04,505.24,4201.61,813.72
1995-04-05,505.57,4200.57,816.32
1995-04-06,506.08,4205.41,813.79
1995-04-07,506.42,4192.62,814.69
1995-04-08,,,
1995-04-10,507.01,4198.15,821.26
1995-04-11,505.53,4187.08,824.83
1995-04-12,507.17,4197.8,828.53
1995-04-13,509.23,4208.18,832.64
1995-04-14,,,
1995-04-15,,,
1995-04-17,506.13,4195.38,830.82
1995-04-18,505.37,4179.13,825.74
1995-04-19,504.92,4207.49,816.55
1995-04-20,505.29,4230.66,819.01
1995-04-21,508.49,4270.08,823.44
1995-04-22,,,
1995-04-24,512.89,4303.98,828.91
1995-04-25,512.1,4300.17,831.29
1995-04-26,512.66,4299.83,836.91
1995-04-27,513.55,4314.7,840.95
1995-04-28,514.71,4321.27,843.98
1995-04-29,,,
1995-05-01,514.26,4316.08,841.63
1995-05-02,514.86,4328.88,841.79
1995-05-03,520.48,4373.14,850.26
1995-05-04,520.54,4359.66,846.75
1995-05-05,520.12,4343.4,843.54
1995-05-06,,,
1995-05-08,523.96,4383.86,849.29
1995-05-09,523.56,4390.78,848.18
1995-05-10,524.36,4404.62,847.62
1995-05-11,524.37,4411.19,853.83
1995-05-12,525.55,4430.55,858.94
1995-05-13,,,
1995-05-15,527.74,4437.47,863.06
1995-05-16,528.19,4435.05,868.25
1995-05-17,527.07,4422.6,871.93
1995-05-18,519.58,4340.63,864.06
1995-05-19,519.19,4341.33,864.32
1995-05-20,,,
1995-05-22,523.65,4395.62,871.18
1995-05-23,528.59,4436.43,879.64
1995-05-24,528.61,4438.16,877.99
1995-05-25,528.59,4412.22,877.32
1995-05-26,523.65,4368.99,871.87
1995-05-27,,,
1995-05-29,,,
1995-05-30,523.58,4378.68,858.7
1995-05-31,533.4,4465.14,864.58
1995-06-01,533.49,4472.75,868.82
1995-06-02,532.51,4444.39,872.97
1995-06-03,,,
1995-06-05,535.6,4476.55,882.85
1995-06-06,535.55,4485.2,879.4
1995-06-07,533.13,4462.02,881.58
1995-06-08,532.35,4458.57,886.13
1995-06-09,527.94,4423.99,884.38
1995-06-10,,,
1995-06-12,530.88,4446.46,887.98
1995-06-13,536.05,4484.5,894.23
1995-06-14,536.47,4491.08,895.72
1995-06-15,537.12,4496.26,902.68
1995-06-16,539.83,4510.79,908.64
1995-06-17,,,
1995-06-19,545.22,4553.67,922.09
1995-06-20,544.98,4550.56,929.84
1995-06-21,543.98,4547.1,929.19
1995-06-22,551.07,4589.64,940.09
1995-06-23,549.71,4585.84,938.95
1995-06-24,,,
1995-06-26,544.13,4551.25,926.98
1995-06-27,542.43,4542.61,919.56
1995-06-28,544.73,4556.78,920.52
1995-06-29,543.87,4550.56,926.81
1995-06-30,544.75,4556.09,933.45
1995-07-01,,,
1995-07-03,547.09,4585.14,934.53
1995-07-04,,,
1995-07-05,547.26,4615.23,941.82
1995-07-06,553.99,4664.0,952.93
1995-07-07,556.37,4702.73,969.75
1995-07-08,,,
1995-07-10,557.19,4702.38,976.63
1995-07-11,554.78,4680.6,970.22
1995-07-12,560.89,4727.28,988.63
1995-07-13,561.0,4727.48,994.15
1995-07-14,559.89,4708.82,999.33
1995-07-15,,,
1995-07-17,562.72,4736.29,1005.89
1995-07-18,558.46,4686.28,988.53
1995-07-19,550.98,4628.87,952.83
1995-07-20,553.54,4641.55,960.57
1995-07-21,553.62,4641.55,961.77
1995-07-22,,,
1995-07-24,556.63,4668.67,978.57
1995-07-25,561.1,4714.45,993.76
1995-07-26,561.61,4707.06,1000.17
1995-07-27,565.22,4732.77,1010.66
1995-07-28,562.93,4715.51,1005.28
1995-07-29,,,
1995-07-31,562.06,4708.47,1001.21
1995-08-01,559.64,4700.36,991.11
1995-08-02,558.8,4690.15,983.75
1995-08-03,558.75,4701.42,982.7
1995-08-04,558.94,4683.46,991.11
1995-08-05,,,
1995-08-07,560.03,4693.32,995.22
1995-08-08,560.39,4693.32,997.12
1995-08-09,559.71,4671.49,1005.04
1995-08-10,557.45,4643.66,1000.61
1995-08-11,555.11,4618.3,1004.11
1995-08-12,,,
1995-08-14,559.74,4659.86,1012.44
1995-08-15,558.57,4640.84,1012.37
1995-08-16,559.97,4639.08,1025.75
1995-08-17,559.04,4630.63,1029.25
1995-08-18,559.21,4617.6,1031.28
1995-08-19,,,
1995-08-21,558.11,4614.78,1019.7
1995-08-22,559.52,4620.42,1025.29
1995-08-23,557.14,4584.85,1028.19
1995-08-24,557.46,4580.62,1020.93
1995-08-25,560.1,4601.4,1019.98
1995-08-26,,,
1995-08-28,559.05,4594.0,1008.16
1995-08-29,560.0,4608.44,1003.65
1995-08-30,560.92,4604.57,1012.61
1995-08-31,561.88,4610.56,1020.11
1995-09-01,563.84,4647.54,1019.47
1995-09-02,,,
1995-09-04,,,
1995-09-05,569.17,4670.08,1039.3
1995-09-06,570.17,4683.81,1044.27
1995-09-07,570.29,4669.72,1051.08
1995-09-08,572.68,4700.72,1060.03
1995-09-11,573.91,4704.94,1066.56
1995-09-12,576.51,4747.21,1065.0
1995-09-13,578.77,4765.52,1067.4
1995-09-14,583.61,4801.8,1066.96
1995-09-15,583.35,4797.57,1051.1
1995-09-16,,,
1995-09-18,582.77,4780.41,1050.18
1995-09-19,584.2,4767.04,1060.31
1995-09-20,586.77,4792.69,1065.09
1995-09-21,583.0,4767.4,1058.51
1995-09-22,581.73,4764.15,1053.39
1995-09-23,,,
1995-09-25,581.81,4769.93,1046.15
1995-09-26,581.41,4765.6,1038.05
1995-09-27,581.04,4762.34,1026.54
1995-09-28,585.87,4787.63,1047.05
1995-09-29,584.41,4789.08,1043.54
1995-09-30,,,
1995-10-02,581.72,4761.26,1027.59
1995-10-03,582.34,4749.7,1020.45
1995-10-04,581.47,4740.67,1002.27
1995-10-05,582.63,4762.71,1014.2
1995-10-06,582.49,4769.21,1012.03
1995-10-07,,,
1995-10-09,578.37,4726.22,984.74
1995-10-10,577.52,4720.8,983.47
1995-10-11,579.46,4735.25,1001.57
1995-10-12,583.1,4764.87,1015.63
1995-10-13,584.5,4793.78,1018.37
1995-10-14,,,
1995-10-16,583.03,4784.38,1018.13
1995-10-17,586.78,4795.94,1035.44
1995-10-18,587.44,4777.52,1045.13
1995-10-19,590.65,4802.45,1046.97
1995-10-20,587.46,4794.86,1039.53
1995-10-21,,,
1995-10-23,585.06,4755.48,1036.92
1995-10-24,586.54,4783.66,1039.24
1995-10-25,582.47,4753.67,1026.47
1995-10-26,576.72,4703.82,1017.59
1995-10-27,579.7,4741.75,1025.55
1995-10-28,,,
1995-10-30,583.25,4756.56,1039.69
1995-10-31,581.5,4755.48,1036.06
1995-11-01,584.22,4766.68,1040.5
1995-11-02,589.72,4808.59,1057.32
1995-11-03,590.57,4825.57,1065.66
1995-11-04,,,
1995-11-06,588.46,4814.01,1062.14
1995-11-07,586.32,4797.03,1043.9
1995-11-08,591.71,4852.66,1047.94
1995-11-09,593.26,4864.22,1065.6
1995-11-10,592.72,4870.37,1063.87
1995-11-11,,,
1995-11-13,592.3,4872.89,1058.46
1995-11-14,589.29,4871.81,1040.62
1995-11-15,593.96,4922.75,1041.85
1995-11-16,597.34,4969.36,1044.48
1995-11-17,600.07,4989.95,1045.03
1995-11-18,,,
1995-11-20,596.85,4983.08,1029.47
1995-11-21,600.24,5023.55,1024.99
1995-11-22,598.4,5041.61,1021.24
1995-11-23,,,
1995-11-24,599.97,5048.84,1030.17
1995-11-25,,,
1995-11-27,601.32,5070.87,1029.32
1995-11-28,606.45,5078.1,1050.04
1995-11-29,607.64,5105.56,1057.57
1995-11-30,605.37,5074.49,1059.22
1995-12-01,606.98,5087.13,1055.3
1995-12-02,,,
1995-12-04,613.68,5139.52,1069.79
1995-12-05,617.68,5177.45,1065.89
1995-12-06,620.18,5199.13,1061.73
1995-12-07,616.17,5159.39,1053.17
1995-12-08,617.48,5156.86,1062.41
1995-12-09,,,
1995-12-11,619.52,5184.32,1061.49
1995-12-12,618.78,5174.92,1052.07
1995-12-13,621.69,5216.47,1056.54
1995-12-14,616.92,5182.15,1038.19
1995-12-15,616.34,5176.73,1030.47
1995-12-16,,,
1995-12-18,606.81,5075.21,1002.56
1995-12-19,611.93,5109.89,1026.4
1995-12-20,605.94,5059.31,1025.27
1995-12-21,610.49,5096.52,1040.64
1995-12-22,611.96,5097.97,1046.89
1995-12-23,,,
1995-12-25,,,
1995-12-26,614.3,5110.25,1049.36
1995-12-27,614.53,5105.92,1048.13
1995-12-28,614.12,5095.8,1042.22
1995-12-29,615.93,5117.12,1052.14
1996-01-02,620.73,5177.45,1058.65
1996-01-03,621.32,5194.07,1046.26
1996-01-04,617.7,5173.84,1029.81
1996-01-05,616.71,5181.42,1033.47
1996-01-06,,,
1996-01-08,618.46,5197.68,1032.37
1996-01-09,609.45,5130.12,998.82
1996-01-10,598.48,5032.94,990.21
1996-01-11,602.69,5065.09,1011.1
1996-01-12,601.81,5061.12,1008.23
1996-01-13,,,
1996-01-15,599.82,5043.78,988.57
1996-01-16,608.44,5088.22,995.87
1996-01-17,606.37,5066.9,998.3
1996-01-18,608.24,5124.34,1007.24
1996-01-19,611.83,5184.68,1018.45
1996-01-20,,,
1996-01-22,613.4,5219.36,1029.44
1996-01-23,612.79,5192.26,1028.03
1996-01-24,619.96,5242.84,1043.46
1996-01-25,617.03,5216.83,1035.96
1996-01-26,621.62,5271.74,1040.96
1996-01-27,,,
1996-01-29,624.22,5304.98,1042.5
1996-01-30,630.15,5381.21,1051.3
1996-01-31,636.02,5395.3,1059.79
1996-02-01,638.46,5405.05,1069.45
1996-02-02,635.84,5373.99,1072.15
1996-02-03,,,
1996-02-05,641.43,5407.58,1083.36
1996-02-06,646.33,5459.61,1089.09
1996-02-07,649.93,5492.12,1084.88
1996-02-08,656.07,5539.45,1093.17
1996-02-09,656.37,5541.62,1094.59
1996-02-10,,,
1996-02-12,661.45,5600.14,1095.38
1996-02-13,660.51,5601.23,1087.22
1996-02-14,655.58,5579.55,1088.03
1996-02-15,651.32,5551.37,1090.54
1996-02-16,647.98,5503.32,1090.71
1996-02-17,,,
1996-02-19,,,
1996-02-20,640.65,5458.52,1083.24
1996-02-21,648.1,5515.97,1096.85
1996-02-22,658.86,5608.45,1117.11
1996-02-23,659.08,5630.49,1117.79
1996-02-24,,,
1996-02-26,650.46,5565.1,1113.04
1996-02-27,647.24,5549.2,1106.16
1996-02-28,644.75,5506.21,1107.55
1996-02-29,640.43,5485.62,1100.05
1996-03-01,644.37,5536.56,1086.06
1996-03-02,,,
1996-03-04,650.81,5600.14,1084.88
1996-03-05,655.79,5642.41,1096.82
1996-03-06,652.0,5629.77,1091.82
1996-03-07,653.65,5641.69,1093.12
1996-03-08,633.5,5470.45,1063.73
1996-03-09,,,
1996-03-11,640.02,5581.0,1080.51
1996-03-12,637.09,5583.89,1073.05
1996-03-13,638.55,5568.71,1088.64
1996-03-14,640.87,5586.06,1091.07
1996-03-15,641.43,5584.97,1099.59
1996-03-16,,,
1996-03-18,652.65,5683.6,1114.42
1996-03-19,651.69,5669.51,1112.5
1996-03-20,649.98,5655.42,1101.83
1996-03-21,649.19,5626.88,1099.79
1996-03-22,650.62,5636.63,1102.23
1996-03-23,,,
1996-03-25,650.04,5643.86,1087.09
1996-03-26,652.97,5670.59,1088.33
1996-03-27,648.91,5626.88,1093.88
1996-03-28,648.94,5630.85,1094.84
1996-03-29,645.5,5587.14,1101.38
1996-03-30,,,
1996-04-01,653.73,5637.72,1106.57
1996-04-02,655.26,5671.68,1111.3
1996-04-03,655.88,5689.74,1115.86
1996-04-04,655.86,5682.88,1118.21
1996-04-05,,,
1996-04-06,,,
1996-04-08,644.24,5594.37,1105.66
1996-04-09,642.19,5560.4,1109.15
1996-04-10,633.5,5485.98,1105.29
1996-04-11,631.18,5487.06,1097.14
1996-04-12,636.71,5532.59,1100.94
1996-04-13,,,
1996-04-15,642.49,5592.92,1110.44
1996-04-16,645.0,5620.01,1124.91
1996-04-17,641.61,5549.93,1120.87
1996-04-18,643.61,5551.73,1136.3
1996-04-19,645.07,5535.48,1138.7
1996-04-20,,,
1996-04-22,647.89,5564.74,1153.5
1996-04-23,651.58,5588.58,1166.76
1996-04-24,650.17,5553.9,1176.83
1996-04-25,652.87,5566.91,1184.17
1996-04-26,653.46,5567.99,1186.89
1996-04-27,,,
1996-04-29,654.16,5573.41,1188.2
1996-04-30,654.17,5569.07,1190.52
1996-05-01,654.58,5575.22,1199.66
1996-05-02,643.38,5498.26,1178.26
1996-05-03,641.63,5478.03,1184.6
1996-05-04,,,
1996-05-06,640.81,5464.3,1186.3
1996-05-07,638.26,5420.95,1182.68
1996-05-08,644.77,5474.06,1183.27
1996-05-09,645.44,5475.14,1187.83
1996-05-10,652.09,5518.14,1202.76
1996-05-11,,,
1996-05-13,661.51,5582.6,1221.87
1996-05-14,665.6,5624.7,1234.48
1996-05-15,665.42,5625.44,1233.56
1996-05-16,664.85,5635.04,1239.28
1996-05-17,668.91,5687.5,1241.88
1996-05-18,,,
1996-05-20,673.15,5748.82,1248.12
1996-05-21,672.76,5736.26,1244.42
1996-05-22,678.42,5778.0,1247.38
1996-05-23,676.0,5762.11,1248.65
1996-05-24,678.51,5762.85,1247.81
1996-05-25,,,
1996-05-27,,,
1996-05-28,672.23,5709.66,1236.3
1996-05-29,667.93,5673.83,1225.63
1996-05-30,671.7,5693.41,1233.48
1996-05-31,669.12,5643.17,1243.44
1996-06-01,,,
1996-06-03,667.68,5624.7,1238.73
1996-06-04,672.56,5665.71,1243.68
1996-06-05,678.44,5697.47,1249.14
1996-06-06,673.03,5667.18,1232.54
1996-06-07,673.31,5697.1,1229.77
1996-06-08,,,
1996-06-10,672.16,5687.87,1230.04
1996-06-11,670.97,5668.66,1230.73
1996-06-12,669.04,5668.29,1235.47
1996-06-13,667.92,5657.95,1225.65
1996-06-14,665.85,5649.45,1213.19
1996-06-15,,,
1996-06-17,665.16,5652.78,1207.64
1996-06-18,662.06,5628.03,1183.07
1996-06-19,661.96,5648.34,1179.27
1996-06-20,662.1,5659.42,1167.34
1996-06-21,666.84,5705.23,1175.34
1996-06-22,,,
1996-06-24,668.85,5717.79,1182.91
1996-06-25,668.48,5719.27,1172.59
1996-06-26,664.39,5682.7,1153.28
1996-06-27,668.55,5677.52,1166.01
1996-06-28,670.63,5654.62,1185.02
1996-06-29,,,
1996-07-01,675.88,5729.98,1197.45
1996-07-02,673.61,5720.37,1191.15
1996-07-03,672.4,5703.01,1181.6
1996-07-04,,,
1996-07-05,657.44,5588.13,1158.35
1996-07-06,,,
1996-07-08,652.54,5550.82,1148.83
1996-07-09,654.75,5581.85,1153.59
1996-07-10,656.06,5603.65,1141.19
1996-07-11,645.67,5520.53,1106.35
1996-07-12,646.19,5510.56,1103.49
1996-07-13,,,
1996-07-15,629.8,5349.51,1060.38
1996-07-16,628.37,5358.75,1053.49
1996-07-17,634.07,5376.88,1086.65
1996-07-18,643.56,5464.18,1109.82
1996-07-19,638.73,5426.82,1097.68
1996-07-20,,,
1996-07-22,633.77,5390.94,1081.39
1996-07-23,626.87,5346.55,1049.05
1996-07-24,626.65,5354.68,1042.36
1996-07-25,631.17,5422.01,1062.39
1996-07-26,635.9,5473.05,1079.43
1996-07-27,,,
1996-07-29,630.91,5434.58,1066.43
1996-07-30,635.26,5481.93,1071.96
1996-07-31,639.95,5528.91,1080.6
1996-08-01,650.02,5594.75,1098.81
1996-08-02,662.49,5679.83,1124.92
1996-08-03,,,
1996-08-05,660.23,5674.28,1120.53
1996-08-06,662.38,5696.1,1128.86
1996-08-07,664.16,5718.67,1141.11
1996-08-08,662.59,5713.49,1137.51
1996-08-09,662.1,5681.31,1137.27
1996-08-10,,,
1996-08-12,665.77,5704.98,1138.27
1996-08-13,660.2,5647.28,1126.07
1996-08-14,662.05,5666.88,1133.51
1996-08-15,662.28,5665.77,1134.69
1996-08-16,665.21,5689.45,1133.65
1996-08-17,,,
1996-08-19,666.58,5699.43,1130.91
1996-08-20,665.69,5721.26,1124.67
1996-08-21,665.07,5689.82,1126.86
1996-08-22,670.68,5733.46,1143.91
1996-08-23,667.03,5722.74,1143.06
1996-08-24,,,
1996-08-26,663.88,5693.88,1139.22
1996-08-27,666.4,5711.27,1149.02
1996-08-28,664.81,5712.38,1153.88
1996-08-29,657.4,5647.65,1145.03
1996-08-30,651.99,5616.2,1141.5
1996-08-31,,,
1996-09-02,,,
1996-09-03,654.72,5648.39,1142.29
1996-09-04,655.61,5656.89,1143.82
1996-09-05,649.44,5606.96,1125.66
1996-09-06,655.68,5659.85,1139.39
1996-09-07,,,
1996-09-09,663.76,5733.83,1148.71
1996-09-10,663.81,5727.18,1149.43
1996-09-11,667.28,5754.92,1153.95
1996-09-12,671.15,5771.93,1165.81
1996-09-13,680.54,5838.52,1188.67
1996-09-14,,,
1996-09-16,683.98,5889.19,1193.96
1996-09-17,682.94,5888.82,1203.31
1996-09-18,681.47,5877.35,1205.71
1996-09-19,683.0,5867.74,1212.09
1996-09-20,687.03,5888.45,1219.69
1996-09-21,,,
1996-09-23,686.48,5894.74,1211.47
1996-09-24,685.61,5874.03,1215.27
1996-09-25,685.83,5877.35,1224.66
1996-09-26,685.86,5868.85,1227.98
1996-09-27,686.19,5872.92,1230.05
1996-09-30,687.31,5882.16,1226.91
1996-10-01,689.08,5904.9,1221.51
1996-10-02,694.01,5933.97,1236.11
1996-10-03,692.78,5932.85,1233.09
1996-10-04,701.46,5992.85,1247.56
1996-10-05,,,
1996-10-07,703.34,5979.81,1250.87
1996-10-08,700.64,5966.76,1240.15
1996-10-09,696.74,5930.61,1237.98
1996-10-10,694.61,5921.67,1236.97
1996-10-11,700.66,5969.37,1248.27
1996-10-12,,,
1996-10-14,703.54,6010.0,1256.36
1996-10-15,702.57,6004.78,1258.1
1996-10-16,704.41,6020.8,1250.99
1996-10-17,706.99,6059.19,1241.96
1996-10-18,710.82,6094.22,1242.48
1996-10-19,,,
1996-10-21,709.85,6090.87,1236.41
1996-10-22,706.57,6061.8,1220.0
1996-10-23,707.27,6036.46,1227.88
1996-10-24,702.29,5992.48,1227.0
1996-10-25,700.92,6007.01,1222.6
1996-10-26,,,
1996-10-28,697.26,5972.73,1215.89
1996-10-29,701.5,6007.01,1203.05
1996-10-30,700.9,5993.23,1206.23
1996-10-31,705.27,6029.38,1221.51
1996-11-01,703.77,6021.92,1221.78
1996-11-02,,,
1996-11-04,706.73,6041.67,1220.48
1996-11-05,714.14,6081.18,1229.07
1996-11-06,724.59,6177.71,1245.49
1996-11-07,727.65,6206.03,1254.14
1996-11-08,730.82,6219.82,1257.51
1996-11-09,,,
1996-11-11,731.87,6255.6,1262.67
1996-11-12,729.56,6266.03,1256.53
1996-11-13,731.13,6274.23,1260.72
1996-11-14,735.88,6312.99,1270.36
1996-11-15,737.62,6348.03,1261.8
1996-11-16,,,
1996-11-18,737.02,6346.91,1254.57
1996-11-19,742.16,6397.59,1262.62
1996-11-20,743.95,6430.02,1264.94
1996-11-21,742.75,6418.46,1258.08
1996-11-22,748.73,6471.76,1274.36
1996-11-25,757.03,6547.79,1280.37
1996-11-26,755.96,6528.41,1281.2
1996-11-27,755.0,6499.34,1287.32
1996-11-28,,,
1996-11-29,757.02,6521.7,1292.61
1996-11-30,,,
1996-12-02,756.56,6521.7,1299.82
1996-12-03,748.28,6442.69,1300.37
1996-12-04,745.1,6422.94,1297.02
1996-12-05,744.38,6437.1,1300.12
1996-12-06,739.6,6381.94,1287.68
1996-12-07,,,
1996-12-09,749.81,6463.93,1316.27
1996-12-10,747.54,6473.25,1312.55
1996-12-11,740.73,6402.51,1309.12
1996-12-12,729.33,6303.71,1298.33
1996-12-13,728.64,6304.86,1284.91
1996-12-14,,,
1996-12-16,720.98,6268.34,1260.98
1996-12-17,726.04,6308.32,1266.32
1996-12-18,731.54,6346.77,1285.38
1996-12-19,745.76,6473.63,1295.86
1996-12-20,748.87,6484.4,1288.56
1996-12-21,,,
1996-12-23,746.92,6489.01,1279.52
1996-12-24,751.03,6522.84,1287.63
1996-12-25,,,
1996-12-26,755.82,6546.68,1294.57
1996-12-27,756.79,6560.9,1291.38
1996-12-30,753.85,6549.37,1287.75
1996-12-31,740.74,6448.26,1291.03
1997-01-02,737.01,6442.49,1280.7
1997-01-03,748.03,6544.08,1310.68
1997-01-04,,,
1997-01-06,747.65,6567.17,1316.4
1997-01-07,753.23,6600.65,1327.73
1997-01-08,748.41,6549.47,1320.35
1997-01-09,754.85,6625.67,1326.2
1997-01-10,759.5,6703.79,1332.02
1997-01-11,,,
1997-01-13,759.51,6709.18,1330.91
1997-01-14,768.86,6762.28,1346.36
1997-01-15,767.2,6726.88,1333.53
1997-01-16,769.75,6765.36,1340.58
1997-01-17,776.17,6833.09,1349.04
1997-01-18,,,
1997-01-20,776.7,6843.87,1364.28
1997-01-21,782.72,6883.89,1376.97
1997-01-22,786.23,6850.03,1388.06
1997-01-23,777.56,6755.74,1378.37
1997-01-24,770.52,6696.48,1363.83
1997-01-25,,,
1997-01-27,765.02,6660.69,1352.81
1997-01-28,765.02,6656.07,1354.37
1997-01-29,772.5,6740.73,1355.17
1997-01-30,784.17,6823.86,1371.02
1997-01-31,786.16,6813.08,1379.85
1997-02-01,,,
1997-02-03,786.73,6806.16,1376.05
1997-02-04,789.26,6833.48,1373.75
1997-02-05,778.28,6746.89,1348.44
1997-02-06,780.15,6773.06,1346.4
1997-02-07,789.56,6855.8,1357.71
1997-02-10,785.43,6806.54,1335.34
1997-02-11,789.59,6858.11,1331.51
1997-02-12,802.77,6961.63,1358.96
1997-02-13,811.82,7022.43,1370.81
1997-02-14,808.48,6988.95,1367.19
1997-02-15,,,
1997-02-17,,,
1997-02-18,816.29,7067.46,1365.79
1997-02-19,812.49,7020.12,1365.58
1997-02-20,802.8,6927.38,1347.4
1997-02-21,801.77,6931.61,1334.32
1997-02-22,,,
1997-02-24,810.28,7008.19,1345.08
1997-02-25,812.1,7038.21,1347.69
1997-02-26,805.68,6983.18,1340.55
1997-02-27,795.07,6925.07,1312.66
1997-02-28,790.82,6877.73,1309.0
1997-03-03,795.31,6918.91,1311.18
1997-03-04,790.95,6852.72,1317.37
1997-03-05,801.99,6945.85,1329.09
1997-03-06,798.56,6944.7,1315.43
1997-03-07,804.97,7000.88,1311.8
1997-03-08,,,
1997-03-10,813.65,7079.39,1322.72
1997-03-11,811.34,7085.16,1316.76
1997-03-12,804.26,7039.36,1304.13
1997-03-13,789.56,6878.89,1293.28
1997-03-14,793.17,6935.46,1292.97
1997-03-15,,,
1997-03-17,795.71,6955.48,1279.43
1997-03-18,789.66,6896.56,1269.34
1997-03-19,785.77,6877.68,1249.29
1997-03-20,782.65,6820.27,1259.26
1997-03-21,784.1,6804.79,1254.07
1997-03-22,,,
1997-03-24,790.89,6905.25,1242.64
1997-03-25,789.07,6876.17,1248.06
1997-03-26,790.5,6880.7,1269.08
1997-03-27,773.88,6740.58,1249.51
1997-03-28,,,
1997-03-29,,,
1997-03-31,757.12,6583.47,1221.7
1997-04-01,759.64,6611.04,1216.93
1997-04-02,750.11,6517.01,1201.0
1997-04-03,750.32,6477.35,1213.76
1997-04-04,757.9,6526.07,1236.73
1997-04-07,762.13,6555.9,1251.35
1997-04-08,766.12,6609.16,1257.37
1997-04-09,760.6,6563.84,1249.43
1997-04-10,758.34,6540.04,1235.77
1997-04-11,737.65,6391.69,1206.9
1997-04-12,,,
1997-04-14,743.73,6451.89,1216.41
1997-04-15,754.72,6587.15,1212.88
1997-04-16,763.53,6679.87,1210.27
1997-04-17,761.77,6658.6,1217.07
1997-04-18,766.34,6703.55,1222.57
1997-04-19,,,
1997-04-21,760.37,6660.2,1203.95
1997-04-22,774.61,6833.59,1212.74
1997-04-23,773.64,6812.72,1227.14
1997-04-24,771.18,6792.25,1228.1
1997-04-25,765.37,6738.87,1209.29
1997-04-26,,,
1997-04-28,772.96,6783.02,1217.03
1997-04-29,794.05,6962.03,1242.63
1997-04-30,801.34,7008.99,1260.76
1997-05-01,798.53,6976.47,1270.5
1997-05-02,812.97,7071.2,1305.33
1997-05-03,,,
1997-05-05,830.24,7214.48,1339.24
1997-05-06,827.76,7225.32,1328.3
1997-05-07,815.62,7085.65,1322.91
1997-05-08,820.26,7136.62,1330.83
1997-05-09,824.78,7169.53,1335.05
1997-05-10,,,
1997-05-12,837.66,7292.74,1344.19
1997-05-13,833.13,7274.2,1333.59
1997-05-14,836.04,7286.15,1335.55
1997-05-15,841.88,7333.54,1353.58
1997-05-16,829.75,7194.67,1340.73
1997-05-17,,,
1997-05-19,833.27,7228.87,1341.24
1997-05-20,841.66,7303.46,1363.88
1997-05-21,839.35,7290.68,1373.75
1997-05-22,835.66,7258.13,1372.6
1997-05-23,847.03,7345.9,1389.72
1997-05-24,,,
1997-05-26,,,
1997-05-27,849.71,7383.4,1409.21
1997-05-28,847.21,7357.22,1410.18
1997-05-29,844.08,7330.18,1403.04
1997-05-30,848.28,7331.04,1400.32
1997-05-31,,,
1997-06-02,846.36,7289.4,1404.79
1997-06-03,845.48,7312.15,1384.91
1997-06-04,840.11,7269.65,1379.67
1997-06-05,843.43,7305.28,1390.05
1997-06-06,858.01,7435.77,1404.84
1997-06-07,,,
1997-06-09,862.91,7478.49,1412.04
1997-06-10,865.27,7539.27,1401.69
1997-06-11,869.57,7575.82,1407.85
1997-06-12,883.48,7711.46,1411.32
1997-06-13,893.27,7782.03,1423.03
1997-06-14,,,
1997-06-16,893.9,7772.08,1431.95
1997-06-17,894.42,7760.77,1443.11
1997-06-18,889.06,7718.7,1432.43
1997-06-19,897.99,7777.06,1447.14
1997-06-20,898.7,7796.51,1447.1
1997-06-21,,,
1997-06-23,878.62,7604.25,1434.32
1997-06-24,896.34,7758.06,1452.43
1997-06-25,888.99,7689.98,1446.24
1997-06-26,883.68,7654.24,1436.38
1997-06-27,887.3,7687.72,1438.15
1997-06-28,,,
1997-06-30,885.14,7672.79,1442.07
1997-07-01,891.03,7722.32,1438.25
1997-07-02,904.03,7795.38,1455.61
1997-07-03,916.92,7895.8,1467.61
1997-07-04,,,
1997-07-05,,,
1997-07-07,912.2,7858.48,1470.74
1997-07-08,918.75,7962.3,1485.1
1997-07-09,907.54,7842.43,1486.63
1997-07-10,913.78,7886.76,1490.93
1997-07-11,916.68,7921.81,1502.62
1997-07-12,,,
1997-07-14,918.38,7922.98,1523.88
1997-07-15,925.76,7975.7,1542.11
1997-07-16,936.59,8038.88,1580.63
1997-07-17,931.61,8020.76,1568.85
1997-07-18,915.3,7890.46,1547.99
1997-07-19,,,
1997-07-21,912.94,7906.72,1536.23
1997-07-22,933.98,8061.64,1563.86
1997-07-23,936.56,8088.35,1567.65
1997-07-24,940.3,8116.92,1569.13
1997-07-25,938.79,8113.44,1569.58
1997-07-26,,,
1997-07-28,936.45,8121.1,1563.53
1997-07-29,942.29,8174.52,1572.32
1997-07-30,952.29,8254.89,1588.05
1997-07-31,954.29,8222.61,1593.81
1997-08-01,947.14,8194.04,1594.33
1997-08-02,,,
1997-08-04,950.3,8198.45,1605.45
1997-08-05,952.37,8187.53,1621.53
1997-08-06,960.32,8259.3,1630.44
1997-08-07,951.19,8188.0,1624.18
1997-08-08,933.54,8031.22,1598.52
1997-08-09,,,
1997-08-11,937.0,8062.11,1586.74
1997-08-12,926.53,7960.84,1576.24
1997-08-13,922.02,7928.32,1583.4
1997-08-14,924.77,7942.02,1586.69
1997-08-15,900.81,7694.65,1562.03
1997-08-16,,,
1997-08-18,912.49,7803.36,1569.52
1997-08-19,926.01,7918.1,1600.71
1997-08-20,939.35,8021.23,1628.7
1997-08-21,925.05,7893.94,1607.36
1997-08-22,923.55,7887.9,1598.69
1997-08-23,,,
1997-08-25,920.16,7859.57,1601.57
1997-08-26,913.02,7782.22,1591.3
1997-08-27,913.7,7787.33,1595.54
1997-08-28,903.67,7694.42,1581.32
1997-08-29,899.47,7622.42,1587.32
1997-08-30,,,
1997-09-01,,,
1997-09-02,927.58,7879.78,1618.09
1997-09-03,927.86,7894.64,1618.24
1997-09-04,930.87,7867.23,1624.63
1997-09-05,929.05,7822.4,1635.77
1997-09-06,,,
1997-09-08,931.2,7835.18,1645.35
1997-09-09,933.62,7851.9,1656.22
1997-09-10,919.03,7719.27,1639.25
1997-09-11,912.59,7660.98,1639.86
1997-09-12,923.91,7742.97,1649.33
1997-09-13,,,
1997-09-15,919.77,7721.13,1634.92
1997-09-16,945.64,7895.92,1668.6
1997-09-17,943.0,7886.43,1666.47
1997-09-18,947.29,7922.72,1670.02
1997-09-19,950.51,7917.26,1680.36
1997-09-20,,,
1997-09-22,955.43,7996.83,1689.45
1997-09-23,951.93,7970.06,1697.36
1997-09-24,944.48,7906.7,1687.41
1997-09-25,937.91,7848.01,1678.89
1997-09-26,945.22,7922.17,1682.24
1997-09-27,,,
1997-09-29,953.34,7991.42,1694.98
1997-09-30,947.28,7945.25,1685.69
1997-10-01,955.41,8015.49,1690.3
1997-10-02,960.46,8027.52,1702.41
1997-10-03,965.03,8038.57,1715.87
1997-10-04,,,
1997-10-06,972.69,8100.21,1721.91
1997-10-07,983.12,8178.31,1737.27
1997-10-08,973.84,8095.05,1741.77
1997-10-09,970.62,8061.41,1745.85
1997-10-10,966.98,8045.2,1739.03
1997-10-11,,,
1997-10-13,968.1,8072.22,1742.12
1997-10-14,970.28,8096.28,1732.79
1997-10-15,965.72,8057.97,1723.37
1997-10-16,955.23,7938.87,1699.66
1997-10-17,944.16,7847.03,1666.85
1997-10-18,,,
1997-10-20,955.61,7921.44,1685.45
1997-10-21,972.28,8060.43,1712.54
1997-10-22,968.49,8034.64,1708.08
1997-10-23,950.69,7847.76,1671.25
1997-10-24,941.64,7715.4,1650.92
1997-10-25,,,
1997-10-27,876.99,7161.14,1535.09
1997-10-28,921.85,7498.31,1603.02
1997-10-29,919.16,7506.66,1602.75
1997-10-30,903.68,7381.67,1570.41
1997-10-31,914.62,7442.08,1593.61
1997-11-01,,,
1997-11-03,938.99,7674.39,1629.98
1997-11-04,940.76,7689.12,1631.15
1997-11-05,942.76,7692.56,1637.33
1997-11-06,938.03,7683.23,1623.44
1997-11-07,927.51,7581.32,1602.4
1997-11-08,,,
1997-11-10,921.13,7552.59,1590.72
1997-11-11,923.78,7558.72,1584.86
1997-11-12,905.96,7401.31,1541.72
1997-11-13,916.66,7487.76,1559.25
1997-11-14,928.35,7572.48,1583.51
1997-11-15,,,
1997-11-17,946.2,7698.21,1614.11
1997-11-18,938.23,7650.82,1600.44
1997-11-19,944.59,7724.73,1601.22
1997-11-20,958.98,7826.6,1626.56
1997-11-21,963.09,7881.06,1620.75
1997-11-22,,,
1997-11-24,946.67,7767.92,1586.99
1997-11-25,950.82,7808.95,1589.04
1997-11-26,951.64,7794.77,1594.5
1997-11-27,,,
1997-11-28,955.4,7823.12,1600.55
1997-11-29,,,
1997-12-01,974.78,8013.1,1630.72
1997-12-02,971.68,8018.82,1606.37
1997-12-03,976.77,8032.0,1615.13
1997-12-04,973.1,8050.16,1613.42
1997-12-05,983.79,8149.13,1633.9
1997-12-06,,,
1997-12-08,982.37,8110.83,1651.54
1997-12-09,975.78,8049.66,1620.55
1997-12-10,969.79,7978.79,1596.61
1997-12-11,954.94,7848.98,1558.54
1997-12-12,953.39,7838.29,1536.58
1997-12-13,,,
1997-12-15,963.39,7922.59,1536.56
1997-12-16,968.04,7976.3,1553.0
1997-12-17,965.54,7957.4,1547.38
1997-12-18,955.3,7846.49,1523.19
1997-12-19,946.78,7756.28,1524.74
1997-12-20,,,
1997-12-22,953.7,7819.31,1532.06
1997-12-23,939.13,7691.76,1509.91
1997-12-24,932.7,7660.12,1499.53
1997-12-25,,,
1997-12-26,936.46,7679.31,1511.38
1997-12-27,,,
1997-12-29,953.35,7792.4,1537.45
1997-12-30,970.84,7915.96,1565.03
1997-12-31,970.43,7908.24,1570.35
1998-01-02,975.04,7965.04,1581.53
1998-01-03,,,
1998-01-05,977.07,7978.99,1594.12
1998-01-06,966.58,7906.25,1580.14
1998-01-07,964.0,7902.26,1561.7
1998-01-08,956.05,7802.62,1555.54
1998-01-09,927.69,7580.41,1503.22
1998-01-10,,,
1998-01-12,939.21,7647.17,1507.58
1998-01-13,952.12,7732.12,1541.63
1998-01-14,957.94,7784.68,1548.76
1998-01-15,950.73,7691.76,1547.06
1998-01-16,961.51,7753.54,1562.88
1998-01-17,,,
1998-01-19,,,
1998-01-20,978.6,7873.12,1590.14
1998-01-21,970.81,7794.4,1587.92
1998-01-22,963.04,7730.87,1576.51
1998-01-23,957.59,7700.73,1575.93
1998-01-24,,,
1998-01-26,956.95,7712.94,1561.46
1998-01-27,969.02,7815.07,1578.9
1998-01-28,977.46,7915.46,1610.82
1998-01-29,985.49,7973.01,1619.49
1998-01-30,980.28,7906.5,1619.36
1998-01-31,,,
1998-02-02,1001.27,8107.78,1652.89
1998-02-03,1006.0,8160.34,1666.34
1998-02-04,1006.9,8129.7,1680.44
1998-02-05,1003.54,8117.24,1676.9
1998-02-06,1012.46,8189.49,1694.35
1998-02-07,,,
1998-02-09,1010.74,8180.52,1690.43
1998-02-10,1019.01,8295.61,1709.04
1998-02-11,1020.01,8314.54,1708.55
1998-02-12,1024.14,8369.59,1714.34
1998-02-13,1020.09,8370.09,1710.42
1998-02-14,,,
1998-02-16,,,
1998-02-17,1022.76,8398.49,1703.43
1998-02-18,1032.08,8451.05,1715.73
1998-02-19,1028.28,8375.57,1727.01
1998-02-20,1034.21,8413.93,1728.13
1998-02-21,,,
1998-02-23,1038.14,8410.2,1751.76
1998-02-24,1030.56,8370.09,1738.71
1998-02-25,1042.9,8457.77,1766.48
1998-02-26,1048.67,8490.66,1777.11
1998-02-27,1049.34,8545.71,1770.51
1998-02-28,,,
1998-03-02,1047.7,8550.44,1758.54
1998-03-03,1052.02,8584.82,1757.14
1998-03-04,1047.33,8539.24,1759.7
1998-03-05,1035.05,8444.32,1711.92
1998-03-06,1055.69,8569.38,1753.49
1998-03-07,,,
1998-03-09,1052.31,8567.14,1725.16
1998-03-10,1064.25,8643.11,1748.51
1998-03-11,1068.47,8675.75,1756.85
1998-03-12,1069.92,8659.55,1764.06
1998-03-13,1068.61,8602.51,1771.66
1998-03-14,,,
1998-03-16,1079.27,8718.84,1788.18
1998-03-17,1080.45,8749.98,1779.3
1998-03-18,1085.52,8775.39,1788.28
1998-03-19,1089.74,8803.04,1799.98
1998-03-20,1099.16,8906.42,1789.16
1998-03-21,,,
1998-03-23,1095.55,8816.25,1792.51
1998-03-24,1105.65,8904.43,1812.44
1998-03-25,1101.93,8872.79,1824.51
1998-03-26,1100.8,8846.88,1828.54
1998-03-27,1095.44,8796.07,1823.62
1998-03-28,,,
1998-03-30,1093.55,8782.12,1818.7
1998-03-31,1101.75,8799.8,1835.68
1998-04-01,1108.15,8868.31,1847.66
1998-04-02,1120.01,8986.64,1852.96
1998-04-03,1122.7,8983.4,1855.4
1998-04-04,,,
1998-04-06,1121.38,9033.22,1829.14
1998-04-07,1109.54,8956.49,1798.71
1998-04-08,1101.65,8891.48,1807.01
1998-04-09,1110.67,8994.86,1820.24
1998-04-10,,,
1998-04-11,,,
1998-04-13,1109.69,9012.29,1824.95
1998-04-14,1115.75,9110.19,1843.03
1998-04-15,1119.32,9162.26,1863.26
1998-04-16,1108.17,9076.56,1858.24
1998-04-17,1122.72,9167.49,1866.6
1998-04-18,,,
1998-04-20,1123.65,9141.83,1887.14
1998-04-21,1126.67,9184.93,1903.87
1998-04-22,1130.54,9176.71,1917.61
1998-04-23,1119.58,9143.32,1881.4
1998-04-24,1107.9,9064.61,1868.96
1998-04-25,,,
1998-04-27,1086.54,8917.63,1820.31
1998-04-28,1085.11,8898.95,1831.77
1998-04-29,1094.63,8951.51,1851.64
1998-04-30,1111.75,9063.36,1868.41
1998-05-01,1121.0,9147.06,1873.44
1998-05-02,,,
1998-05-04,1122.07,9192.65,1878.86
1998-05-05,1115.5,9147.56,1864.91
1998-05-06,1104.92,9054.64,1856.68
1998-05-07,1095.14,8976.67,1835.14
1998-05-08,1108.14,9055.14,1864.37
1998-05-09,,,
1998-05-11,1106.64,9091.51,1848.07
1998-05-12,1115.79,9161.76,1860.16
1998-05-13,1118.86,9211.83,1866.18
1998-05-14,1117.37,9172.22,1865.36
1998-05-15,1108.73,9095.99,1846.77
1998-05-16,,,
1998-05-18,1105.82,9050.91,1831.62
1998-05-19,1109.52,9054.64,1845.87
1998-05-20,1119.06,9171.48,1831.75
1998-05-21,1114.64,9132.36,1820.99
1998-05-22,1110.47,9114.43,1805.0
1998-05-23,,,
1998-05-25,,,
1998-05-26,1094.02,8963.72,1778.09
1998-05-27,1092.23,8936.56,1781.1
1998-05-28,1097.6,8970.2,1794.62
1998-05-29,1090.82,8899.95,1778.87
1998-05-30,,,
1998-06-01,1090.98,8922.37,1746.82
1998-06-02,1093.22,8891.23,1761.79
1998-06-03,1082.73,8803.79,1742.31
1998-06-04,1094.83,8870.55,1769.95
1998-06-05,1113.86,9037.7,1782.92
1998-06-08,1115.72,9069.59,1787.77
1998-06-09,1118.41,9049.91,1800.76
1998-06-10,1112.28,8971.69,1773.25
1998-06-11,1094.58,8811.76,1749.75
1998-06-12,1098.84,8834.93,1745.05
1998-06-13,,,
1998-06-15,1077.01,8627.92,1715.75
1998-06-16,1087.59,8665.28,1753.12
1998-06-17,1107.11,8829.45,1776.4
1998-06-18,1106.37,8813.0,1772.7
1998-06-19,1100.65,8712.86,1781.29
1998-06-20,,,
1998-06-22,1103.21,8711.12,1805.82
1998-06-23,1119.49,8828.45,1844.57
1998-06-24,1132.88,8923.86,1877.76
1998-06-25,1129.28,8935.57,1863.25
1998-06-26,1133.2,8944.53,1869.53
1998-06-27,,,
1998-06-29,1138.49,8997.35,1891.08
1998-06-30,1133.84,8952.01,1894.74
1998-07-01,1148.56,9048.66,1914.46
1998-07-02,1146.42,9025.25,1894.0
1998-07-03,,,
1998-07-04,,,
1998-07-06,1157.33,9091.76,1909.47
1998-07-07,1154.66,9085.03,1908.11
1998-07-08,1166.38,9174.96,1935.39
1998-07-09,1158.56,9089.77,1939.82
1998-07-10,1164.33,9105.73,1943.04
1998-07-11,,,
1998-07-13,1165.19,9096.21,1965.53
1998-07-14,1177.58,9245.54,1968.41
1998-07-15,1174.81,9234.47,1994.54
1998-07-16,1183.99,9328.18,2000.56
1998-07-17,1186.75,9337.97,2008.76
1998-07-18,,,
1998-07-20,1184.1,9295.74,2014.25
1998-07-21,1165.07,9190.18,1979.14
1998-07-22,1164.08,9128.91,1969.75
1998-07-23,1139.75,8932.97,1935.22
1998-07-24,1140.8,8937.35,1930.99
1998-07-25,,,
1998-07-27,1147.27,9028.24,1933.26
1998-07-28,1130.24,8934.78,1896.53
1998-07-29,1125.21,8914.95,1881.49
1998-07-30,1142.95,9026.95,1919.62
1998-07-31,1120.67,8883.29,1872.39
1998-08-01,,,
1998-08-03,1112.44,8786.73,1851.1
1998-08-04,1072.12,8487.31,1785.64
1998-08-05,1081.43,8546.78,1788.2
1998-08-06,1089.63,8577.67,1829.51
1998-08-07,1089.45,8598.02,1846.77
1998-08-08,,,
1998-08-10,1083.14,8574.84,1839.21
1998-08-11,1068.98,8462.84,1792.7
1998-08-12,1084.22,8552.96,1825.53
1998-08-13,1074.91,8459.5,1802.54
1998-08-14,1062.75,8425.0,1790.19
1998-08-17,1083.67,8574.84,1818.04
1998-08-18,1101.2,8714.64,1855.12
1998-08-19,1098.06,8693.28,1842.69
1998-08-20,1091.6,8611.4,1832.45
1998-08-21,1081.24,8533.65,1797.61
1998-08-22,,,
1998-08-24,1088.14,8566.6,1790.82
1998-08-25,1092.85,8602.65,1798.17
1998-08-26,1084.19,8523.35,1768.13
1998-08-27,1042.59,8165.99,1686.41
1998-08-28,1027.14,8051.68,1639.68
1998-08-29,,,
1998-08-31,957.28,7539.06,1499.25
1998-09-01,994.26,7827.42,1575.09
1998-09-02,990.47,7782.37,1592.85
1998-09-03,982.26,7682.22,1571.86
1998-09-04,973.89,7640.25,1566.52
1998-09-05,,,
1998-09-07,,,
1998-09-08,1023.46,8020.78,1660.86
1998-09-09,1006.2,7865.02,1624.55
1998-09-10,980.19,7615.55,1585.33
1998-09-11,1009.06,7795.5,1641.64
1998-09-12,,,
1998-09-14,1029.72,7945.35,1665.69
1998-09-15,1037.68,8024.39,1678.11
1998-09-16,1045.48,8089.78,1689.91
1998-09-17,1018.87,7873.77,1646.25
1998-09-18,1020.09,7895.65,1663.77
1998-09-19,,,
1998-09-21,1023.89,7933.25,1680.43
1998-09-22,1029.63,7897.2,1697.8
1998-09-23,1066.09,8154.41,1760.27
1998-09-24,1042.72,8001.98,1720.34
1998-09-25,1044.75,8028.77,1743.59
1998-09-26,,,
1998-09-28,1048.69,8108.83,1739.22
1998-09-29,1049.02,8080.52,1734.05
1998-09-30,1017.01,7842.62,1693.84
1998-10-01,986.39,7632.53,1612.33
1998-10-02,1002.6,7784.7,1614.98
1998-10-05,988.56,7726.24,1536.69
1998-10-06,984.59,7742.98,1510.89
1998-10-07,970.68,7741.7,1462.61
1998-10-08,959.44,7731.91,1419.12
1998-10-09,984.39,7899.53,1492.49
1998-10-10,,,
1998-10-12,997.71,8001.47,1546.08
1998-10-13,994.8,7938.14,1509.45
1998-10-14,1005.53,7968.79,1540.97
1998-10-15,1047.49,8299.36,1611.01
1998-10-16,1056.42,8416.76,1620.95
1998-10-17,,,
1998-10-19,1062.39,8466.45,1648.73
1998-10-20,1063.93,8505.85,1639.19
1998-10-21,1069.92,8519.23,1674.75
1998-10-22,1078.48,8533.14,1702.64
1998-10-23,1070.67,8452.29,1693.86
1998-10-24,,,
1998-10-26,1072.32,8432.21,1724.98
1998-10-27,1065.34,8366.04,1717.63
1998-10-28,1068.09,8371.97,1737.35
1998-10-29,1085.93,8495.03,1757.19
1998-10-30,1098.67,8592.11,1771.39
1998-10-31,,,
1998-11-02,1111.6,8706.15,1800.91
1998-11-03,1110.84,8706.15,1788.43
1998-11-04,1118.67,8783.14,1823.57
1998-11-05,1133.85,8915.47,1837.1
1998-11-06,1141.01,8975.46,1856.56
1998-11-07,,,
1998-11-09,1130.2,8897.96,1861.05
1998-11-10,1128.26,8863.97,1865.62
1998-11-11,1120.97,8823.82,1862.11
1998-11-12,1117.69,8829.75,1851.06
1998-11-13,1125.72,8919.59,1847.99
1998-11-14,,,
1998-11-16,1135.87,9011.24,1861.68
1998-11-17,1139.32,8986.29,1878.52
1998-11-18,1144.48,9041.11,1897.44
1998-11-19,1152.61,9056.05,1919.68
1998-11-20,1163.55,9159.54,1928.21
1998-11-21,,,
1998-11-23,1188.21,9374.27,1977.42
1998-11-24,1182.99,9301.15,1965.88
1998-11-25,1186.87,9314.28,1985.21
1998-11-26,,,
1998-11-27,1192.33,9333.07,2016.44
1998-11-28,,,
1998-11-30,1163.63,9116.55,1949.54
1998-12-01,1175.28,9133.54,2003.75
1998-12-02,1171.25,9064.54,1995.2
1998-12-03,1150.14,8879.68,1954.33
1998-12-04,1176.74,9016.14,2003.16
1998-12-05,,,
1998-12-07,1187.7,9070.46,2040.64
1998-12-08,1181.38,9027.98,2034.75
1998-12-09,1183.49,9009.18,2050.42
1998-12-10,1165.02,8841.58,2015.96
1998-12-11,1166.46,8821.76,2029.31
1998-12-14,1141.2,8695.59,1966.92
1998-12-15,1162.83,8823.29,2012.6
1998-12-16,1161.94,8790.6,2009.36
1998-12-17,1179.98,8875.82,2043.88
1998-12-18,1188.03,8903.62,2086.14
1998-12-21,1202.84,8988.85,2138.03
1998-12-22,1203.57,9044.46,2120.98
1998-12-23,1228.54,9202.03,2172.54
1998-12-24,1226.27,9217.99,2163.03
1998-12-25,,,
1998-12-28,1225.49,9226.75,2180.3
1998-12-29,1241.81,9320.97,2181.77
1998-12-30,1231.93,9274.64,2166.95
1998-12-31,1229.23,9181.43,2192.69
1999-01-04,1228.1,9184.26,2208.05
1999-01-05,1244.78,9311.19,2251.27
1999-01-06,1272.34,9544.97,2320.86
1999-01-07,1269.73,9537.76,2326.09
1999-01-08,1275.09,9643.32,2344.41
1999-01-11,1263.88,9619.89,2384.59
1999-01-12,1239.51,9474.68,2320.75
1999-01-13,1234.4,9349.56,2316.81
1999-01-14,1212.19,9120.93,2276.82
1999-01-15,1243.26,9340.55,2348.2
1999-01-18,,,
1999-01-19,1252.0,9355.22,2408.17
1999-01-20,1256.62,9335.92,2415.49
1999-01-21,1235.16,9264.07,2344.72
1999-01-22,1225.19,9120.67,2338.88
1999-01-25,1233.98,9203.31,2369.31
1999-01-26,1252.31,9324.58,2433.41
1999-01-27,1243.17,9200.23,2407.14
1999-01-28,1265.37,9281.33,2477.34
1999-01-29,1279.64,9358.82,2505.89
1999-02-01,1273.0,9345.69,2510.09
1999-02-02,1261.99,9274.12,2463.42
1999-02-03,1272.07,9366.82,2493.41
1999-02-04,1248.49,9304.5,2410.07
1999-02-05,1239.4,9304.24,2373.62
1999-02-08,1243.77,9291.11,2404.92
1999-02-09,1216.14,9133.03,2310.79
1999-02-10,1223.55,9177.31,2309.5
1999-02-11,1254.04,9363.45,2405.55
1999-02-12,1230.13,9274.89,2321.89
1999-02-15,,,
1999-02-16,1241.87,9297.03,2313.87
1999-02-17,1224.03,9195.47,2248.91
1999-02-18,1237.28,9298.63,2260.55
1999-02-19,1239.22,9339.95,2283.6
1999-02-22,1272.14,9552.67,2342.01
1999-02-23,1271.18,9544.41,2376.35
1999-02-24,1253.41,9399.66,2339.38
1999-02-25,1245.02,9366.34,2326.82
1999-02-26,1238.33,9306.57,2288.03
1999-03-01,1236.16,9324.78,2295.18
1999-03-02,1225.5,9297.61,2259.03
1999-03-03,1227.7,9275.88,2265.2
1999-03-04,1246.64,9467.4,2292.89
1999-03-05,1275.47,9736.07,2337.11
1999-03-08,1282.73,9727.61,2397.62
1999-03-09,1279.84,9693.75,2392.94
1999-03-10,1286.84,9772.84,2406.0
1999-03-11,1297.68,9897.44,2412.25
1999-03-12,1294.59,9876.35,2381.53
1999-03-15,1307.26,9958.77,2431.44
1999-03-16,1306.38,9930.47,2439.27
1999-03-17,1297.82,9879.4,2428.97
1999-03-18,1316.55,9997.62,2462.96
1999-03-19,1299.29,9903.55,2421.27
1999-03-22,1297.01,9890.5,2395.94
1999-03-23,1262.14,9671.83,2322.84
1999-03-24,1268.59,9666.84,2365.28
1999-03-25,1289.99,9836.39,2434.8
1999-03-26,1282.8,9822.24,2419.17
1999-03-29,1310.17,10006.78,2492.84
1999-03-30,1300.75,9913.26,2480.29
1999-03-31,1286.37,9786.16,2461.4
1999-04-01,1293.72,9832.5,2493.37
1999-04-02,,,
1999-04-05,1321.12,10007.33,2560.06
1999-04-06,1317.89,9963.49,2563.17
1999-04-07,1326.89,10085.31,2544.43
1999-04-08,1343.98,10197.7,2573.39
1999-04-09,1348.35,10173.83,2593.05
1999-04-12,1358.64,10339.51,2598.81
1999-04-13,1349.82,10395.01,2583.5
1999-04-14,1328.44,10411.66,2507.28
1999-04-15,1322.86,10462.72,2521.77
1999-04-16,1319.0,10493.89,2484.04
1999-04-19,1289.48,10440.53,2345.85
1999-04-20,1306.17,10448.55,2409.64
1999-04-21,1336.12,10581.42,2489.08
1999-04-22,1358.82,10727.18,2561.61
1999-04-23,1356.85,10689.67,2590.69
1999-04-26,1360.04,10718.59,2652.05
1999-04-27,1362.8,10831.71,2602.41
1999-04-28,1350.91,10845.45,2550.37
1999-04-29,1342.83,10878.38,2528.44
1999-04-30,1335.18,10789.04,2542.85
1999-05-03,1354.63,11014.69,2535.58
1999-05-04,1332.0,10886.12,2485.12
1999-05-05,1347.31,10955.42,2534.45
1999-05-06,1332.05,10946.82,2472.28
1999-05-07,1345.0,11031.59,2503.62
1999-05-10,1340.3,11007.24,2526.39
1999-05-11,1355.61,11026.14,2566.68
1999-05-12,1364.0,11000.37,2606.54
1999-05-13,1367.56,11107.19,2582.0
1999-05-14,1337.8,10913.32,2527.86
1999-05-17,1339.49,10853.47,2561.84
1999-05-18,1333.32,10836.95,2558.36
1999-05-19,1344.23,10887.39,2577.4
1999-05-20,1338.83,10866.74,2542.23
1999-05-21,1330.29,10829.28,2520.14
1999-05-24,1306.65,10654.68,2453.66
1999-05-25,1284.4,10531.09,2380.9
1999-05-26,1304.76,10702.16,2427.18
1999-05-27,1281.41,10466.93,2419.15
1999-05-28,1301.84,10559.75,2470.52
1999-05-31,,,
1999-06-01,1294.26,10596.26,2412.03
1999-06-02,1294.81,10577.9,2432.41
1999-06-03,1299.54,10663.7,2403.32
1999-06-04,1327.75,10799.84,2478.34
1999-06-07,1334.52,10909.39,2524.21
1999-06-08,1317.33,10765.65,2474.56
1999-06-09,1318.64,10690.29,2519.35
1999-06-10,1302.82,10621.27,2484.62
1999-06-11,1293.64,10490.51,2447.88
1999-06-14,1294.0,10563.33,2398.31
1999-06-15,1301.16,10594.99,2414.67
1999-06-16,1330.41,10784.96,2517.83
1999-06-17,1339.9,10841.63,2544.15
1999-06-18,1342.84,10855.56,2563.44
1999-06-21,1349.0,10815.99,2630.28
1999-06-22,1335.88,10721.64,2580.26
1999-06-23,1333.06,10666.87,2598.12
1999-06-24,1315.78,10534.84,2553.99
1999-06-25,1315.31,10552.57,2552.65
1999-06-28,1331.35,10655.15,2602.44
1999-06-29,1351.45,10815.35,2642.11
1999-06-30,1372.71,10970.81,2686.12
1999-07-01,1380.96,11066.43,2706.18
1999-07-02,1391.22,11139.25,2741.02
1999-07-05,,,
1999-07-06,1388.12,11135.13,2736.78
1999-07-07,1395.86,11187.37,2743.04
1999-07-08,1394.42,11126.9,2771.86
1999-07-09,1403.28,11193.7,2793.07
1999-07-12,1399.1,11200.98,2790.44
1999-07-13,1393.56,11175.02,2778.23
1999-07-14,1398.17,11148.11,2818.13
1999-07-15,1409.62,11186.42,2839.37
1999-07-16,1418.78,11209.85,2864.48
1999-07-19,1407.65,11187.68,2830.29
1999-07-20,1377.1,10996.14,2732.18
1999-07-21,1379.29,11002.78,2761.77
1999-07-22,1360.97,10969.22,2684.44
1999-07-23,1356.94,10910.97,2692.4
1999-07-26,1347.76,10863.16,2619.19
1999-07-27,1362.84,10979.04,2679.33
1999-07-28,1365.4,10972.08,2705.84
1999-07-29,1341.03,10791.29,2640.01
1999-07-30,1328.72,10655.15,2638.49
1999-08-02,1328.05,10645.97,2623.63
1999-08-03,1322.18,10677.31,2587.99
1999-08-04,1305.33,10674.78,2540.0
1999-08-05,1313.71,10793.82,2565.83
1999-08-06,1300.29,10714.04,2547.97
1999-08-09,1297.8,10707.71,2518.98
1999-08-10,1281.43,10655.15,2490.11
1999-08-11,1301.93,10787.81,2564.98
1999-08-12,1298.16,10789.39,2549.49
1999-08-13,1327.68,10973.66,2637.81
1999-08-16,1330.77,11046.8,2645.28
1999-08-17,1344.16,11117.08,2671.22
1999-08-18,1332.84,10991.39,2657.73
1999-08-19,1323.59,10963.84,2621.43
1999-08-20,1336.61,11100.62,2648.33
1999-08-23,1360.22,11299.76,2719.57
1999-08-24,1363.5,11283.3,2752.37
1999-08-25,1381.79,11326.04,2805.6
1999-08-26,1362.01,11198.45,2774.62
1999-08-27,1348.27,11090.17,2758.9
1999-08-30,1324.02,10914.13,2712.69
1999-08-31,1320.41,10829.28,2739.35
1999-09-01,1331.07,10937.88,2750.8
1999-09-02,1319.11,10843.21,2734.24
1999-09-03,1357.24,11078.46,2843.11
1999-09-06,,,
1999-09-07,1350.45,11034.13,2837.26
1999-09-08,1344.15,11036.35,2808.74
1999-09-09,1347.66,11079.4,2852.02
1999-09-10,1351.66,11028.43,2887.06
1999-09-13,1344.13,11030.33,2844.77
1999-09-14,1336.29,10910.34,2868.29
1999-09-15,1317.97,10801.42,2814.17
1999-09-16,1318.48,10737.47,2806.72
1999-09-17,1335.42,10803.64,2869.62
1999-09-20,1335.53,10823.9,2886.15
1999-09-21,1307.58,10598.48,2821.1
1999-09-22,1310.51,10524.07,2858.16
1999-09-23,1280.41,10318.6,2749.83
1999-09-24,1277.36,10279.34,2740.41
1999-09-27,1283.31,10303.4,2761.75
1999-09-28,1282.2,10275.54,2756.25
1999-09-29,1268.37,10213.48,2730.27
1999-09-30,1282.71,10336.96,2746.16
1999-10-01,1282.81,10273.0,2736.85
1999-10-04,1304.6,10401.23,2795.97
1999-10-05,1301.35,10400.6,2799.67
1999-10-06,1325.4,10588.35,2857.21
1999-10-07,1317.64,10537.06,2860.7
1999-10-08,1336.02,10649.77,2886.57
1999-10-11,1335.21,10648.18,2915.95
1999-10-12,1313.04,10417.06,2872.43
1999-10-13,1285.55,10232.16,2801.27
1999-10-14,1283.42,10286.62,2806.84
1999-10-15,1247.41,10019.72,2731.83
1999-10-18,1254.13,10116.28,2689.15
1999-10-19,1261.32,10204.93,2688.18
1999-10-20,1289.43,10392.36,2788.13
1999-10-21,1283.61,10297.7,2801.95
1999-10-22,1301.65,10470.25,2816.52
1999-10-25,1293.63,10349.94,2815.95
1999-10-26,1281.91,10302.13,2811.47
1999-10-27,1296.71,10394.9,2802.52
1999-10-28,1342.44,10622.54,2875.22
1999-10-29,1362.93,10729.87,2966.43
1999-11-01,1354.12,10648.52,2967.65
1999-11-02,1347.74,10581.84,2981.63
1999-11-03,1354.93,10609.07,3028.51
1999-11-04,1362.64,10639.65,3055.95
1999-11-05,1370.23,10704.49,3102.29
1999-11-08,1377.01,10718.86,3143.97
1999-11-09,1365.28,10617.32,3125.04
1999-11-10,1373.46,10597.75,3155.96
1999-11-11,1381.46,10595.3,3197.29
1999-11-12,1396.06,10769.32,3221.15
1999-11-15,1394.39,10760.76,3219.54
1999-11-16,1420.07,10932.33,3295.52
1999-11-17,1410.71,10883.09,3269.39
1999-11-18,1424.94,11035.7,3347.11
1999-11-19,1422.0,11003.9,3369.25
1999-11-22,1420.94,11089.53,3392.56
1999-11-23,1404.64,10995.64,3342.87
1999-11-24,1417.08,11008.18,3420.5
1999-11-25,,,
1999-11-26,1416.62,10988.91,3447.81
1999-11-29,1407.83,10947.93,3421.37
1999-11-30,1388.91,10877.81,3336.16
1999-12-01,1397.72,10998.39,3353.71
1999-12-02,1409.04,11039.07,3452.78
1999-12-03,1433.3,11286.18,3520.63
1999-12-06,1423.33,11225.02,3546.01
1999-12-07,1409.17,11106.66,3586.92
1999-12-08,1403.88,11068.12,3586.08
1999-12-09,1408.11,11134.79,3594.17
1999-12-10,1417.04,11224.71,3620.23
1999-12-13,1415.22,11192.6,3658.15
1999-12-14,1403.17,11160.18,3571.66
1999-12-15,1413.32,11225.32,3621.95
1999-12-16,1418.78,11244.89,3715.06
1999-12-17,1421.03,11257.43,3753.06
1999-12-20,1418.09,11144.28,3783.87
1999-12-21,1433.43,11200.55,3911.15
1999-12-22,1436.13,11203.61,3937.3
1999-12-23,1458.34,11405.76,3969.44
1999-12-24,,,
1999-12-27,1457.1,11391.08,3975.38
1999-12-28,1457.66,11476.71,3972.11
1999-12-29,1463.46,11484.67,4041.46
1999-12-30,1464.47,11452.86,4036.87
1999-12-31,1469.25,11497.12,4069.31
2000-01-03,1455.22,11357.51,4131.15
2000-01-04,1399.42,10997.94,3901.69
2000-01-05,1402.11,11122.66,3877.54
2000-01-06,1403.45,11253.27,3727.13
2000-01-07,1441.47,11522.56,3882.62
2000-01-10,1457.6,11572.2,4049.67
2000-01-11,1438.56,11511.09,3921.19
2000-01-12,1432.25,11551.11,3850.02
2000-01-13,1449.68,11582.44,3957.21
2000-01-14,1465.15,11722.98,4064.27
2000-01-17,,,
2000-01-18,1455.14,11560.73,4130.81
2000-01-19,1455.9,11489.37,4151.29
2000-01-20,1445.57,11351.3,4189.51
2000-01-21,1441.36,11251.72,4235.4
2000-01-24,1401.53,11008.17,4096.08
2000-01-25,1410.03,11029.89,4167.41
2000-01-26,1404.09,11032.99,4069.91
2000-01-27,1398.56,11028.03,4039.56
2000-01-28,1360.16,10738.88,3887.07
2000-01-31,1394.46,10940.54,3940.35
2000-02-01,1409.28,11041.06,4051.98
2000-02-02,1409.12,11003.21,4073.96
2000-02-03,1424.97,11013.45,4210.98
2000-02-04,1424.37,10963.81,4244.14
2000-02-07,1424.24,10905.79,4321.77
2000-02-08,1441.72,10957.61,4427.54
2000-02-09,1411.7,10699.17,4363.24
2000-02-10,1416.83,10643.64,4485.63
2000-02-11,1387.12,10425.22,4395.45
2000-02-14,1389.94,10519.85,4418.55
2000-02-15,1402.05,10718.1,4420.77
2000-02-16,1387.67,10561.42,4427.65
2000-02-17,1388.26,10514.57,4548.92
2000-02-18,1346.09,10219.53,4411.74
2000-02-21,,,
2000-02-22,1352.17,10304.85,4382.12
2000-02-23,1360.69,10225.73,4550.33
2000-02-24,1353.43,10092.64,4617.65
2000-02-25,1333.36,9862.12,4590.5
2000-02-28,1348.05,10038.66,4577.85
2000-02-29,1366.42,10128.31,4696.69
2000-03-01,1379.19,10137.93,4784.08
2000-03-02,1381.76,10164.92,4754.51
2000-03-03,1409.17,10367.2,4914.79
2000-03-06,1391.28,10170.51,4904.85
2000-03-07,1355.62,9796.04,4847.84
2000-03-08,1366.7,9856.54,4897.17
2000-03-09,1401.69,10010.73,5046.86
2000-03-10,1395.07,9928.83,5048.62
2000-03-13,1383.62,9947.13,4907.24
2000-03-14,1359.15,9811.24,4706.63
2000-03-15,1392.15,10131.42,4582.62
2000-03-16,1458.47,10630.61,4717.39
2000-03-17,1464.47,10595.24,4798.13
2000-03-20,1456.63,10680.25,4610.0
2000-03-21,1493.87,10907.35,4711.68
2000-03-22,1500.64,10866.7,4864.75
2000-03-23,1527.35,11119.86,4940.61
2000-03-24,1527.46,11112.73,4963.03
2000-03-27,1523.86,11025.86,4958.56
2000-03-28,1507.73,10936.12,4833.89
2000-03-29,1508.52,11018.72,4644.67
2000-03-30,1487.92,10980.25,4457.89
2000-03-31,1498.58,10921.93,4572.83
2000-04-03,1505.97,11221.94,4223.68
2000-04-04,1494.73,11164.85,4148.89
2000-04-05,1487.37,11033.93,4169.22
2000-04-06,1501.34,11114.28,4267.56
2000-04-07,1516.35,11111.49,4446.45
2000-04-10,1504.46,11186.57,4188.2
2000-04-11,1500.59,11287.09,4055.9
2000-04-12,1467.17,11125.14,3769.63
2000-04-13,1440.51,10923.55,3676.78
2000-04-14,1356.56,10305.78,3321.29
2000-04-17,1401.44,10582.52,3539.16
2000-04-18,1441.61,10767.42,3793.57
2000-04-19,1427.47,10674.97,3706.41
2000-04-20,1434.54,10844.06,3643.88
2000-04-21,,,
2000-04-24,1429.86,10906.1,3482.48
2000-04-25,1477.44,11124.83,3711.23
2000-04-26,1460.99,10945.5,3630.09
2000-04-27,1464.92,10888.11,3774.03
2000-04-28,1452.43,10733.92,3860.66
2000-05-01,1468.25,10811.79,3958.08
2000-05-02,1446.29,10731.13,3785.45
2000-05-03,1415.1,10480.13,3707.31
2000-05-04,1409.57,10412.5,3720.24
2000-05-05,1432.63,10577.86,3816.82
2000-05-08,1424.17,10603.64,3669.38
2000-05-09,1412.14,10536.75,3585.01
2000-05-10,1383.05,10367.79,3384.73
2000-05-11,1407.81,10545.97,3499.58
2000-05-12,1420.96,10609.37,3529.06
2000-05-15,1452.36,10807.78,3607.65
2000-05-16,1466.04,10934.57,3717.57
2000-05-17,1447.8,10769.74,3644.96
2000-05-18,1437.21,10777.28,3538.71
2000-05-19,1406.95,10626.86,3390.4
2000-05-22,1400.72,10542.55,3364.21
2000-05-23,1373.86,10422.28,3164.55
2000-05-24,1399.05,10535.35,3270.61
2000-05-25,1381.52,10323.92,3205.35
2000-05-26,1378.02,10299.24,3205.11
2000-05-29,,,
2000-05-30,1422.45,10527.14,3459.48
2000-05-31,1420.6,10522.34,3400.91
2000-06-01,1448.81,10652.2,3582.5
2000-06-02,1477.26,10794.76,3813.38
2000-06-05,1467.63,10815.31,3821.76
2000-06-06,1457.84,10735.58,3756.37
2000-06-07,1471.36,10812.87,3839.26
2000-06-08,1461.67,10668.73,3825.56
2000-06-09,1456.95,10614.07,3874.84
2000-06-12,1446.0,10564.21,3767.91
2000-06-13,1469.44,10621.85,3851.06
2000-06-14,1470.54,10687.96,3797.41
2000-06-15,1478.73,10714.83,3845.74
2000-06-16,1464.46,10449.31,3860.56
2000-06-19,1486.0,10557.85,3989.83
2000-06-20,1475.95,10435.17,4013.36
2000-06-21,1479.13,10497.75,4064.01
2000-06-22,1452.18,10376.12,3936.84
2000-06-23,1441.48,10404.76,3845.34
2000-06-26,1455.31,10543.0,3912.12
2000-06-27,1450.55,10504.47,3858.96
2000-06-28,1454.82,10527.8,3940.34
2000-06-29,1442.39,10398.04,3877.23
2000-06-30,1454.6,10447.9,3966.11
2000-07-03,1469.54,10560.68,3991.93
2000-07-04,,,
2000-07-05,1446.23,10483.6,3863.1
2000-07-06,1456.67,10481.48,3960.57
2000-07-07,1478.9,10635.99,4023.2
2000-07-10,1475.62,10646.59,3980.29
2000-07-11,1480.88,10727.19,3956.42
2000-07-12,1492.92,10783.42,4099.59
2000-07-13,1495.84,10788.72,4174.86
2000-07-14,1509.98,10812.75,4246.18
2000-07-17,1510.49,10804.27,4274.67
2000-07-18,1493.74,10739.92,4177.17
2000-07-19,1481.96,10696.08,4055.63
2000-07-20,1495.57,10843.87,4184.56
2000-07-21,1480.19,10733.56,4094.45
2000-07-24,1464.29,10685.12,3981.57
2000-07-25,1474.47,10699.97,4029.57
2000-07-26,1452.42,10516.48,3987.72
2000-07-27,1449.62,10586.13,3842.23
2000-07-28,1419.89,10511.17,3663.0
2000-07-31,1430.83,10521.98,3766.99
2000-08-01,1438.1,10606.95,3685.52
2000-08-02,1438.7,10687.53,3658.46
2000-08-03,1452.56,10706.58,3759.88
2000-08-04,1462.93,10767.75,3787.36
2000-08-07,1479.32,10867.01,3862.99
2000-08-08,1482.8,10976.89,3848.55
2000-08-09,1472.87,10905.83,3853.5
2000-08-10,1460.25,10908.76,3759.99
2000-08-11,1471.84,11027.8,3789.47
2000-08-14,1491.56,11176.14,3849.69
2000-08-15,1484.43,11067.0,3851.66
2000-08-16,1479.85,11008.39,3861.2
2000-08-17,1496.07,11055.64,3940.87
2000-08-18,1491.72,11046.48,3930.34
2000-08-21,1499.48,11079.81,3953.15
2000-08-22,1498.13,11139.15,3958.21
2000-08-23,1505.97,11144.65,4011.01
2000-08-24,1508.31,11182.74,4053.28
2000-08-25,1506.45,11192.63,4042.68
2000-08-28,1514.09,11252.84,4070.59
2000-08-29,1509.84,11215.1,4082.17
2000-08-30,1502.59,11103.01,4103.81
2000-08-31,1517.68,11215.1,4206.35
2000-09-01,1520.77,11238.78,4234.33
2000-09-04,,,
2000-09-05,1507.08,11260.61,4143.18
2000-09-06,1492.25,11310.64,4013.34
2000-09-07,1502.51,11259.87,4098.35
2000-09-08,1494.5,11220.65,3978.41
2000-09-11,1489.26,11195.49,3896.35
2000-09-12,1481.99,11233.23,3849.51
2000-09-13,1484.91,11182.18,3893.89
2000-09-14,1480.87,11087.47,3913.86
2000-09-15,1465.81,10927.0,3835.23
2000-09-18,1444.51,10808.52,3726.52
2000-09-19,1459.9,10789.29,3865.64
2000-09-20,1451.34,10687.92,3897.44
2000-09-21,1449.05,10765.52,3828.87
2000-09-22,1448.72,10847.37,3803.76
2000-09-25,1439.03,10808.15,3741.22
2000-09-26,1427.21,10631.32,3689.1
2000-09-27,1426.57,10628.36,3656.3
2000-09-28,1458.29,10824.06,3778.32
2000-09-29,1436.51,10650.92,3672.82
2000-10-02,1436.23,10700.13,3568.9
2000-10-03,1426.46,10719.74,3455.83
2000-10-04,1434.32,10784.48,3523.1
2000-10-05,1436.28,10724.92,3472.1
2000-10-06,1408.99,10596.54,3361.01
2000-10-09,1402.03,10568.43,3355.56
2000-10-10,1387.02,10524.4,3240.54
2000-10-11,1364.59,10413.79,3168.49
2000-10-12,1329.78,10034.58,3074.68
2000-10-13,1374.17,10192.18,3316.77
2000-10-16,1374.62,10238.8,3290.28
2000-10-17,1349.97,10089.71,3213.96
2000-10-18,1342.13,9975.02,3171.56
2000-10-19,1388.76,10142.98,3418.6
2000-10-20,1396.93,10226.59,3483.14
2000-10-23,1395.78,10271.72,3468.69
2000-10-24,1398.13,10393.07,3419.79
2000-10-25,1364.9,10326.48,3229.57
2000-10-26,1364.44,10380.12,3272.18
2000-10-27,1379.58,10590.62,3278.36
2000-10-30,1398.66,10835.77,3191.4
2000-10-31,1429.4,10971.14,3369.63
2000-11-01,1421.22,10899.47,3333.39
2000-11-02,1428.32,10880.51,3429.02
2000-11-03,1426.69,10817.95,3451.58
2000-11-06,1432.19,10977.21,3416.21
2000-11-07,1431.87,10952.18,3415.79
2000-11-08,1409.28,10907.06,3231.7
2000-11-09,1400.14,10834.25,3200.35
2000-11-10,1365.98,10602.95,3028.99
2000-11-13,1351.26,10517.25,2966.72
2000-11-14,1382.95,10681.06,3138.27
2000-11-15,1389.81,10707.6,3165.49
2000-11-16,1372.32,10656.03,3031.88
2000-11-17,1367.72,10629.87,3027.19
2000-11-20,1342.62,10462.65,2875.64
2000-11-21,1347.35,10494.5,2871.45
2000-11-22,1322.36,10399.32,2755.34
2000-11-23,,,
2000-11-24,1341.77,10470.23,2904.38
2000-11-27,1348.97,10546.07,2880.49
2000-11-28,1336.09,10507.58,2734.98
2000-11-29,1341.91,10629.11,2706.93
2000-11-30,1314.95,10414.49,2597.93
2000-12-01,1315.23,10373.54,2645.29
2000-12-04,1324.97,10560.1,2615.75
2000-12-05,1376.54,10898.72,2889.8
2000-12-06,1351.46,10664.38,2796.5
2000-12-07,1343.55,10617.36,2752.66
2000-12-08,1369.89,10712.91,2917.43
2000-12-11,1380.2,10725.8,3015.1
2000-12-12,1371.18,10768.27,2931.77
2000-12-13,1359.99,10794.44,2822.77
2000-12-14,1340.93,10674.99,2728.51
2000-12-15,1312.15,10434.96,2653.27
2000-12-18,1322.74,10645.42,2624.52
2000-12-19,1305.6,10584.37,2511.71
2000-12-20,1264.74,10318.93,2332.78
2000-12-21,1274.86,10487.29,2340.12
2000-12-22,1305.97,10635.56,2517.02
2000-12-25,,,
2000-12-26,1315.19,10692.44,2493.52
2000-12-27,1328.92,10803.16,2539.35
2000-12-28,1334.22,10868.76,2557.76
2000-12-29,1320.28,10786.85,2470.52
2001-01-02,1283.27,10646.15,2291.86
2001-01-03,1347.56,10945.75,2616.69
2001-01-04,1333.34,10912.41,2566.83
2001-01-05,1298.35,10662.01,2407.65
2001-01-08,1295.86,10621.35,2395.92
2001-01-09,1300.8,10572.55,2441.3
2001-01-10,1313.27,10604.27,2524.18
2001-01-11,1326.82,10609.55,2640.57
2001-01-12,1318.32,10525.38,2626.5
2001-01-15,,,
2001-01-16,1326.65,10652.66,2618.55
2001-01-17,1329.47,10584.34,2682.78
2001-01-18,1347.97,10678.28,2768.49
2001-01-19,1342.54,10587.59,2770.38
2001-01-22,1342.9,10578.24,2757.91
2001-01-23,1360.4,10649.81,2840.39
2001-01-24,1364.3,10646.97,2859.15
2001-01-25,1357.51,10729.52,2754.28
2001-01-26,1354.95,10659.98,2781.3
2001-01-29,1364.17,10702.19,2838.34
2001-01-30,1373.73,10881.2,2838.35
2001-01-31,1366.01,10887.36,2772.73
2001-02-01,1373.47,10983.62,2782.79
2001-02-02,1349.47,10864.1,2660.5
2001-02-05,1354.31,10965.85,2643.21
2001-02-06,1352.26,10957.42,2664.49
2001-02-07,1340.89,10946.72,2607.82
2001-02-08,1332.53,10880.55,2562.06
2001-02-09,1314.76,10781.45,2470.97
2001-02-12,1330.31,10946.77,2489.66
2001-02-13,1318.8,10903.32,2427.72
2001-02-14,1315.92,10795.41,2491.4
2001-02-15,1326.61,10891.02,2552.91
2001-02-16,1301.53,10799.82,2425.38
2001-02-19,,,
2001-02-20,1278.94,10730.88,2318.35
2001-02-21,1255.27,10526.58,2268.94
2001-02-22,1252.82,10526.81,2244.96
2001-02-23,1245.86,10441.9,2262.51
2001-02-26,1267.65,10642.53,2308.5
2001-02-27,1257.94,10636.88,2207.82
2001-02-28,1239.94,10495.28,2151.83
2001-03-01,1241.23,10450.14,2183.37
2001-03-02,1234.18,10466.31,2117.63
2001-03-05,1241.41,10562.3,2142.92
2001-03-06,1253.8,10591.22,2204.43
2001-03-07,1261.89,10729.6,2223.92
2001-03-08,1264.74,10858.25,2168.73
2001-03-09,1233.42,10644.62,2052.78
2001-03-12,1180.16,10208.25,1923.38
2001-03-13,1197.66,10290.8,2014.78
2001-03-14,1166.71,9973.46,1972.09
2001-03-15,1173.56,10031.28,1940.71
2001-03-16,1150.53,9823.41,1890.91
2001-03-19,1170.81,9959.11,1951.18
2001-03-20,1142.62,9720.76,1857.44
2001-03-21,1122.14,9487.0,1830.23
2001-03-22,1117.58,9389.48,1897.7
2001-03-23,1139.83,9504.78,1928.68
2001-03-26,1152.69,9687.53,1918.49
2001-03-27,1182.17,9947.54,1972.26
2001-03-28,1153.29,9785.35,1854.13
2001-03-29,1147.95,9799.06,1820.57
2001-03-30,1160.33,9878.78,1840.26
2001-04-02,1145.87,9777.93,1782.97
2001-04-03,1106.46,9485.71,1673.0
2001-04-04,1103.25,9515.42,1638.8
2001-04-05,1151.44,9918.05,1785.0
2001-04-06,1128.43,9791.09,1720.36
2001-04-09,1137.59,9845.15,1745.71
2001-04-10,1168.38,10102.74,1852.03
2001-04-11,1165.89,10013.47,1898.95
2001-04-12,1183.5,10126.94,1961.43
2001-04-13,,,
2001-04-16,1179.68,10158.56,1909.57
2001-04-17,1191.81,10216.73,1923.22
2001-04-18,1238.16,10615.83,2079.44
2001-04-19,1253.7,10693.71,2182.14
2001-04-20,1242.98,10579.85,2163.41
2001-04-23,1224.36,10532.23,2059.32
2001-04-24,1209.47,10454.34,2016.61
2001-04-25,1228.75,10625.2,2059.8
2001-04-26,1234.52,10692.35,2034.88
2001-04-27,1253.05,10810.05,2075.68
2001-04-30,1249.46,10734.97,2116.24
2001-05-01,1266.44,10898.34,2168.24
2001-05-02,1267.43,10876.68,2220.6
2001-05-03,1248.58,10796.65,2146.2
2001-05-04,1266.61,10951.24,2191.53
2001-05-07,1263.51,10935.17,2173.57
2001-05-08,1261.2,10883.51,2198.77
2001-05-09,1255.54,10866.98,2156.63
2001-05-10,1255.18,10910.44,2128.86
2001-05-11,1245.67,10821.31,2107.43
2001-05-14,1248.92,10877.33,2081.92
2001-05-15,1249.44,10872.97,2085.58
2001-05-16,1284.99,11215.92,2166.44
2001-05-17,1288.49,11248.58,2193.68
2001-05-18,1291.96,11301.74,2198.88
2001-05-21,1312.83,11337.92,2305.59
2001-05-22,1309.38,11257.24,2313.85
2001-05-23,1289.05,11105.51,2243.48
2001-05-24,1293.17,11122.42,2282.02
2001-05-25,1277.89,11005.37,2251.03
2001-05-28,,,
2001-05-29,1267.93,11039.14,2175.54
2001-05-30,1248.08,10872.64,2084.5
2001-05-31,1255.82,10911.94,2110.49
2001-06-01,1260.67,10990.41,2149.44
2001-06-04,1267.11,11061.52,2155.93
2001-06-05,1283.57,11175.84,2233.66
2001-06-06,1270.03,11070.24,2217.73
2001-06-07,1276.96,11090.74,2264.0
2001-06-08,1264.96,10977.0,2215.1
2001-06-11,1254.39,10922.09,2170.78
2001-06-12,1255.85,10948.38,2169.95
2001-06-13,1241.6,10871.62,2121.66
2001-06-14,1219.87,10690.13,2044.07
2001-06-15,1214.36,10623.64,2028.43
2001-06-18,1208.43,10645.38,1988.63
2001-06-19,1212.58,10596.67,1992.66
2001-06-20,1223.14,10647.33,2031.24
2001-06-21,1237.04,10715.43,2058.76
2001-06-22,1225.35,10604.59,2034.84
2001-06-25,1218.6,10504.22,2050.87
2001-06-26,1216.76,10472.48,2064.62
2001-06-27,1211.07,10434.84,2074.74
2001-06-28,1226.2,10566.21,2125.46
2001-06-29,1224.42,10502.4,2161.24
2001-07-02,1236.71,10593.72,2148.72
2001-07-03,1234.45,10571.11,2140.8
2001-07-04,,,
2001-07-05,1219.24,10479.86,2080.11
2001-07-06,1190.59,10252.68,2004.16
2001-07-09,1198.78,10299.4,2026.71
2001-07-10,1181.52,10175.64,1962.79
2001-07-11,1180.18,10241.02,1972.04
2001-07-12,1208.14,10478.99,2075.74
2001-07-13,1215.68,10539.06,2084.79
2001-07-16,1202.45,10472.12,2029.12
2001-07-17,1214.44,10606.39,2067.32
2001-07-18,1207.71,10569.83,2016.17
2001-07-19,1215.02,10610.0,2046.59
2001-07-20,1210.85,10576.65,2029.37
2001-07-23,1191.03,10424.42,1988.56
2001-07-24,1171.65,10241.12,1959.24
2001-07-25,1190.49,10405.67,1984.32
2001-07-26,1202.93,10455.63,2022.96
2001-07-27,1205.82,10416.67,2029.07
2001-07-30,1204.52,10401.72,2017.84
2001-07-31,1211.23,10522.81,2027.13
2001-08-01,1215.93,10510.01,2068.38
2001-08-02,1220.75,10551.18,2087.38
2001-08-03,1214.35,10512.78,2066.33
2001-08-06,1200.48,10401.31,2034.26
2001-08-07,1204.4,10458.74,2027.79
2001-08-08,1183.53,10293.5,1966.36
2001-08-09,1183.43,10298.56,1963.32
2001-08-10,1190.16,10416.25,1956.47
2001-08-13,1191.29,10415.91,1982.25
2001-08-14,1186.73,10412.17,1964.53
2001-08-15,1178.02,10345.95,1918.89
2001-08-16,1181.66,10392.52,1930.32
2001-08-17,1161.97,10240.78,1867.01
2001-08-20,1171.41,10320.07,1881.35
2001-08-21,1157.26,10174.14,1831.3
2001-08-22,1165.31,10276.9,1860.01
2001-08-23,1162.09,10229.15,1842.97
2001-08-24,1184.93,10423.17,1916.8
2001-08-27,1179.21,10382.35,1912.41
2001-08-28,1161.51,10222.03,1864.98
2001-08-29,1148.6,10090.9,1843.17
2001-08-30,1129.03,9919.58,1791.68
2001-08-31,1133.58,9949.75,1805.43
2001-09-03,,,
2001-09-04,1132.94,9997.49,1770.78
2001-09-05,1131.74,10033.27,1759.01
2001-09-06,1106.4,9840.84,1705.64
2001-09-07,1085.78,9605.85,1687.7
2001-09-10,1092.54,9605.51,1695.38
2001-09-11,,,
2001-09-12,,,
2001-09-13,,,
2001-09-14,,,
2001-09-17,1038.77,8920.7,1579.55
2001-09-18,1032.74,8903.4,1555.08
2001-09-19,1016.1,8759.13,1527.8
2001-09-20,984.54,8376.21,1470.93
2001-09-21,965.8,8235.81,1423.19
2001-09-24,1003.45,8603.86,1499.4
2001-09-25,1012.27,8659.97,1501.64
2001-09-26,1007.04,8567.39,1464.04
2001-09-27,1018.61,8681.42,1460.71
2001-09-28,1040.94,8847.56,1498.8
2001-10-01,1038.55,8836.83,1480.46
2001-10-02,1051.33,8950.59,1492.33
2001-10-03,1072.28,9123.78,1580.81
2001-10-04,1069.63,9060.88,1597.31
2001-10-05,1071.38,9119.77,1605.3
2001-10-08,1062.44,9067.94,1605.95
2001-10-09,1056.75,9052.44,1570.19
2001-10-10,1080.99,9240.86,1626.26
2001-10-11,1097.43,9410.45,1701.47
2001-10-12,1091.65,9344.16,1703.4
2001-10-15,1089.98,9347.62,1696.31
2001-10-16,1097.54,9384.23,1722.07
2001-10-17,1077.09,9232.97,1646.34
2001-10-18,1068.61,9163.22,1652.72
2001-10-19,1073.48,9204.11,1671.31
2001-10-22,1089.9,9377.03,1708.08
2001-10-23,1084.78,9340.08,1704.44
2001-10-24,1085.2,9345.62,1731.54
2001-10-25,1100.09,9462.9,1775.47
2001-10-26,1104.61,9545.17,1768.96
2001-10-29,1078.3,9269.5,1699.52
2001-10-30,1059.79,9121.98,1667.41
2001-10-31,1059.78,9075.14,1690.2
2001-11-01,1084.1,9263.9,1746.3
2001-11-02,1087.2,9323.54,1745.73
2001-11-05,1102.84,9441.03,1793.65
2001-11-06,1118.86,9591.12,1835.08
2001-11-07,1115.8,9554.37,1837.53
2001-11-08,1118.54,9587.52,1827.77
2001-11-09,1120.31,9608.0,1828.48
2001-11-12,1118.33,9554.37,1840.13
2001-11-13,1139.09,9750.95,1892.11
2001-11-14,1141.21,9823.61,1903.19
2001-11-15,1142.24,9872.39,1900.57
2001-11-16,1138.65,9866.99,1898.58
2001-11-19,1151.06,9976.46,1934.42
2001-11-20,1142.66,9901.38,1880.51
2001-11-21,1137.03,9834.68,1875.05
2001-11-22,,,
2001-11-23,1150.34,9959.71,1903.2
2001-11-26,1157.42,9982.75,1941.23
2001-11-27,1149.5,9872.6,1935.97
2001-11-28,1128.52,9711.86,1887.97
2001-11-29,1140.2,9829.42,1933.26
2001-11-30,1139.45,9851.56,1930.58
2001-12-03,1129.9,9763.96,1904.9
2001-12-04,1144.8,9893.84,1963.1
2001-12-05,1170.35,10114.29,2046.84
2001-12-06,1167.1,10099.14,2054.27
2001-12-07,1158.31,10049.46,2021.26
2001-12-10,1139.93,9921.45,1992.12
2001-12-11,1136.76,9888.37,2001.93
2001-12-12,1137.07,9894.81,2011.38
2001-12-13,1119.38,9766.45,1946.51
2001-12-14,1123.09,9811.15,1953.17
2001-12-17,1134.36,9891.97,1987.45
2001-12-18,1142.92,9998.39,2004.76
2001-12-19,1149.56,10070.49,1982.89
2001-12-20,1139.93,9985.18,1918.54
2001-12-21,1144.89,10035.34,1945.83
2001-12-24,1144.65,10035.34,1944.48
2001-12-25,,,
2001-12-26,1149.37,10088.14,1960.7
2001-12-27,1157.13,10131.31,1976.42
2001-12-28,1161.02,10136.99,1987.26
2001-12-31,1148.08,10021.5,1950.4
2002-01-02,1154.67,10073.4,1979.25
2002-01-03,1165.27,10172.14,2044.27
2002-01-04,1172.51,10259.74,2059.38
2002-01-07,1164.89,10197.05,2037.1
2002-01-08,1160.71,10150.55,2055.74
2002-01-09,1155.14,10094.09,2044.89
2002-01-10,1156.55,10067.86,2047.24
2002-01-11,1145.6,9987.53,2022.46
2002-01-14,1138.41,9891.42,1990.74
2002-01-15,1146.19,9924.15,2000.91
2002-01-16,1127.57,9712.27,1944.44
2002-01-17,1138.88,9850.04,1985.82
2002-01-18,1127.58,9771.85,1930.34
2002-01-21,,,
2002-01-22,1119.31,9713.8,1882.57
2002-01-23,1128.19,9730.96,1922.38
2002-01-24,1132.16,9796.07,1942.58
2002-01-25,1133.28,9840.08,1937.7
2002-01-28,1133.06,9865.75,1943.91
2002-01-29,1100.64,9618.24,1892.99
2002-01-30,1113.57,9762.86,1913.44
2002-01-31,1130.21,9920.0,1934.03
2002-02-01,1122.2,9907.26,1911.24
2002-02-04,1094.44,9687.09,1855.53
2002-02-05,1090.02,9685.43,1838.52
2002-02-06,1083.51,9653.39,1812.71
2002-02-07,1080.17,9625.44,1782.11
2002-02-08,1096.22,9744.24,1818.88
2002-02-11,1111.94,9884.78,1846.66
2002-02-12,1107.5,9863.74,1834.21
2002-02-13,1118.51,9989.67,1859.16
2002-02-14,1116.48,10001.99,1843.37
2002-02-15,1104.18,9903.04,1805.2
2002-02-18,,,
2002-02-19,1083.34,9745.14,1750.61
2002-02-20,1097.98,9941.17,1775.57
2002-02-21,1080.95,9834.68,1716.24
2002-02-22,1089.84,9968.15,1724.54
2002-02-25,1109.44,10145.71,1769.88
2002-02-26,1109.38,10115.26,1766.86
2002-02-27,1109.89,10127.58,1751.88
2002-02-28,1106.73,10106.13,1731.49
2002-03-01,1131.78,10368.86,1802.74
2002-03-04,1153.84,10586.82,1859.32
2002-03-05,1146.14,10433.41,1866.29
2002-03-06,1162.77,10574.29,1890.4
2002-03-07,1157.54,10525.37,1881.63
2002-03-08,1164.31,10572.49,1929.67
2002-03-11,1168.26,10611.24,1929.49
2002-03-12,1165.58,10632.35,1897.12
2002-03-13,1154.09,10501.85,1862.03
2002-03-14,1153.04,10517.14,1854.14
2002-03-15,1166.16,10607.23,1868.3
2002-03-18,1165.55,10577.75,1877.06
2002-03-19,1170.29,10635.25,1880.87
2002-03-20,1151.85,10501.57,1832.87
2002-03-21,1153.59,10479.84,1868.83
2002-03-22,1148.7,10427.67,1851.39
2002-03-25,1131.87,10281.67,1812.49
2002-03-26,1138.49,10353.36,1824.17
2002-03-27,1144.58,10426.91,1826.75
2002-03-28,1147.39,10403.94,1845.35
2002-03-29,,,
2002-04-01,1146.55,10362.7,1862.62
2002-04-02,1136.77,10313.71,1804.4
2002-04-03,1125.4,10198.29,1784.35
2002-04-04,1126.34,10235.17,1789.75
2002-04-05,1122.73,10271.64,1770.03
2002-04-08,1125.29,10249.08,1785.87
2002-04-09,1117.8,10208.67,1742.57
2002-04-10,1130.46,10381.73,1767.07
2002-04-11,1103.69,10176.08,1725.24
2002-04-12,1111.01,10190.82,1756.19
2002-04-15,1102.55,10093.67,1753.78
2002-04-16,1128.37,10301.32,1816.79
2002-04-17,1126.07,10220.78,1810.67
2002-04-18,1124.47,10205.28,1802.43
2002-04-19,1125.17,10257.11,1796.83
2002-04-22,1107.83,10136.43,1758.68
2002-04-23,1100.96,10089.24,1730.29
2002-04-24,1093.14,10030.43,1713.34
2002-04-25,1091.48,10035.06,1713.7
2002-04-26,1076.32,9910.72,1663.89
2002-04-29,1065.46,9819.87,1656.93
2002-04-30,1076.92,9946.22,1688.23
2002-05-01,1086.46,10059.63,1677.53
2002-05-02,1084.56,10091.87,1644.82
2002-05-03,1073.43,10006.63,1613.03
2002-05-06,1052.67,9808.04,1578.48
2002-05-07,1049.49,9836.55,1573.82
2002-05-08,1088.85,10141.83,1696.29
2002-05-09,1073.01,10037.42,1650.49
2002-05-10,1054.99,9939.92,1600.85
2002-05-13,1074.56,10109.66,1652.54
2002-05-14,1097.28,10298.14,1719.05
2002-05-15,1091.07,10243.68,1725.56
2002-05-16,1098.23,10289.21,1730.44
2002-05-17,1106.59,10353.08,1741.39
2002-05-20,1091.88,10229.5,1701.59
2002-05-21,1079.88,10105.71,1664.18
2002-05-22,1086.02,10157.88,1673.45
2002-05-23,1097.08,10216.08,1697.63
2002-05-24,1083.82,10104.26,1661.49
2002-05-27,,,
2002-05-28,1074.55,9981.58,1652.17
2002-05-29,1067.66,9923.04,1624.39
2002-05-30,1064.66,9911.69,1631.92
2002-05-31,1067.14,9925.25,1615.73
2002-06-03,1040.68,9709.79,1562.56
2002-06-04,1040.69,9687.84,1578.12
2002-06-05,1049.9,9796.8,1595.26
2002-06-06,1029.15,9624.64,1554.88
2002-06-07,1027.53,9589.67,1535.48
2002-06-10,1030.74,9645.4,1530.69
2002-06-11,1013.6,9517.26,1497.18
2002-06-12,1020.26,9617.71,1519.12
2002-06-13,1009.56,9502.8,1496.86
2002-06-14,1007.28,9474.21,1504.74
2002-06-17,1036.17,9687.42,1553.29
2002-06-18,1037.14,9706.12,1542.96
2002-06-19,1019.99,9561.57,1496.83
2002-06-20,1006.29,9431.77,1464.75
2002-06-21,989.14,9253.79,1440.96
2002-06-24,992.72,9281.82,1460.34
2002-06-25,976.14,9126.82,1423.99
2002-06-26,973.53,9120.11,1429.33
2002-06-27,990.64,9269.92,1459.2
2002-06-28,989.81,9243.26,1463.21
2002-07-01,968.65,9109.79,1403.8
2002-07-02,948.09,9007.75,1357.82
2002-07-03,953.99,9054.97,1380.17
2002-07-04,,,
2002-07-05,989.03,9379.5,1448.36
2002-07-08,976.98,9274.9,1405.61
2002-07-09,952.83,9096.09,1381.12
2002-07-10,920.47,8813.5,1346.01
2002-07-11,927.37,8801.53,1374.43
2002-07-12,921.39,8684.53,1373.5
2002-07-15,917.93,8639.19,1382.62
2002-07-16,901.05,8473.11,1375.26
2002-07-17,906.04,8542.48,1397.25
2002-07-18,881.56,8409.49,1356.95
2002-07-19,847.76,8019.26,1319.15
2002-07-22,819.85,7784.58,1282.65
2002-07-23,797.7,7702.34,1229.05
2002-07-24,843.42,8191.29,1290.23
2002-07-25,838.68,8186.31,1240.08
2002-07-26,852.84,8264.39,1262.12
2002-07-29,898.96,8711.88,1335.25
2002-07-30,902.78,8680.03,1344.19
2002-07-31,911.62,8736.59,1328.26
2002-08-01,884.66,8506.62,1280.0
2002-08-02,864.24,8313.13,1247.92
2002-08-05,834.6,8043.63,1206.01
2002-08-06,859.57,8274.09,1259.55
2002-08-07,876.77,8456.15,1280.9
2002-08-08,905.46,8712.02,1316.52
2002-08-09,908.64,8745.45,1306.12
2002-08-12,903.8,8688.89,1306.84
2002-08-13,884.21,8482.39,1269.28
2002-08-14,919.62,8743.31,1334.3
2002-08-15,930.25,8818.14,1345.01
2002-08-16,928.77,8778.06,1361.01
2002-08-19,950.72,8990.79,1394.54
2002-08-20,937.43,8872.07,1376.59
2002-08-21,949.36,8957.23,1409.25
2002-08-22,962.7,9053.64,1422.95
2002-08-23,940.86,8872.96,1380.62
2002-08-26,947.95,8919.01,1391.74
2002-08-27,934.82,8824.41,1347.78
2002-08-28,917.87,8694.09,1314.38
2002-08-29,917.8,8670.99,1335.77
2002-08-30,916.07,8663.5,1314.85
2002-09-02,,,
2002-09-03,878.02,8308.05,1263.84
2002-09-04,893.41,8425.12,1292.31
2002-09-05,879.15,8283.7,1251.0
2002-09-06,893.92,8427.2,1295.3
2002-09-09,902.96,8519.38,1304.6
2002-09-10,909.58,8602.61,1320.09
2002-09-11,909.45,8581.17,1315.45
2002-09-12,886.91,8379.41,1279.68
2002-09-13,889.81,8312.69,1291.4
2002-09-16,891.1,8380.18,1275.88
2002-09-17,873.52,8207.55,1259.94
2002-09-18,869.46,8172.45,1252.13
2002-09-19,843.32,7942.39,1216.45
2002-09-20,845.39,7986.02,1221.09
2002-09-23,833.7,7872.15,1184.93
2002-09-24,819.29,7683.13,1182.17
2002-09-25,839.66,7841.82,1222.29
2002-09-26,854.95,7997.12,1221.61
2002-09-27,827.37,7701.45,1199.16
2002-09-30,815.28,7591.93,1172.06
2002-10-01,847.91,7938.79,1213.72
2002-10-02,827.91,7755.61,1187.3
2002-10-03,818.95,7717.19,1165.56
2002-10-04,800.58,7528.4,1139.9
2002-10-07,785.28,7422.84,1119.4
2002-10-08,798.55,7501.49,1129.21
2002-10-09,776.76,7286.27,1114.11
2002-10-10,803.92,7533.95,1163.37
2002-10-11,835.32,7850.29,1210.47
2002-10-14,841.44,7877.4,1220.53
2002-10-15,881.27,8255.68,1282.44
2002-10-16,860.02,8036.03,1232.42
2002-10-17,879.2,8275.04,1272.29
2002-10-18,884.39,8322.4,1287.86
2002-10-21,899.72,8538.24,1309.67
2002-10-22,890.16,8450.16,1292.8
2002-10-23,896.14,8494.27,1320.23
2002-10-24,882.5,8317.34,1298.71
2002-10-25,897.65,8443.99,1331.13
2002-10-28,890.23,8368.04,1315.83
2002-10-29,882.15,8368.94,1300.54
2002-10-30,890.71,8427.41,1326.73
2002-10-31,885.76,8397.03,1329.75
2002-11-01,900.96,8517.64,1360.7
2002-11-04,908.35,8571.6,1396.54
2002-11-05,915.39,8678.27,1401.17
2002-11-06,923.76,8771.01,1418.99
2002-11-07,902.65,8586.24,1376.71
2002-11-08,894.74,8537.13,1359.28
2002-11-11,876.19,8358.95,1319.19
2002-11-12,882.95,8386.0,1349.56
2002-11-13,882.53,8398.49,1361.34
2002-11-14,904.27,8542.13,1411.52
2002-11-15,909.83,8579.09,1411.14
2002-11-18,900.36,8486.57,1393.69
2002-11-19,896.74,8474.78,1374.51
2002-11-20,914.15,8623.01,1419.35
2002-11-21,933.76,8845.15,1467.55
2002-11-22,930.55,8804.84,1468.74
2002-11-25,932.88,8849.4,1481.9
2002-11-26,913.31,8676.42,1444.43
2002-11-27,938.87,8931.68,1487.94
2002-11-28,,,
2002-11-29,936.31,8896.09,1478.78
2002-12-02,934.53,8862.57,1484.78
2002-12-03,920.75,8742.93,1448.96
2002-12-04,917.57,8737.85,1430.35
2002-12-05,906.55,8623.28,1410.75
2002-12-06,912.23,8645.77,1422.44
2002-12-09,892.0,8473.41,1367.14
2002-12-10,904.45,8574.26,1390.76
2002-12-11,904.96,8589.14,1396.59
2002-12-12,901.59,8538.4,1399.55
2002-12-13,889.48,8433.71,1362.42
2002-12-16,910.4,8627.4,1400.33
2002-12-17,902.99,8535.39,1392.05
2002-12-18,891.12,8447.35,1361.51
2002-12-19,884.25,8364.8,1354.1
2002-12-20,895.75,8511.32,1363.05
2002-12-23,897.38,8493.29,1381.69
2002-12-24,892.47,8448.11,1372.47
2002-12-25,,,
2002-12-26,889.66,8432.61,1367.89
2002-12-27,875.4,8303.78,1348.31
2002-12-30,879.39,8332.85,1339.54
2002-12-31,879.82,8341.63,1335.51
2003-01-02,909.03,8607.52,1384.85
2003-01-03,908.59,8601.69,1387.08
2003-01-06,929.01,8773.57,1421.32
2003-01-07,922.93,8740.59,1431.57
2003-01-08,909.93,8595.31,1401.07
2003-01-09,927.58,8776.18,1438.46
2003-01-10,927.57,8784.89,1447.72
2003-01-13,926.26,8785.98,1446.04
2003-01-14,931.66,8842.62,1460.99
2003-01-15,918.22,8723.18,1438.8
2003-01-16,914.6,8697.87,1423.75
2003-01-17,901.78,8586.74,1376.19
2003-01-20,,,
2003-01-21,887.62,8442.9,1364.25
2003-01-22,878.36,8318.73,1359.48
2003-01-23,887.34,8369.47,1388.27
2003-01-24,861.4,8131.01,1342.14
2003-01-27,847.48,7989.56,1325.27
2003-01-28,858.54,8088.84,1342.18
2003-01-29,864.36,8110.71,1358.06
2003-01-30,844.61,7945.13,1322.35
2003-01-31,855.7,8053.81,1320.91
2003-02-03,860.32,8109.82,1323.79
2003-02-04,848.2,8013.29,1306.15
2003-02-05,843.59,7985.18,1301.5
2003-02-06,838.15,7929.3,1301.73
2003-02-07,829.69,7864.23,1282.47
2003-02-10,835.97,7920.11,1296.68
2003-02-11,829.2,7843.11,1295.46
2003-02-12,818.68,7758.17,1278.97
2003-02-13,817.37,7749.87,1277.44
2003-02-14,834.89,7908.8,1310.17
2003-02-17,,,
2003-02-18,851.17,8041.15,1346.54
2003-02-19,845.13,8000.6,1334.32
2003-02-20,837.1,7914.96,1331.23
2003-02-21,848.17,8018.11,1349.02
2003-02-24,832.58,7858.24,1322.38
2003-02-25,838.57,7909.5,1328.98
2003-02-26,827.55,7806.98,1303.68
2003-02-27,837.28,7884.99,1323.94
2003-02-28,841.15,7891.08,1337.52
2003-03-03,834.81,7837.86,1320.29
2003-03-04,821.99,7704.87,1307.77
2003-03-05,829.85,7775.6,1314.4
2003-03-06,822.1,7673.99,1302.89
2003-03-07,828.89,7740.03,1305.29
2003-03-10,807.48,7568.18,1278.37
2003-03-11,800.73,7524.06,1271.47
2003-03-12,804.19,7552.07,1279.24
2003-03-13,831.9,7821.75,1340.77
2003-03-14,833.27,7859.71,1340.33
2003-03-17,862.79,8141.92,1392.27
2003-03-18,866.45,8194.23,1400.55
2003-03-19,874.02,8265.45,1397.07
2003-03-20,875.67,8286.6,1402.77
2003-03-21,895.79,8521.97,1421.84
2003-03-24,864.23,8214.68,1369.78
2003-03-25,874.74,8280.23,1391.01
2003-03-26,869.95,8229.88,1387.45
2003-03-27,868.52,8201.45,1384.25
2003-03-28,863.5,8145.77,1369.6
2003-03-31,848.18,7992.13,1341.17
2003-04-01,858.48,8069.86,1348.3
2003-04-02,880.9,8285.06,1396.72
2003-04-03,876.45,8240.38,1396.58
2003-04-04,878.85,8277.15,1383.51
2003-04-07,879.93,8300.41,1389.51
2003-04-08,878.29,8298.92,1382.94
2003-04-09,865.99,8197.94,1356.74
2003-04-10,871.58,8221.33,1365.61
2003-04-11,868.3,8203.41,1358.85
2003-04-14,885.23,8351.1,1384.95
2003-04-15,890.81,8402.36,1391.01
2003-04-16,879.91,8257.61,1394.72
2003-04-17,893.58,8337.65,1425.5
2003-04-18,,,
2003-04-21,892.01,8328.9,1424.37
2003-04-22,911.37,8484.99,1451.36
2003-04-23,919.02,8515.66,1466.16
2003-04-24,911.43,8440.04,1457.23
2003-04-25,898.81,8306.35,1434.54
2003-04-28,914.84,8471.61,1462.24
2003-04-29,917.84,8502.99,1471.3
2003-04-30,916.92,8480.09,1464.31
2003-05-01,916.3,8454.25,1472.56
2003-05-02,930.08,8582.68,1502.88
2003-05-05,926.55,8531.57,1504.04
2003-05-06,934.39,8588.36,1523.71
2003-05-07,929.62,8560.63,1506.76
2003-05-08,920.27,8491.22,1489.69
2003-05-09,933.41,8604.6,1520.15
2003-05-12,945.11,8726.73,1541.4
2003-05-13,942.3,8679.25,1539.68
2003-05-14,939.28,8647.82,1534.9
2003-05-15,946.67,8713.14,1551.38
2003-05-16,944.3,8678.97,1538.53
2003-05-19,920.77,8493.39,1492.77
2003-05-20,919.73,8491.36,1491.09
2003-05-21,923.42,8516.43,1489.87
2003-05-22,931.87,8594.02,1507.55
2003-05-23,933.22,8601.38,1510.09
2003-05-26,,,
2003-05-27,951.48,8781.35,1556.69
2003-05-28,953.22,8793.12,1563.24
2003-05-29,949.64,8711.18,1574.95
2003-05-30,963.59,8850.26,1595.91
2003-06-02,967.0,8897.81,1590.75
2003-06-03,971.56,8922.95,1603.56
2003-06-04,986.24,9038.98,1634.65
2003-06-05,990.14,9041.3,1646.01
2003-06-06,987.76,9062.79,1627.42
2003-06-09,975.93,8980.0,1603.97
2003-06-10,984.84,9054.89,1627.67
2003-06-11,997.48,9183.22,1646.02
2003-06-12,998.51,9196.55,1653.62
2003-06-13,988.61,9117.12,1626.49
2003-06-16,1010.74,9318.96,1666.58
2003-06-17,1011.66,9323.02,1668.44
2003-06-18,1010.09,9293.8,1677.14
2003-06-19,994.7,9179.53,1648.64
2003-06-20,995.69,9200.75,1644.72
2003-06-23,981.64,9072.95,1610.75
2003-06-24,983.45,9109.85,1605.61
2003-06-25,975.32,9011.53,1602.66
2003-06-26,985.82,9079.04,1634.01
2003-06-27,976.22,8989.05,1625.26
2003-06-30,974.5,8985.44,1622.8
2003-07-01,982.32,9040.95,1640.13
2003-07-02,993.75,9142.84,1678.73
2003-07-03,985.7,9070.21,1663.46
2003-07-04,,,
2003-07-07,1004.42,9216.79,1720.71
2003-07-08,1007.84,9223.09,1746.46
2003-07-09,1002.21,9156.21,1747.46
2003-07-10,988.7,9036.04,1715.86
2003-07-11,998.14,9119.59,1733.93
2003-07-14,1003.86,9177.15,1754.82
2003-07-15,1000.42,9128.97,1753.21
2003-07-16,994.0,9094.59,1747.97
2003-07-17,981.73,9050.82,1698.02
2003-07-18,993.32,9188.15,1708.5
2003-07-21,978.8,9096.69,1681.41
2003-07-22,988.11,9158.45,1706.1
2003-07-23,988.61,9194.24,1719.18
2003-07-24,981.6,9112.51,1701.42
2003-07-25,998.68,9284.57,1730.7
2003-07-28,996.52,9266.51,1735.36
2003-07-29,989.28,9204.46,1731.37
2003-07-30,987.49,9200.05,1720.91
2003-07-31,990.31,9233.8,1735.02
2003-08-01,980.15,9153.97,1715.62
2003-08-04,982.82,9186.04,1714.06
2003-08-05,965.46,9036.32,1673.5
2003-08-06,967.08,9061.74,1652.68
2003-08-07,974.12,9126.45,1652.18
2003-08-08,977.59,9191.09,1644.03
2003-08-11,980.59,9217.35,1661.51
2003-08-12,990.35,9310.06,1687.01
2003-08-13,984.03,9271.76,1686.61
2003-08-14,990.51,9310.56,1700.34
2003-08-15,990.67,9321.69,1702.01
2003-08-18,999.74,9412.45,1739.49
2003-08-19,1002.35,9428.9,1761.11
2003-08-20,1000.3,9397.51,1760.54
2003-08-21,1003.28,9423.68,1777.55
2003-08-22,993.06,9348.87,1765.32
2003-08-25,993.71,9317.64,1764.31
2003-08-26,996.73,9340.45,1770.65
2003-08-27,996.79,9333.79,1782.13
2003-08-28,1002.84,9374.21,1800.18
2003-08-29,1008.01,9415.82,1810.45
2003-09-01,,,
2003-09-02,1021.99,9523.27,1841.48
2003-09-03,1026.27,9568.46,1852.9
2003-09-04,1027.97,9587.9,1868.97
2003-09-05,1021.39,9503.34,1858.24
2003-09-08,1031.64,9586.29,1888.62
2003-09-09,1023.17,9507.2,1873.43
2003-09-10,1010.92,9420.46,1823.81
2003-09-11,1016.42,9459.76,1846.09
2003-09-12,1018.63,9471.55,1855.03
2003-09-15,1014.81,9448.81,1845.7
2003-09-16,1029.32,9567.34,1887.25
2003-09-17,1025.97,9545.65,1883.1
2003-09-18,1039.58,9659.13,1909.55
2003-09-19,1036.3,9644.82,1905.7
2003-09-22,1022.82,9535.41,1874.62
2003-09-23,1029.03,9576.04,1901.72
2003-09-24,1009.38,9425.51,1843.7
2003-09-25,1003.27,9343.96,1817.24
2003-09-26,996.85,9313.08,1792.07
2003-09-29,1006.58,9380.24,1824.56
2003-09-30,995.97,9275.06,1786.94
2003-10-01,1018.22,9469.2,1832.25
2003-10-02,1020.24,9487.8,1836.22
2003-10-03,1029.85,9572.31,1880.57
2003-10-06,1034.35,9594.98,1893.46
2003-10-07,1039.25,9654.61,1907.85
2003-10-08,1033.78,9630.9,1893.78
2003-10-09,1038.73,9680.01,1911.9
2003-10-10,1038.06,9674.68,1915.31
2003-10-13,1045.35,9764.38,1933.53
2003-10-14,1049.48,9812.98,1943.19
2003-10-15,1046.76,9803.05,1939.1
2003-10-16,1050.07,9791.72,1950.14
2003-10-17,1039.32,9721.79,1912.36
2003-10-20,1044.68,9777.94,1925.14
2003-10-21,1046.03,9747.64,1940.9
2003-10-22,1030.36,9598.24,1898.07
2003-10-23,1033.77,9613.13,1885.51
2003-10-24,1028.91,9582.46,1865.59
2003-10-27,1031.13,9608.16,1882.91
2003-10-28,1046.79,9748.31,1932.26
2003-10-29,1048.11,9774.53,1936.56
2003-10-30,1046.94,9786.61,1932.69
2003-10-31,1050.71,9801.12,1932.21
2003-11-03,1059.02,9858.46,1967.7
2003-11-04,1053.25,9838.83,1957.96
2003-11-05,1051.81,9820.83,1959.37
2003-11-06,1058.05,9856.97,1976.37
2003-11-07,1053.21,9809.79,1970.74
2003-11-10,1047.11,9756.53,1941.64
2003-11-11,1046.57,9737.79,1930.75
2003-11-12,1058.56,9848.83,1973.11
2003-11-13,1058.41,9837.94,1967.35
2003-11-14,1050.35,9768.68,1930.26
2003-11-17,1043.63,9710.83,1909.61
2003-11-18,1034.15,9624.16,1881.75
2003-11-19,1042.44,9690.46,1899.65
2003-11-20,1033.65,9619.42,1881.92
2003-11-21,1035.28,9628.53,1893.88
2003-11-24,1052.08,9747.79,1947.14
2003-11-25,1053.89,9763.94,1943.04
2003-11-26,1058.45,9779.57,1953.31
2003-11-27,,,
2003-11-28,1058.2,9782.46,1960.26
2003-12-01,1070.12,9899.05,1989.82
2003-12-02,1066.62,9853.64,1980.07
2003-12-03,1064.73,9873.42,1960.25
2003-12-04,1069.72,9930.82,1968.8
2003-12-05,1061.5,9862.68,1937.82
2003-12-08,1069.3,9965.27,1948.85
2003-12-09,1060.18,9923.42,1908.32
2003-12-10,1059.05,9921.86,1904.65
2003-12-11,1071.21,10008.16,1942.32
2003-12-12,1074.14,10042.16,1949.0
2003-12-15,1068.04,10022.82,1918.26
2003-12-16,1075.13,10129.56,1924.29
2003-12-17,1076.48,10145.26,1921.33
2003-12-18,1089.18,10248.08,1956.18
2003-12-19,1088.67,10278.22,1951.02
2003-12-22,1092.94,10338.0,1955.8
2003-12-23,1096.02,10341.26,1974.78
2003-12-24,1094.04,10305.19,1969.23
2003-12-25,,,
2003-12-26,1095.89,10324.67,1973.14
2003-12-29,1109.48,10450.0,2006.48
2003-12-30,1109.64,10425.04,2009.88
2003-12-31,1111.92,10453.92,2003.37
2004-01-02,1108.48,10409.85,2006.68
2004-01-05,1122.22,10544.07,2047.36
2004-01-06,1123.67,10538.66,2057.37
2004-01-07,1126.33,10529.03,2077.68
2004-01-08,1131.92,10592.44,2100.25
2004-01-09,1121.86,10458.89,2086.92
2004-01-12,1127.23,10485.18,2111.78
2004-01-13,1121.22,10427.18,2096.44
2004-01-14,1130.52,10538.37,2111.13
2004-01-15,1132.05,10553.85,2109.08
2004-01-16,1139.83,10600.51,2140.46
2004-01-19,,,
2004-01-20,1138.77,10528.66,2147.98
2004-01-21,1147.62,10623.62,2142.45
2004-01-22,1143.94,10623.18,2119.01
2004-01-23,1141.55,10568.29,2123.87
2004-01-26,1155.37,10702.51,2153.83
2004-01-27,1144.05,10609.92,2116.04
2004-01-28,1128.48,10468.37,2077.37
2004-01-29,1134.12,10510.29,2068.23
2004-01-30,1131.13,10488.07,2066.15
2004-02-02,1135.26,10499.18,2063.15
2004-02-03,1136.03,10505.18,2066.21
2004-02-04,1126.53,10470.74,2014.14
2004-02-05,1128.59,10495.55,2019.56
2004-02-06,1142.76,10593.03,2064.01
2004-02-09,1139.81,10579.03,2060.57
2004-02-10,1145.54,10613.85,2075.33
2004-02-11,1157.76,10737.7,2089.66
2004-02-12,1152.11,10694.07,2073.61
2004-02-13,1145.81,10627.85,2053.56
2004-02-16,,,
2004-02-17,1156.99,10714.88,2080.35
2004-02-18,1151.82,10671.99,2076.47
2004-02-19,1147.06,10664.73,2045.96
2004-02-20,1144.11,10619.03,2037.93
2004-02-23,1140.99,10609.62,2007.52
2004-02-24,1139.09,10566.37,2005.44
2004-02-25,1143.67,10601.62,2022.98
2004-02-26,1144.91,10580.14,2032.57
2004-02-27,1144.94,10583.92,2029.82
2004-03-01,1155.96,10678.14,2057.8
2004-03-02,1149.1,10591.48,2039.65
2004-03-03,1151.04,10593.11,2033.36
2004-03-04,1154.88,10588.0,2055.11
2004-03-05,1156.87,10595.55,2047.63
2004-03-08,1147.21,10529.48,2008.78
2004-03-09,1140.58,10456.96,1995.16
2004-03-10,1123.89,10296.89,1964.15
2004-03-11,1106.78,10128.38,1943.89
2004-03-12,1120.57,10240.08,1984.73
2004-03-15,1104.49,10102.89,1939.2
2004-03-16,1110.7,10184.67,1943.09
2004-03-17,1123.75,10300.3,1976.76
2004-03-18,1122.32,10295.78,1962.44
2004-03-19,1109.78,10186.6,1940.47
2004-03-22,1095.4,10064.75,1909.9
2004-03-23,1093.95,10063.64,1901.8
2004-03-24,1091.33,10048.23,1909.48
2004-03-25,1109.19,10218.82,1967.17
2004-03-26,1108.06,10212.97,1960.02
2004-03-29,1122.47,10329.63,1992.57
2004-03-30,1127.0,10381.7,2000.63
2004-03-31,1126.21,10357.7,1994.22
2004-04-01,1132.17,10373.33,2015.01
2004-04-02,1141.81,10470.59,2057.17
2004-04-05,1150.57,10558.37,2079.12
2004-04-06,1148.16,10570.81,2059.9
2004-04-07,1140.53,10480.15,2050.24
2004-04-08,1139.32,10442.03,2052.88
2004-04-09,,,
2004-04-12,1145.2,10515.56,2065.48
2004-04-13,1129.44,10381.28,2030.08
2004-04-14,1128.17,10377.95,2024.85
2004-04-15,1128.84,10397.46,2002.17
2004-04-16,1134.61,10451.97,1995.74
2004-04-19,1135.82,10437.85,2020.43
2004-04-20,1118.15,10314.5,1978.63
2004-04-21,1124.09,10317.27,1995.63
2004-04-22,1139.93,10461.2,2032.91
2004-04-23,1140.6,10472.84,2049.77
2004-04-26,1135.53,10444.73,2036.77
2004-04-27,1138.11,10478.16,2032.53
2004-04-28,1122.41,10342.6,1989.54
2004-04-29,1113.89,10272.27,1958.78
2004-04-30,1107.31,10225.57,1920.15
2004-05-03,1117.49,10314.0,1938.72
2004-05-04,1119.55,10317.2,1950.48
2004-05-05,1121.53,10310.95,1957.26
2004-05-06,1113.99,10241.26,1937.74
2004-05-07,1098.7,10117.34,1917.96
2004-05-10,1087.12,9990.02,1896.07
2004-05-11,1095.45,10019.47,1931.35
2004-05-12,1097.28,10045.16,1925.59
2004-05-13,1096.44,10010.74,1926.03
2004-05-14,1095.7,10012.87,1904.25
2004-05-17,1084.1,9906.91,1876.64
2004-05-18,1091.49,9968.51,1897.82
2004-05-19,1088.69,9937.71,1898.17
2004-05-20,1089.19,9937.64,1896.59
2004-05-21,1093.56,9966.74,1912.09
2004-05-24,1095.41,9958.43,1922.98
2004-05-25,1113.05,10117.62,1964.65
2004-05-26,1114.94,10109.89,1976.15
2004-05-27,1121.28,10205.2,1984.5
2004-05-28,1120.68,10188.45,1986.74
2004-05-31,,,
2004-06-01,1121.2,10202.65,1990.77
2004-06-02,1124.99,10262.97,1988.98
2004-06-03,1116.64,10195.91,1960.26
2004-06-04,1122.5,10242.82,1978.62
2004-06-07,1140.42,10391.08,2020.62
2004-06-08,1142.18,10432.52,2023.53
2004-06-09,1131.33,10368.44,1990.61
2004-06-10,1136.47,10410.1,1999.87
2004-06-11,,,
2004-06-14,1125.29,10334.73,1969.99
2004-06-15,1132.01,10380.43,1995.6
2004-06-16,1133.56,10379.58,1998.23
2004-06-17,1132.05,10377.52,1983.67
2004-06-18,1135.02,10416.41,1986.73
2004-06-21,1130.3,10371.47,1974.38
2004-06-22,1134.41,10395.07,1994.15
2004-06-23,1144.06,10479.57,2020.98
2004-06-24,1140.65,10443.81,2015.57
2004-06-25,1134.43,10371.84,2025.47
2004-06-28,1133.35,10357.09,2019.82
2004-06-29,1136.2,10413.43,2034.93
2004-06-30,1140.84,10435.48,2047.79
2004-07-01,1128.94,10334.16,2015.55
2004-07-02,1125.38,10282.83,2006.66
2004-07-05,,,
2004-07-06,1116.21,10219.34,1963.43
2004-07-07,1118.33,10240.29,1966.08
2004-07-08,1109.11,10171.56,1935.32
2004-07-09,1112.81,10213.22,1946.33
2004-07-12,1114.35,10238.22,1936.92
2004-07-13,1115.14,10247.59,1931.66
2004-07-14,1111.47,10208.8,1914.88
2004-07-15,1106.69,10163.16,1912.71
2004-07-16,1101.4,10139.78,1883.15
2004-07-19,1100.91,10094.06,1883.83
2004-07-20,1108.67,10149.07,1917.07
2004-07-21,1093.88,10046.13,1874.37
2004-07-22,1096.85,10050.33,1889.06
2004-07-23,1086.2,9962.22,1849.09
2004-07-26,1084.07,9961.92,1839.02
2004-07-27,1094.83,10085.14,1869.1
2004-07-28,1095.42,10117.07,1858.26
2004-07-29,1100.43,10129.24,1881.06
2004-07-30,1101.72,10139.71,1887.36
2004-08-02,1106.62,10179.16,1892.09
2004-08-03,1099.69,10120.24,1859.42
2004-08-04,1098.63,10126.51,1855.06
2004-08-05,1080.7,9963.03,1821.63
2004-08-06,1063.97,9815.33,1776.89
2004-08-09,1065.22,9814.66,1774.64
2004-08-10,1079.04,9944.67,1808.7
2004-08-11,1075.8,9938.32,1782.42
2004-08-12,1063.23,9814.59,1752.49
2004-08-13,1064.8,9825.35,1757.22
2004-08-16,1079.34,9954.55,1782.84
2004-08-17,1081.71,9972.83,1795.25
2004-08-18,1095.17,10083.15,1831.37
2004-08-19,1091.23,10040.82,1819.89
2004-08-20,1098.35,10110.14,1838.02
2004-08-23,1095.68,10073.05,1838.7
2004-08-24,1096.19,10098.63,1836.89
2004-08-25,1104.96,10181.74,1860.72
2004-08-26,1105.09,10173.41,1852.92
2004-08-27,1107.77,10195.01,1862.09
2004-08-30,1099.15,10122.52,1836.49
2004-08-31,1104.24,10173.92,1838.1
2004-09-01,1105.91,10168.46,1850.41
2004-09-02,1118.31,10290.28,1873.43
2004-09-03,1113.63,10260.2,1844.48
2004-09-06,,,
2004-09-07,1121.3,10342.79,1858.56
2004-09-08,1116.27,10313.36,1850.64
2004-09-09,1118.38,10289.1,1869.65
2004-09-10,1123.92,10313.07,1894.31
2004-09-13,1125.82,10314.76,1910.38
2004-09-14,1128.33,10318.16,1915.4
2004-09-15,1120.37,10231.36,1896.52
2004-09-16,1123.5,10244.49,1904.08
2004-09-17,1128.55,10284.46,1910.09
2004-09-20,1122.2,10204.89,1908.07
2004-09-21,1129.3,10244.93,1921.18
2004-09-22,1113.56,10109.18,1885.71
2004-09-23,1108.36,10038.9,1886.43
2004-09-24,1110.11,10047.24,1879.48
2004-09-27,1103.52,9988.54,1859.88
2004-09-28,1110.06,10077.4,1869.87
2004-09-29,1114.8,10136.24,1893.94
2004-09-30,1114.58,10080.27,1896.84
2004-10-01,1131.5,10192.65,1942.2
2004-10-04,1135.17,10216.54,1952.4
2004-10-05,1134.48,10177.68,1955.5
2004-10-06,1142.05,10239.92,1971.03
2004-10-07,1130.65,10125.4,1948.52
2004-10-08,1122.14,10055.2,1919.97
2004-10-11,1124.39,10081.97,1928.76
2004-10-12,1121.84,10077.18,1925.17
2004-10-13,1113.65,10002.33,1920.53
2004-10-14,1103.29,9894.45,1903.02
2004-10-15,1108.2,9933.38,1911.5
2004-10-18,1114.02,9956.32,1936.52
2004-10-19,1103.23,9897.62,1922.9
2004-10-20,1103.66,9886.93,1932.97
2004-10-21,1106.49,9865.76,1953.62
2004-10-22,1095.73,9757.81,1915.14
2004-10-25,1094.81,9749.99,1914.04
2004-10-26,1111.09,9888.48,1928.79
2004-10-27,1125.4,10002.03,1969.99
2004-10-28,1127.44,10004.54,1975.74
2004-10-29,1130.2,10027.47,1974.99
2004-11-01,1130.51,10054.39,1979.87
2004-11-02,1130.55,10035.73,1984.79
2004-11-03,1143.2,10137.05,2004.33
2004-11-04,1161.67,10314.76,2023.63
2004-11-05,1166.17,10387.54,2038.94
2004-11-08,1164.89,10391.31,2039.25
2004-11-09,1164.08,10386.37,2043.33
2004-11-10,1162.91,10385.48,2034.56
2004-11-11,1173.48,10469.84,2061.27
2004-11-12,1184.17,10539.01,2085.34
2004-11-15,1183.82,10550.24,2094.09
2004-11-16,1175.43,10487.65,2078.62
2004-11-17,1181.94,10549.57,2099.68
2004-11-18,1183.55,10572.55,2104.28
2004-11-19,1170.34,10456.91,2070.63
2004-11-22,1177.24,10489.42,2085.19
2004-11-23,1176.94,10492.6,2084.28
2004-11-24,1181.76,10520.31,2102.54
2004-11-25,,,
2004-11-26,1182.65,10522.23,2101.97
2004-11-29,1178.57,10475.9,2106.87
2004-11-30,1173.82,10428.02,2096.81
2004-12-01,1191.37,10590.22,2138.23
2004-12-02,1190.33,10585.12,2143.57
2004-12-03,1191.17,10592.21,2147.96
2004-12-06,1190.25,10547.06,2151.25
2004-12-07,1177.08,10440.58,2114.66
2004-12-08,1182.81,10494.23,2126.11
2004-12-09,1189.24,10552.82,2129.01
2004-12-10,1188.0,10543.22,2128.07
2004-12-13,1198.68,10638.32,2148.5
2004-12-14,1203.38,10676.45,2159.84
2004-12-15,1205.72,10691.45,2162.55
2004-12-16,1203.21,10705.64,2146.15
2004-12-17,1194.22,10649.92,2135.2
2004-12-20,1194.65,10661.6,2127.85
2004-12-21,1205.46,10759.43,2150.91
2004-12-22,1209.57,10815.89,2157.03
2004-12-23,1210.13,10827.12,2160.62
2004-12-24,,,
2004-12-27,1204.92,10776.13,2154.22
2004-12-28,1213.54,10854.54,2177.19
2004-12-29,1213.45,10829.19,2177.0
2004-12-30,1213.55,10800.3,2178.34
2004-12-31,1211.92,10783.01,2175.44
2005-01-03,1202.08,10729.43,2152.15
2005-01-04,1188.05,10630.78,2107.86
2005-01-05,1183.74,10597.83,2091.24
2005-01-06,1187.89,10622.88,2090.0
2005-01-07,1186.19,10603.96,2088.61
2005-01-10,1190.24,10621.03,2097.04
2005-01-11,1182.99,10556.22,2079.62
2005-01-12,1187.7,10617.78,2092.53
2005-01-13,1177.45,10505.83,2070.56
2005-01-14,1184.52,10558.0,2087.91
2005-01-17,,,
2005-01-18,1195.98,10628.79,2106.04
2005-01-19,1184.63,10539.97,2073.59
2005-01-20,1175.41,10471.47,2045.88
2005-01-21,1167.87,10392.99,2034.27
2005-01-24,1163.75,10368.61,2008.7
2005-01-25,1168.41,10461.56,2019.95
2005-01-26,1174.07,10498.59,2046.09
2005-01-27,1174.55,10467.4,2047.15
2005-01-28,1171.36,10427.2,2035.83
2005-01-31,1181.27,10489.94,2062.41
2005-02-01,1189.41,10551.94,2068.7
2005-02-02,1193.19,10596.79,2075.06
2005-02-03,1189.89,10593.1,2057.64
2005-02-04,1203.03,10716.13,2086.66
2005-02-07,1201.72,10715.76,2082.03
2005-02-08,1202.3,10724.63,2086.68
2005-02-09,1191.99,10664.11,2052.55
2005-02-10,1197.01,10749.61,2053.1
2005-02-11,1205.3,10796.01,2076.66
2005-02-14,1206.14,10791.13,2082.91
2005-02-15,1210.13,10837.32,2089.21
2005-02-16,1210.34,10834.88,2087.43
2005-02-17,1200.75,10754.26,2061.34
2005-02-18,1201.59,10785.22,2058.62
2005-02-21,,,
2005-02-22,1184.16,10611.2,2030.32
2005-02-23,1190.8,10673.79,2031.25
2005-02-24,1200.2,10748.79,2051.7
2005-02-25,1211.37,10841.6,2065.4
2005-02-28,1203.6,10766.23,2051.72
2005-03-01,1210.41,10830.0,2071.25
2005-03-02,1210.08,10811.97,2067.5
2005-03-03,1210.47,10833.03,2058.4
2005-03-04,1222.13,10940.55,2070.61
2005-03-07,1225.31,10936.86,2090.21
2005-03-08,1219.43,10912.62,2073.55
2005-03-09,1207.01,10805.62,2061.29
2005-03-10,1209.25,10851.51,2059.72
2005-03-11,1200.08,10774.36,2041.6
2005-03-14,1206.83,10804.51,2051.04
2005-03-15,1197.75,10745.1,2034.98
2005-03-16,1188.07,10633.07,2015.75
2005-03-17,1190.21,10626.35,2016.42
2005-03-18,1189.65,10629.67,2007.79
2005-03-21,1183.79,10565.39,2007.51
2005-03-22,1171.71,10470.51,1989.34
2005-03-23,1172.53,10456.02,1990.22
2005-03-24,1171.42,10442.87,1991.06
2005-03-25,,,
2005-03-28,1174.28,10485.65,1992.52
2005-03-29,1165.36,10405.7,1973.88
2005-03-30,1181.41,10540.93,2005.67
2005-03-31,1180.59,10503.76,1999.23
2005-04-01,1172.92,10404.3,1984.81
2005-04-04,1176.12,10421.14,1991.07
2005-04-05,1181.39,10458.46,1999.32
2005-04-06,1184.07,10486.02,1999.14
2005-04-07,1191.14,10546.32,2018.79
2005-04-08,1181.2,10461.34,1999.35
2005-04-11,1181.21,10448.56,1992.12
2005-04-12,1187.76,10507.97,2005.4
2005-04-13,1173.79,10403.93,1974.37
2005-04-14,1162.05,10278.75,1946.71
2005-04-15,1142.62,10087.51,1908.15
2005-04-18,1145.98,10071.25,1912.92
2005-04-19,1152.78,10127.41,1932.36
2005-04-20,1137.5,10012.36,1913.76
2005-04-21,1159.95,10218.6,1962.41
2005-04-22,1152.12,10157.71,1932.19
2005-04-25,1162.1,10242.47,1950.78
2005-04-26,1151.74,10151.13,1927.44
2005-04-27,1156.38,10198.8,1930.43
2005-04-28,1143.22,10070.37,1904.18
2005-04-29,1156.85,10192.51,1921.65
2005-05-02,1162.16,10251.7,1928.65
2005-05-03,1161.17,10256.95,1933.07
2005-05-04,1175.65,10384.64,1962.23
2005-05-05,1172.63,10340.38,1961.8
2005-05-06,1171.35,10345.4,1967.35
2005-05-09,1178.84,10384.34,1979.67
2005-05-10,1166.22,10281.11,1962.77
2005-05-11,1171.11,10300.25,1971.55
2005-05-12,1159.36,10189.48,1963.88
2005-05-13,1154.05,10140.12,1976.78
2005-05-16,1165.69,10252.29,1994.43
2005-05-17,1173.8,10331.88,2004.15
2005-05-18,1185.56,10464.45,2030.65
2005-05-19,1191.08,10493.19,2042.58
2005-05-20,1189.28,10471.91,2046.42
2005-05-23,1193.86,10523.56,2056.65
2005-05-24,1194.07,10503.68,2061.62
2005-05-25,1190.01,10457.8,2050.12
2005-05-26,1197.63,10537.6,2071.24
2005-05-27,1198.78,10542.55,2075.73
2005-05-30,,,
2005-05-31,1191.5,10467.48,2068.22
2005-06-01,1202.27,10549.87,2087.86
2005-06-02,1204.29,10553.49,2097.8
2005-06-03,1196.02,10460.97,2071.43
2005-06-06,1197.51,10467.03,2075.76
2005-06-07,1197.26,10483.07,2067.16
2005-06-08,1194.67,10476.86,2060.18
2005-06-09,1200.93,10503.02,2076.91
2005-06-10,1198.11,10512.63,2063.0
2005-06-13,1200.82,10522.56,2068.96
2005-06-14,1203.91,10547.57,2069.04
2005-06-15,1206.58,10566.37,2074.92
2005-06-16,1210.96,10578.65,2089.15
2005-06-17,1216.96,10623.07,2090.11
2005-06-20,1216.1,10609.11,2088.13
2005-06-21,1213.61,10599.67,2091.07
2005-06-22,1213.88,10587.93,2092.03
2005-06-23,1200.73,10421.44,2070.66
2005-06-24,1191.57,10297.84,2053.27
2005-06-27,1190.69,10290.78,2045.2
2005-06-28,1201.57,10405.63,2069.89
2005-06-29,1199.85,10374.48,2068.89
2005-06-30,1191.33,10274.97,2056.96
2005-07-01,1194.44,10303.44,2057.37
2005-07-04,,,
2005-07-05,1204.99,10371.8,2078.75
2005-07-06,1194.94,10270.68,2068.65
2005-07-07,1197.87,10302.29,2075.66
2005-07-08,1211.86,10449.14,2112.88
2005-07-11,1219.44,10519.72,2135.43
2005-07-12,1222.21,10513.89,2143.15
2005-07-13,1223.29,10557.39,2144.11
2005-07-14,1226.5,10628.89,2152.82
2005-07-15,1227.92,10640.83,2156.78
2005-07-18,1221.13,10574.99,2144.87
2005-07-19,1229.35,10646.56,2173.18
2005-07-20,1235.2,10689.15,2188.57
2005-07-21,1227.04,10627.77,2178.6
2005-07-22,1233.68,10651.18,2179.74
2005-07-25,1229.03,10596.48,2166.74
2005-07-26,1231.16,10579.77,2175.99
2005-07-27,1236.79,10637.09,2186.22
2005-07-28,1243.72,10705.55,2198.44
2005-07-29,1234.18,10640.91,2184.83
2005-08-01,1235.35,10623.15,2195.38
2005-08-02,1244.12,10683.74,2218.15
2005-08-03,1245.05,10697.59,2216.81
2005-08-04,1235.86,10610.1,2191.32
2005-08-05,1226.42,10558.03,2177.91
2005-08-08,1223.13,10536.93,2164.39
2005-08-09,1231.38,10615.67,2174.19
2005-08-10,1229.13,10594.41,2157.81
2005-08-11,1237.81,10685.89,2174.55
2005-08-12,1230.39,10600.31,2156.9
2005-08-15,1233.87,10634.38,2167.04
2005-08-16,1219.34,10513.45,2137.06
2005-08-17,1220.24,10550.71,2145.15
2005-08-18,1219.02,10554.93,2136.08
2005-08-19,1219.71,10559.23,2135.56
2005-08-22,1221.73,10569.89,2141.41
2005-08-23,1217.57,10519.58,2137.25
2005-08-24,1209.59,10434.87,2128.91
2005-08-25,1212.4,10450.63,2134.37
2005-08-26,1205.1,10397.29,2120.77
2005-08-29,1212.28,10463.05,2137.65
2005-08-30,1208.41,10412.82,2129.76
2005-08-31,1220.33,10481.6,2152.09
2005-09-01,1221.59,10459.63,2147.9
2005-09-02,1218.02,10447.37,2141.07
2005-09-05,,,
2005-09-06,1233.39,10589.24,2166.86
2005-09-07,1236.36,10633.5,2172.03
2005-09-08,1231.67,10595.93,2166.03
2005-09-09,1241.48,10678.56,2175.51
2005-09-12,1240.56,10682.94,2182.83
2005-09-13,1231.2,10597.44,2171.75
2005-09-14,1227.16,10544.9,2149.33
2005-09-15,1227.73,10558.75,2146.15
2005-09-16,1237.91,10641.94,2160.35
2005-09-19,1231.02,10557.63,2145.26
2005-09-20,1221.35,10481.52,2131.33
2005-09-21,1210.2,10378.03,2106.64
2005-09-22,1214.62,10422.05,2110.78
2005-09-23,1215.29,10419.59,2116.84
2005-09-26,1215.63,10443.63,2121.46
2005-09-27,1215.66,10456.21,2116.42
2005-09-28,1216.89,10473.09,2115.4
2005-09-29,1227.68,10552.78,2141.22
2005-09-30,1228.81,10568.7,2151.69
2005-10-03,1226.7,10535.48,2155.43
2005-10-04,1214.47,10441.11,2139.36
2005-10-05,1196.39,10317.36,2103.02
2005-10-06,1191.49,10287.1,2084.08
2005-10-07,1195.9,10292.31,2090.35
2005-10-10,1187.33,10238.76,2078.92
2005-10-11,1184.87,10253.17,2061.09
2005-10-12,1177.68,10216.91,2037.47
2005-10-13,1176.84,10216.59,2047.22
2005-10-14,1186.57,10287.34,2064.83
2005-10-17,1190.1,10348.1,2070.3
2005-10-18,1178.14,10285.26,2056.0
2005-10-19,1195.76,10414.13,2091.24
2005-10-20,1177.8,10281.1,2068.11
2005-10-21,1179.59,10215.22,2082.21
2005-10-24,1199.38,10385.0,2115.83
2005-10-25,1196.54,10377.87,2109.45
2005-10-26,1191.38,10344.98,2100.05
2005-10-27,1178.9,10229.95,2063.81
2005-10-28,1198.41,10402.77,2089.88
2005-10-31,1207.01,10440.07,2120.3
2005-11-01,1202.76,10406.77,2114.05
2005-11-02,1214.76,10472.73,2144.31
2005-11-03,1219.94,10522.59,2160.22
2005-11-04,1220.14,10530.76,2169.43
2005-11-07,1222.81,10586.23,2178.24
2005-11-08,1218.59,10539.72,2172.07
2005-11-09,1220.65,10546.21,2175.81
2005-11-10,1230.96,10640.1,2196.68
2005-11-11,1234.71,10686.04,2202.47
2005-11-14,1233.76,10697.17,2200.95
2005-11-15,1229.01,10686.44,2186.74
2005-11-16,1231.21,10674.76,2187.93
2005-11-17,1242.8,10720.22,2220.46
2005-11-18,1248.27,10766.33,2227.07
2005-11-21,1254.85,10820.28,2241.67
2005-11-22,1261.23,10871.43,2253.56
2005-11-23,1265.61,10916.09,2259.98
2005-11-24,,,
2005-11-25,1268.25,10931.62,2263.01
2005-11-28,1257.46,10890.72,2239.37
2005-11-29,1257.48,10888.16,2232.71
2005-11-30,1249.48,10805.87,2232.82
2005-12-01,1264.67,10912.57,2267.17
2005-12-02,1265.08,10877.51,2273.37
2005-12-05,1262.09,10835.01,2257.64
2005-12-06,1263.7,10856.86,2260.76
2005-12-07,1257.37,10810.91,2252.01
2005-12-08,1255.84,10755.12,2246.46
2005-12-09,1259.37,10778.58,2256.73
2005-12-12,1260.43,10767.77,2260.95
2005-12-13,1267.43,10823.72,2265.0
2005-12-14,1272.74,10883.51,2262.59
2005-12-15,1270.94,10881.67,2260.63
2005-12-16,1267.32,10875.59,2252.48
2005-12-19,1259.92,10836.53,2222.74
2005-12-20,1259.62,10805.55,2222.42
2005-12-21,1262.8,10833.73,2231.66
2005-12-22,1268.12,10889.44,2246.49
2005-12-23,1268.66,10883.27,2249.42
2005-12-26,,,
2005-12-27,1256.54,10777.77,2226.89
2005-12-28,1258.17,10796.26,2228.94
2005-12-29,1254.42,10784.82,2218.16
2005-12-30,1248.29,10717.5,2205.32
2006-01-02,,,
2006-01-03,1268.8,10847.41,2243.74
2006-01-04,1273.46,10880.15,2263.46
2006-01-05,1273.48,10882.15,2276.87
2006-01-06,1285.45,10959.31,2305.62
2006-01-09,1290.15,11011.9,2318.69
2006-01-10,1289.69,11011.58,2320.32
2006-01-11,1294.18,11043.44,2331.36
2006-01-12,1286.06,10962.36,2316.69
2006-01-13,1287.61,10959.87,2317.04
2006-01-16,,,
2006-01-17,1282.93,10896.32,2302.69
2006-01-18,1277.93,10854.86,2279.64
2006-01-19,1285.04,10880.71,2301.81
2006-01-20,1261.48,10667.39,2247.7
2006-01-23,1263.83,10688.77,2248.47
2006-01-24,1266.86,10712.22,2265.25
2006-01-25,1264.68,10709.74,2260.65
2006-01-26,1273.83,10809.47,2283.0
2006-01-27,1283.72,10907.21,2304.23
2006-01-30,1285.2,10899.92,2306.78
2006-01-31,1280.09,10864.86,2305.82
2006-02-01,1282.46,10953.95,2310.56
2006-02-02,1270.84,10851.98,2281.57
2006-02-03,1264.03,10793.62,2262.58
2006-02-06,1265.02,10798.27,2258.8
2006-02-07,1254.78,10749.76,2244.96
2006-02-08,1265.65,10858.62,2266.98
2006-02-09,1263.78,10883.35,2255.87
2006-02-10,1266.99,10919.05,2261.88
2006-02-13,1262.86,10892.32,2239.81
2006-02-14,1275.53,11028.39,2262.17
2006-02-15,1280.0,11058.97,2276.43
2006-02-16,1289.38,11120.68,2294.63
2006-02-17,1287.24,11115.32,2282.36
2006-02-20,,,
2006-02-21,1283.03,11069.06,2262.96
2006-02-22,1292.67,11137.17,2283.17
2006-02-23,1287.79,11069.22,2279.32
2006-02-24,1289.43,11061.85,2287.04
2006-02-27,1294.12,11097.55,2307.18
2006-02-28,1280.66,10993.41,2281.39
2006-03-01,1291.24,11053.53,2314.64
2006-03-02,1289.14,11025.51,2311.11
2006-03-03,1287.23,11021.59,2302.6
2006-03-06,1278.26,10958.59,2286.03
2006-03-07,1275.88,10980.69,2268.38
2006-03-08,1278.47,11005.74,2267.46
2006-03-09,1272.23,10972.28,2249.72
2006-03-10,1281.58,11076.34,2262.04
2006-03-13,1284.13,11076.02,2267.03
2006-03-14,1297.48,11151.34,2295.9
2006-03-15,1303.02,11209.77,2311.84
2006-03-16,1305.33,11253.24,2299.56
2006-03-17,1307.25,11279.65,2306.48
2006-03-20,1305.08,11274.53,2314.11
2006-03-21,1297.23,11235.47,2294.23
2006-03-22,1305.04,11317.43,2303.35
2006-03-23,1301.67,11270.29,2300.15
2006-03-24,1302.95,11279.97,2312.82
2006-03-27,1301.61,11250.11,2315.58
2006-03-28,1293.22,11154.54,2304.46
2006-03-29,1302.89,11215.7,2337.78
2006-03-30,1300.25,11150.7,2340.82
2006-03-31,1294.83,11109.32,2339.79
2006-04-03,1297.81,11144.94,2336.74
2006-04-04,1305.94,11203.85,2345.36
2006-04-05,1311.56,11239.55,2359.75
2006-04-06,1309.04,11216.5,2361.17
2006-04-07,1295.5,11120.04,2339.02
2006-04-10,1296.61,11141.33,2333.27
2006-04-11,1286.58,11089.63,2310.35
2006-04-12,1288.13,11129.97,2314.68
2006-04-13,1289.12,11137.65,2326.11
2006-04-14,,,
2006-04-17,1285.33,11073.78,2311.16
2006-04-18,1307.65,11268.77,2356.14
2006-04-19,1309.93,11278.77,2370.88
2006-04-20,1311.46,11342.89,2362.55
2006-04-21,1311.28,11347.45,2342.86
2006-04-24,1308.11,11336.32,2333.38
2006-04-25,1301.74,11283.25,2330.3
2006-04-26,1305.41,11354.49,2333.63
2006-04-27,1309.72,11382.51,2344.95
2006-04-28,1310.61,11367.14,2322.57
2006-05-01,1305.19,11343.29,2304.79
2006-05-02,1313.21,11416.45,2309.84
2006-05-03,1307.85,11400.28,2303.97
2006-05-04,1312.25,11438.86,2323.9
2006-05-05,1325.76,11577.74,2342.57
2006-05-08,1324.66,11584.54,2344.99
2006-05-09,1325.14,11639.77,2338.25
2006-05-10,1322.85,11642.65,2320.74
2006-05-11,1305.92,11500.73,2272.7
2006-05-12,1291.24,11380.99,2243.78
2006-05-15,1294.5,11428.77,2238.52
2006-05-16,1292.08,11419.89,2229.13
2006-05-17,1270.32,11205.61,2195.8
2006-05-18,1261.81,11128.29,2180.32
2006-05-19,1267.03,11144.06,2193.88
2006-05-22,1262.07,11125.33,2172.86
2006-05-23,1256.58,11098.35,2158.76
2006-05-24,1258.57,11117.32,2169.17
2006-05-25,1272.88,11211.05,2198.24
2006-05-26,1280.16,11278.61,2210.37
2006-05-29,,,
2006-05-30,1259.84,11094.43,2164.74
2006-05-31,1270.09,11168.31,2178.88
2006-06-01,1285.71,11260.28,2219.86
2006-06-02,1288.22,11247.87,2219.41
2006-06-05,1265.29,11048.72,2169.62
2006-06-06,1263.85,11002.14,2162.78
2006-06-07,1256.15,10930.9,2151.8
2006-06-08,1257.93,10938.82,2145.32
2006-06-09,1252.3,10891.92,2135.06
2006-06-12,1236.4,10792.58,2091.32
2006-06-13,1223.69,10706.14,2072.47
2006-06-14,1230.04,10816.92,2086.0
2006-06-15,1256.16,11015.19,2144.15
2006-06-16,1251.54,11014.55,2129.95
2006-06-19,1240.14,10942.11,2110.42
2006-06-20,1240.12,10974.84,2107.06
2006-06-21,1252.21,11079.46,2141.2
2006-06-22,1245.6,11019.11,2122.98
2006-06-23,1244.5,10989.09,2121.47
2006-06-26,1250.56,11045.28,2133.67
2006-06-27,1239.2,10924.74,2100.25
2006-06-28,1246.0,10973.56,2111.84
2006-06-29,1272.87,11190.8,2174.38
2006-06-30,1270.2,11150.22,2172.09
2006-07-03,1280.19,11228.02,2190.43
2006-07-04,,,
2006-07-05,1270.91,11151.82,2153.34
2006-07-06,1274.08,11225.3,2155.09
2006-07-07,1265.48,11090.67,2130.06
2006-07-10,1267.34,11103.55,2116.93
2006-07-11,1272.52,11134.77,2128.86
2006-07-12,1258.6,11013.18,2090.24
2006-07-13,1242.29,10846.29,2054.11
2006-07-14,1236.2,10739.35,2037.35
2006-07-17,1234.49,10747.36,2037.72
2006-07-18,1236.86,10799.23,2043.22
2006-07-19,1259.81,11011.42,2080.71
2006-07-20,1249.13,10928.1,2039.42
2006-07-21,1240.29,10868.38,2020.39
2006-07-24,1260.91,11051.05,2061.84
2006-07-25,1268.88,11103.71,2073.9
2006-07-26,1268.4,11102.51,2070.46
2006-07-27,1263.2,11100.43,2054.47
2006-07-28,1278.55,11219.7,2094.14
2006-07-31,1276.66,11185.68,2091.47
2006-08-01,1270.92,11125.73,2061.99
2006-08-02,1278.55,11199.93,2078.81
2006-08-03,1280.27,11242.59,2092.34
2006-08-04,1279.36,11240.35,2085.05
2006-08-07,1275.77,11219.38,2072.5
2006-08-08,1271.48,11173.59,2060.85
2006-08-09,1265.95,11076.18,2060.28
2006-08-10,1271.81,11124.37,2071.74
2006-08-11,1266.74,11088.03,2057.71
2006-08-14,1268.21,11097.87,2069.04
2006-08-15,1285.58,11230.26,2115.01
2006-08-16,1295.43,11327.12,2149.54
2006-08-17,1297.48,11334.96,2157.61
2006-08-18,1302.3,11381.47,2163.95
2006-08-21,1297.52,11345.05,2147.75
2006-08-22,1298.82,11339.84,2150.02
2006-08-23,1292.99,11297.9,2134.66
2006-08-24,1296.06,11304.46,2137.11
2006-08-25,1295.09,11284.05,2140.29
2006-08-28,1301.79,11352.01,2160.7
2006-08-29,1304.28,11369.94,2172.3
2006-08-30,1304.27,11382.91,2185.73
2006-08-31,1303.82,11381.15,2183.75
2006-09-01,1311.01,11464.15,2193.16
2006-09-04,,,
2006-09-05,1313.25,11469.28,2205.7
2006-09-06,1300.26,11406.2,2167.84
2006-09-07,1294.02,11331.44,2155.29
2006-09-08,1298.92,11392.11,2165.79
2006-09-11,1299.54,11396.84,2173.25
2006-09-12,1313.11,11498.09,2215.82
2006-09-13,1318.07,11543.32,2227.67
2006-09-14,1316.28,11527.39,2228.73
2006-09-15,1319.87,11560.77,2235.59
2006-09-18,1321.18,11555.0,2235.75
2006-09-19,1318.31,11540.91,2222.37
2006-09-20,1325.18,11613.19,2252.89
2006-09-21,1318.03,11533.23,2237.75
2006-09-22,1314.78,11508.1,2218.93
2006-09-25,1326.37,11575.81,2249.07
2006-09-26,1336.34,11669.39,2261.34
2006-09-27,1336.59,11689.24,2263.39
2006-09-28,1339.15,11718.45,2270.02
2006-09-29,1335.85,11679.07,2258.43
2006-10-02,1331.32,11670.35,2237.6
2006-10-03,1334.11,11727.34,2243.65
2006-10-04,1350.22,11850.61,2290.95
2006-10-05,1353.22,11866.69,2306.34
2006-10-06,1349.58,11850.21,2299.99
2006-10-09,1350.66,11857.81,2311.77
2006-10-10,1353.42,11867.17,2315.43
2006-10-11,1349.95,11852.13,2308.27
2006-10-12,1362.83,11947.7,2346.18
2006-10-13,1365.62,11960.51,2357.29
2006-10-16,1369.06,11980.6,2363.84
2006-10-17,1364.05,11950.02,2344.95
2006-10-18,1365.96,11992.68,2337.15
2006-10-19,1366.96,12011.73,2340.94
2006-10-20,1368.6,12002.37,2342.3
2006-10-23,1377.02,12116.91,2355.56
2006-10-24,1377.38,12127.88,2344.84
2006-10-25,1382.23,12134.68,2356.59
2006-10-26,1389.09,12163.66,2379.1
2006-10-27,1377.34,12090.26,2350.62
2006-10-30,1377.93,12086.5,2363.77
2006-10-31,1377.94,12080.73,2366.71
2006-11-01,1367.81,12031.02,2334.35
2006-11-02,1367.34,12018.54,2334.02
2006-11-03,1364.3,11986.04,2330.79
2006-11-06,1379.78,12105.55,2365.95
2006-11-07,1382.84,12156.77,2375.88
2006-11-08,1385.72,12176.54,2384.94
2006-11-09,1378.33,12103.3,2376.01
2006-11-10,1380.9,12108.43,2389.72
2006-11-13,1384.42,12131.88,2406.38
2006-11-14,1393.22,12218.01,2430.66
2006-11-15,1396.57,12251.71,2442.75
2006-11-16,1399.76,12305.82,2449.06
2006-11-17,1401.2,12342.56,2445.86
2006-11-20,1400.5,12316.54,2452.72
2006-11-21,1402.81,12321.59,2454.84
2006-11-22,1406.09,12326.95,2465.98
2006-11-23,,,
2006-11-24,1400.95,12280.17,2460.26
2006-11-27,1381.9,12121.71,2405.92
2006-11-28,1386.72,12136.45,2412.61
2006-11-29,1399.48,12226.73,2432.23
2006-11-30,1400.63,12221.93,2431.77
2006-12-01,1396.71,12194.13,2413.21
2006-12-04,1409.12,12283.85,2448.39
2006-12-05,1414.76,12331.6,2452.38
2006-12-06,1412.9,12309.25,2445.86
2006-12-07,1407.29,12278.41,2427.69
2006-12-08,1409.84,12307.49,2437.36
2006-12-11,1413.04,12328.48,2442.86
2006-12-12,1411.56,12315.58,2431.6
2006-12-13,1413.21,12317.5,2432.41
2006-12-14,1425.49,12416.76,2453.85
2006-12-15,1427.09,12445.52,2457.2
2006-12-18,1422.48,12441.27,2435.57
2006-12-19,1425.55,12471.32,2429.55
2006-12-20,1423.53,12463.87,2427.61
2006-12-21,1418.3,12421.25,2415.85
2006-12-22,1410.77,12343.22,2401.18
2006-12-25,,,
2006-12-26,1416.9,12407.63,2413.51
2006-12-27,1426.84,12510.57,2431.22
2006-12-28,1424.73,12501.52,2425.57
2006-12-29,1418.3,12463.15,2415.29
2007-01-02,,,
2007-01-03,1416.6,12474.52,2423.16
2007-01-04,1418.34,12480.69,2453.43
2007-01-05,1409.71,12398.01,2434.25
2007-01-08,1412.84,12423.49,2438.2
2007-01-09,1412.11,12416.6,2443.83
2007-01-10,1414.85,12442.16,2459.33
2007-01-11,1423.83,12514.98,2484.85
2007-01-12,1430.73,12556.08,2502.82
2007-01-15,,,
2007-01-16,1431.9,12582.59,2497.78
2007-01-17,1430.62,12577.15,2479.42
2007-01-18,1426.37,12567.93,2443.21
2007-01-19,1430.5,12565.53,2451.31
2007-01-22,1422.96,12477.16,2431.07
2007-01-23,1427.99,12533.8,2431.41
2007-01-24,1440.13,12621.77,2466.28
2007-01-25,1423.9,12502.56,2434.24
2007-01-26,1422.18,12487.02,2435.49
2007-01-29,1420.62,12490.78,2441.09
2007-01-30,1428.82,12523.31,2448.64
2007-01-31,1438.24,12621.69,2463.93
2007-02-01,1445.94,12673.68,2468.38
2007-02-02,1448.39,12653.49,2475.88
2007-02-05,1446.99,12661.74,2470.6
2007-02-06,1448.0,12666.31,2471.49
2007-02-07,1450.02,12666.87,2490.5
2007-02-08,1448.31,12637.63,2488.67
2007-02-09,1438.06,12580.83,2459.82
2007-02-12,1433.37,12552.55,2450.38
2007-02-13,1444.26,12654.85,2459.88
2007-02-14,1455.3,12741.86,2488.38
2007-02-15,1456.81,12765.01,2497.1
2007-02-16,1455.54,12767.57,2496.31
2007-02-19,,,
2007-02-20,1459.68,12786.64,2513.04
2007-02-21,1457.63,12738.41,2518.42
2007-02-22,1456.38,12686.02,2524.94
2007-02-23,1451.19,12647.48,2515.1
2007-02-26,1449.38,12632.26,2504.52
2007-02-27,1399.04,12216.24,2407.86
2007-02-28,1406.82,12268.63,2416.15
2007-03-01,1403.17,12234.34,2404.21
2007-03-02,1387.17,12114.1,2368.0
2007-03-05,1374.12,12050.41,2340.68
2007-03-06,1395.41,12207.59,2385.14
2007-03-07,1391.97,12192.45,2374.64
2007-03-08,1401.89,12260.7,2387.73
2007-03-09,1402.85,12276.32,2387.55
2007-03-12,1406.6,12318.62,2402.29
2007-03-13,1377.95,12075.96,2350.57
2007-03-14,1387.17,12133.4,2371.74
2007-03-15,1392.28,12159.68,2378.7
2007-03-16,1386.95,12110.41,2372.66
2007-03-19,1402.06,12226.17,2394.41
2007-03-20,1410.94,12288.1,2408.21
2007-03-21,1435.04,12447.52,2455.92
2007-03-22,1434.54,12461.14,2451.74
2007-03-23,1436.11,12481.01,2448.93
2007-03-26,1437.5,12469.07,2455.63
2007-03-27,1428.61,12397.29,2437.43
2007-03-28,1417.23,12300.36,2417.1
2007-03-29,1422.53,12348.75,2417.88
2007-03-30,1420.86,12354.35,2421.64
2007-04-02,1424.55,12382.3,2422.26
2007-04-03,1437.77,12510.3,2450.33
2007-04-04,1439.37,12530.05,2458.69
2007-04-05,1443.76,12560.2,2471.34
2007-04-06,,,
2007-04-09,1444.61,12569.14,2469.18
2007-04-10,1448.39,12573.85,2477.61
2007-04-11,1438.87,12484.62,2459.31
2007-04-12,1447.8,12552.96,2480.32
2007-04-13,1452.85,12612.13,2491.94
2007-04-16,1468.47,12720.46,2518.33
2007-04-17,1471.48,12773.04,2516.95
2007-04-18,1472.5,12803.84,2510.5
2007-04-19,1470.73,12808.63,2505.35
2007-04-20,1484.35,12961.98,2526.39
2007-04-23,1480.93,12919.4,2523.67
2007-04-24,1480.41,12953.94,2524.54
2007-04-25,1495.42,13089.89,2547.89
2007-04-26,1494.25,13105.5,2554.46
2007-04-27,1494.07,13120.94,2557.21
2007-04-30,1482.37,13062.91,2525.09
2007-05-01,1486.3,13136.14,2531.53
2007-05-02,1495.92,13211.88,2557.84
2007-05-03,1502.39,13241.38,2565.46
2007-05-04,1505.62,13264.62,2572.15
2007-05-07,1509.48,13312.97,2570.95
2007-05-08,1507.72,13309.07,2571.75
2007-05-09,1512.58,13362.87,2576.34
2007-05-10,1491.47,13215.13,2533.74
2007-05-11,1505.85,13326.22,2562.22
2007-05-14,1503.15,13346.78,2546.44
2007-05-15,1501.19,13383.84,2525.29
2007-05-16,1514.14,13487.53,2547.42
2007-05-17,1512.75,13476.73,2539.38
2007-05-18,1522.75,13556.53,2558.45
2007-05-21,1525.1,13542.88,2578.79
2007-05-22,1524.12,13539.95,2588.02
2007-05-23,1522.28,13525.65,2577.05
2007-05-24,1507.51,13441.13,2537.92
2007-05-25,1515.73,13507.28,2557.19
2007-05-28,,,
2007-05-29,1518.11,13521.34,2572.06
2007-05-30,1530.23,13633.08,2592.59
2007-05-31,1530.62,13627.64,2604.52
2007-06-01,1536.34,13668.11,2613.92
2007-06-04,1539.18,13676.32,2618.29
2007-06-05,1530.95,13595.46,2611.23
2007-06-06,1517.38,13465.67,2587.18
2007-06-07,1490.72,13266.73,2541.38
2007-06-08,1507.67,13424.39,2573.54
2007-06-11,1509.12,13424.96,2572.15
2007-06-12,1493.0,13295.01,2549.77
2007-06-13,1515.67,13482.35,2582.31
2007-06-14,1522.97,13553.72,2599.41
2007-06-15,1532.91,13639.48,2626.71
2007-06-18,1531.05,13612.98,2626.6
2007-06-19,1533.71,13635.42,2626.76
2007-06-20,1512.84,13489.42,2599.96
2007-06-21,1522.19,13545.84,2616.96
2007-06-22,1502.56,13360.26,2588.96
2007-06-25,1497.74,13352.05,2577.08
2007-06-26,1492.89,13337.66,2574.16
2007-06-27,1506.35,13427.73,2605.35
2007-06-28,1505.71,13422.28,2608.37
2007-06-29,1503.35,13408.62,2603.23
2007-07-02,1519.43,13535.43,2632.3
2007-07-03,1524.87,13577.3,2644.95
2007-07-04,,,
2007-07-05,1525.4,13565.84,2656.65
2007-07-06,1530.44,13611.68,2666.51
2007-07-09,1531.85,13649.97,2670.02
2007-07-10,1510.12,13501.7,2639.16
2007-07-11,1518.76,13577.87,2651.79
2007-07-12,1547.7,13861.73,2701.73
2007-07-13,1552.5,13907.25,2707.0
2007-07-16,1549.52,13950.98,2697.33
2007-07-17,1549.37,13971.55,2712.29
2007-07-18,1546.17,13918.22,2699.49
2007-07-19,1553.08,14000.41,2720.04
2007-07-20,1534.1,13851.08,2687.6
2007-07-23,1541.57,13943.42,2690.58
2007-07-24,1511.04,13716.95,2639.86
2007-07-25,1518.09,13785.07,2648.17
2007-07-26,1482.67,13473.57,2599.34
2007-07-27,1458.95,13265.47,2562.24
2007-07-30,1473.91,13358.31,2583.28
2007-07-31,1455.28,13211.99,2545.57
2007-08-01,1465.81,13362.37,2553.16
2007-08-02,1472.2,13463.33,2575.98
2007-08-03,1433.06,13181.91,2511.25
2007-08-06,1467.67,13468.78,2547.33
2007-08-07,1476.71,13504.3,2561.6
2007-08-08,1497.49,13657.86,2612.98
2007-08-09,1453.09,13270.68,2556.49
2007-08-10,1453.64,13239.54,2544.89
2007-08-13,1452.92,13236.53,2542.24
2007-08-14,1426.54,13028.92,2499.12
2007-08-15,1406.7,12861.47,2458.83
2007-08-16,1411.27,12845.78,2451.07
2007-08-17,1445.94,13079.08,2505.03
2007-08-20,1445.55,13121.35,2508.59
2007-08-21,1447.12,13090.86,2521.3
2007-08-22,1464.07,13236.13,2552.8
2007-08-23,1462.5,13235.88,2541.7
2007-08-24,1479.37,13378.87,2576.69
2007-08-27,1466.79,13322.13,2561.25
2007-08-28,1432.36,13041.85,2500.64
2007-08-29,1463.76,13289.29,2563.16
2007-08-30,1457.64,13238.73,2565.3
2007-08-31,1473.99,13357.74,2596.36
2007-09-03,,,
2007-09-04,1489.42,13448.86,2630.24
2007-09-05,1472.29,13305.47,2605.95
2007-09-06,1478.55,13363.35,2614.32
2007-09-07,1453.55,13113.38,2565.7
2007-09-10,1451.7,13127.85,2559.11
2007-09-11,1471.49,13308.39,2597.47
2007-09-12,1471.56,13291.65,2592.07
2007-09-13,1483.95,13424.88,2601.06
2007-09-14,1484.25,13442.52,2602.18
2007-09-17,1476.65,13403.42,2581.66
2007-09-18,1519.78,13739.39,2651.66
2007-09-19,1529.03,13815.56,2666.48
2007-09-20,1518.75,13766.7,2654.29
2007-09-21,1525.75,13820.19,2671.22
2007-09-24,1517.74,13759.06,2667.95
2007-09-25,1517.22,13778.65,2683.45
2007-09-26,1525.42,13878.15,2699.03
2007-09-27,1531.38,13912.94,2709.59
2007-09-28,1526.75,13895.63,2701.5
2007-10-01,1547.04,14087.55,2740.99
2007-10-02,1546.63,14047.31,2747.11
2007-10-03,1539.6,13968.05,2729.43
2007-10-04,1542.84,13974.31,2733.57
2007-10-05,1557.59,14066.01,2780.32
2007-10-08,1552.58,14043.73,2787.37
2007-10-09,1565.15,14164.53,2803.91
2007-10-10,1562.47,14078.69,2811.61
2007-10-11,1554.41,14015.12,2772.2
2007-10-12,1561.8,14093.08,2805.68
2007-10-15,1548.71,13984.8,2780.05
2007-10-16,1538.53,13912.94,2763.91
2007-10-17,1541.24,13892.54,2792.67
2007-10-18,1540.08,13888.96,2799.31
2007-10-19,1500.63,13522.02,2725.16
2007-10-22,1506.33,13566.97,2753.93
2007-10-23,1519.59,13676.23,2799.26
2007-10-24,1515.88,13675.25,2774.76
2007-10-25,1514.41,13671.92,2750.86
2007-10-26,1535.28,13806.7,2804.19
2007-10-29,1540.98,13870.26,2817.44
2007-10-30,1531.02,13792.47,2816.71
2007-10-31,1549.38,13930.01,2859.12
2007-11-01,1508.44,13567.87,2794.83
2007-11-02,1509.65,13595.1,2810.38
2007-11-05,1502.17,13543.4,2795.18
2007-11-06,1520.27,13660.94,2825.18
2007-11-07,1475.62,13300.02,2748.76
2007-11-08,1474.77,13266.29,2696.0
2007-11-09,1453.7,13042.74,2627.94
2007-11-12,1439.18,12987.55,2584.13
2007-11-13,1481.05,13307.09,2673.65
2007-11-14,1470.58,13231.01,2644.32
2007-11-15,1451.15,13110.05,2618.51
2007-11-16,1458.74,13176.79,2637.24
2007-11-19,1433.27,12958.44,2593.38
2007-11-20,1439.7,13010.14,2596.81
2007-11-21,1416.77,12799.04,2562.15
2007-11-22,,,
2007-11-23,1440.7,12980.88,2596.6
2007-11-26,1407.22,12743.44,2540.99
2007-11-27,1428.23,12958.44,2580.8
2007-11-28,1469.02,13289.45,2662.91
2007-11-29,1469.72,13311.73,2668.13
2007-11-30,1481.14,13371.72,2660.96
2007-12-03,1472.42,13314.57,2637.13
2007-12-04,1462.79,13248.73,2619.83
2007-12-05,1485.01,13444.96,2666.36
2007-12-06,1507.35,13619.89,2709.03
2007-12-07,1504.66,13625.58,2706.16
2007-12-10,1515.96,13727.03,2718.95
2007-12-11,1477.65,13432.77,2652.35
2007-12-12,1486.59,13473.9,2671.14
2007-12-13,1488.41,13517.96,2668.49
2007-12-14,1467.95,13339.85,2635.74
2007-12-17,1445.9,13167.2,2574.46
2007-12-18,1454.98,13232.47,2596.03
2007-12-19,1453.0,13207.27,2601.01
2007-12-20,1460.12,13245.64,2640.86
2007-12-21,1484.46,13450.65,2691.99
2007-12-24,1496.45,13549.33,2713.5
2007-12-25,,,
2007-12-26,1497.66,13551.69,2724.41
2007-12-27,1476.37,13359.61,2676.79
2007-12-28,1478.49,13365.87,2674.46
2007-12-31,1468.36,13264.82,2652.28
2008-01-02,1447.16,13043.96,2609.63
2008-01-03,1447.16,13056.72,2602.68
2008-01-04,1411.63,12800.18,2504.65
2008-01-07,1416.18,12827.49,2499.46
2008-01-08,1390.19,12589.07,2440.51
2008-01-09,1409.13,12735.31,2474.55
2008-01-10,1420.33,12853.09,2488.52
2008-01-11,1401.02,12606.3,2439.94
2008-01-14,1416.25,12778.15,2478.3
2008-01-15,1380.95,12501.11,2417.59
2008-01-16,1373.2,12466.16,2394.59
2008-01-17,1333.25,12159.21,2346.9
2008-01-18,1325.19,12099.3,2340.02
2008-01-21,,,
2008-01-22,1310.5,11971.19,2292.27
2008-01-23,1338.6,12270.17,2316.41
2008-01-24,1352.07,12378.61,2360.92
2008-01-25,1330.61,12207.17,2326.2
2008-01-28,1353.97,12383.89,2349.91
2008-01-29,1362.3,12480.3,2358.06
2008-01-30,1355.81,12442.83,2349.0
2008-01-31,1378.55,12650.36,2389.86
2008-02-01,1395.42,12743.19,2413.36
2008-02-04,1380.82,12635.16,2382.85
2008-02-05,1336.64,12265.13,2309.57
2008-02-06,1326.45,12200.1,2278.75
2008-02-07,1336.91,12247.0,2293.03
2008-02-08,1331.29,12182.13,2304.85
2008-02-11,1339.13,12240.01,2320.06
2008-02-12,1348.86,12373.41,2320.04
2008-02-13,1367.21,12552.24,2373.93
2008-02-14,1348.86,12376.98,2332.54
2008-02-15,1350.0,12348.21,2321.8
2008-02-18,,,
2008-02-19,1348.78,12337.22,2306.2
2008-02-20,1360.03,12427.26,2327.1
2008-02-21,1342.53,12284.3,2299.78
2008-02-22,1353.11,12381.02,2303.35
2008-02-25,1371.8,12570.22,2327.48
2008-02-26,1381.29,12684.92,2344.99
2008-02-27,1380.02,12694.28,2353.78
2008-02-28,1367.68,12582.18,2331.57
2008-02-29,1330.63,12266.39,2271.48
2008-03-03,1331.34,12258.9,2258.6
2008-03-04,1326.75,12213.8,2260.28
2008-03-05,1333.7,12254.99,2272.81
2008-03-06,1304.34,12040.39,2220.5
2008-03-07,1293.37,11893.69,2212.49
2008-03-10,1273.37,11740.15,2169.34
2008-03-11,1320.65,12156.81,2255.76
2008-03-12,1308.77,12110.24,2243.87
2008-03-13,1315.48,12145.74,2263.61
2008-03-14,1288.14,11951.09,2212.49
2008-03-17,1276.6,11972.25,2177.01
2008-03-18,1330.74,12392.66,2268.26
2008-03-19,1298.42,12099.66,2209.96
2008-03-20,1329.51,12361.32,2258.11
2008-03-21,,,
2008-03-24,1349.88,12548.64,2326.75
2008-03-25,1352.99,12532.6,2341.05
2008-03-26,1341.13,12422.86,2324.36
2008-03-27,1325.76,12302.46,2280.83
2008-03-28,1315.22,12216.4,2261.18
2008-03-31,1322.7,12262.89,2279.1
2008-04-01,1370.18,12654.36,2362.75
2008-04-02,1367.53,12605.83,2361.4
2008-04-03,1369.31,12626.03,2363.3
2008-04-04,1370.4,12609.42,2370.98
2008-04-07,1372.54,12612.43,2364.83
2008-04-08,1365.54,12576.44,2348.76
2008-04-09,1354.49,12527.26,2322.12
2008-04-10,1360.55,12581.98,2351.7
2008-04-11,1332.83,12325.42,2290.24
2008-04-14,1328.32,12302.06,2275.82
2008-04-15,1334.43,12362.47,2286.04
2008-04-16,1364.71,12619.27,2350.11
2008-04-17,1365.56,12620.49,2341.83
2008-04-18,1390.33,12849.36,2402.97
2008-04-21,1388.17,12825.02,2408.04
2008-04-22,1375.94,12720.23,2376.94
2008-04-23,1379.93,12763.22,2405.21
2008-04-24,1388.82,12848.95,2428.92
2008-04-25,1397.84,12891.86,2422.93
2008-04-28,1396.37,12871.75,2424.4
2008-04-29,1390.94,12831.94,2426.1
2008-04-30,1385.59,12820.13,2412.8
2008-05-01,1409.34,13010.0,2480.71
2008-05-02,1413.9,13058.2,2476.99
2008-05-05,1407.49,12969.54,2464.12
2008-05-06,1418.26,13020.83,2483.31
2008-05-07,1392.57,12814.35,2438.49
2008-05-08,1397.68,12866.78,2451.24
2008-05-09,1388.28,12745.88,2445.52
2008-05-12,1403.58,12876.31,2488.49
2008-05-13,1403.04,12832.18,2495.12
2008-05-14,1408.66,12898.38,2496.7
2008-05-15,1423.57,12992.66,2533.73
2008-05-16,1425.35,12986.8,2528.85
2008-05-19,1426.63,13028.16,2516.09
2008-05-20,1413.4,12828.68,2492.26
2008-05-21,1390.71,12601.19,2448.27
2008-05-22,1394.35,12625.62,2464.58
2008-05-23,1375.93,12479.63,2444.67
2008-05-26,,,
2008-05-27,1385.35,12548.35,2481.24
2008-05-28,1390.84,12594.03,2486.7
2008-05-29,1398.26,12646.22,2508.32
2008-05-30,1400.38,12638.32,2522.66
2008-06-02,1385.67,12503.82,2491.53
2008-06-03,1377.65,12402.85,2480.48
2008-06-04,1377.2,12390.48,2503.14
2008-06-05,1404.05,12604.45,2549.94
2008-06-06,1360.68,12209.81,2474.56
2008-06-09,1361.76,12280.32,2459.46
2008-06-10,1358.44,12289.76,2448.94
2008-06-11,1335.49,12083.77,2394.01
2008-06-12,1339.87,12141.58,2404.35
2008-06-13,1360.03,12307.35,2454.5
2008-06-16,1360.14,12269.08,2474.78
2008-06-17,1350.93,12160.3,2457.73
2008-06-18,1337.81,12029.06,2429.71
2008-06-19,1342.83,12063.09,2462.06
2008-06-20,1317.93,11842.69,2406.09
2008-06-23,1318.0,11842.36,2385.74
2008-06-24,1314.29,11807.43,2368.28
2008-06-25,1321.97,11811.83,2401.26
2008-06-26,1283.15,11453.42,2321.37
2008-06-27,1278.38,11346.51,2315.63
2008-06-30,1280.0,11350.01,2292.98
2008-07-01,1284.91,11382.26,2304.97
2008-07-02,1261.52,11215.51,2251.46
2008-07-03,1262.9,11288.54,2245.38
2008-07-04,,,
2008-07-07,1252.31,11231.96,2243.32
2008-07-08,1273.7,11384.21,2294.44
2008-07-09,1244.69,11147.44,2234.89
2008-07-10,1253.39,11229.02,2257.85
2008-07-11,1239.49,11100.54,2239.08
2008-07-14,1228.3,11055.19,2212.87
2008-07-15,1214.91,10962.54,2215.71
2008-07-16,1245.36,11239.28,2284.85
2008-07-17,1260.32,11446.66,2312.3
2008-07-18,1260.68,11496.57,2282.78
2008-07-21,1260.0,11467.34,2279.53
2008-07-22,1277.0,11602.5,2303.96
2008-07-23,1282.19,11632.38,2325.88
2008-07-24,1252.54,11349.28,2280.11
2008-07-25,1257.76,11370.69,2310.53
2008-07-28,1234.37,11131.08,2264.22
2008-07-29,1263.2,11397.56,2319.62
2008-07-30,1284.26,11583.69,2329.72
2008-07-31,1267.38,11378.02,2325.55
2008-08-01,1260.31,11326.32,2310.96
2008-08-04,1249.02,11284.15,2285.56
2008-08-05,1284.88,11615.77,2349.83
2008-08-06,1289.19,11656.07,2378.37
2008-08-07,1266.07,11431.43,2355.73
2008-08-08,1296.32,11734.32,2414.1
2008-08-11,1305.32,11782.35,2439.95
2008-08-12,1289.59,11642.47,2430.61
2008-08-13,1285.83,11532.96,2428.62
2008-08-14,1292.93,11615.93,2453.67
2008-08-15,1298.2,11659.9,2452.52
2008-08-18,1278.6,11479.39,2416.98
2008-08-19,1266.69,11348.55,2384.36
2008-08-20,1274.54,11417.43,2389.08
2008-08-21,1277.72,11430.21,2380.38
2008-08-22,1292.2,11628.06,2414.71
2008-08-25,1266.84,11386.25,2365.59
2008-08-26,1271.51,11412.87,2361.97
2008-08-27,1281.66,11502.51,2382.46
2008-08-28,1300.68,11715.18,2411.64
2008-08-29,1282.83,11543.55,2367.52
2008-09-01,,,
2008-09-02,1277.58,11516.92,2349.24
2008-09-03,1274.98,11532.88,2333.73
2008-09-04,1236.83,11188.23,2259.04
2008-09-05,1242.31,11220.96,2255.88
2008-09-08,1267.79,11510.74,2269.76
2008-09-09,1224.51,11230.73,2209.81
2008-09-10,1232.04,11268.92,2228.7
2008-09-11,1249.05,11433.71,2258.22
2008-09-12,1251.7,11421.99,2261.27
2008-09-15,1192.7,10917.51,2179.91
2008-09-16,1213.59,11059.02,2207.9
2008-09-17,1156.39,10609.66,2098.85
2008-09-18,1206.52,11019.69,2199.1
2008-09-19,1255.08,11388.44,2273.9
2008-09-22,1207.09,11015.69,2178.98
2008-09-23,1188.22,10854.17,2153.33
2008-09-24,1185.87,10825.17,2155.68
2008-09-25,1209.18,11022.06,2186.57
2008-09-26,1213.01,11143.13,2183.34
2008-09-29,1106.39,10365.45,1983.73
2008-09-30,1166.36,10850.66,2091.88
2008-10-01,1161.07,10831.07,2069.4
2008-10-02,1114.28,10482.85,1976.72
2008-10-03,1099.23,10325.38,1947.39
2008-10-06,1056.89,9955.5,1862.96
2008-10-07,996.23,9447.11,1754.88
2008-10-08,984.94,9258.1,1740.33
2008-10-09,909.92,8579.19,1645.12
2008-10-10,899.22,8451.19,1649.51
2008-10-13,1003.35,9387.61,1844.25
2008-10-14,998.01,9310.99,1779.01
2008-10-15,907.84,8577.91,1628.33
2008-10-16,946.43,8979.26,1717.71
2008-10-17,940.55,8852.22,1711.29
2008-10-20,985.4,9265.43,1770.03
2008-10-21,955.05,9033.66,1696.68
2008-10-22,896.78,8519.21,1615.75
2008-10-23,908.11,8691.25,1603.91
2008-10-24,876.77,8378.95,1552.03
2008-10-27,848.92,8175.77,1505.9
2008-10-28,940.51,9065.12,1649.47
2008-10-29,930.09,8990.96,1657.21
2008-10-30,954.09,9180.69,1698.52
2008-10-31,968.75,9325.01,1720.95
2008-11-03,966.3,9319.83,1726.33
2008-11-04,1005.75,9625.28,1780.12
2008-11-05,952.77,9139.27,1681.64
2008-11-06,904.88,8695.79,1608.7
2008-11-07,930.99,8943.81,1647.4
2008-11-10,919.21,8870.54,1616.74
2008-11-11,898.95,8693.96,1580.9
2008-11-12,852.3,8282.66,1499.21
2008-11-13,911.29,8835.25,1596.7
2008-11-14,873.29,8497.31,1516.85
2008-11-17,850.75,8273.58,1482.05
2008-11-18,859.12,8424.75,1483.27
2008-11-19,806.58,7997.28,1386.42
2008-11-20,752.44,7552.29,1316.12
2008-11-21,800.03,8046.42,1384.35
2008-11-24,851.81,8443.39,1472.02
2008-11-25,857.39,8479.47,1464.73
2008-11-26,887.68,8726.61,1532.1
2008-11-27,,,
2008-11-28,896.24,8829.04,1535.57
2008-12-01,816.21,8149.09,1398.07
2008-12-02,848.81,8419.09,1449.8
2008-12-03,870.74,8591.69,1492.38
2008-12-04,845.22,8376.24,1445.56
2008-12-05,876.07,8635.42,1509.31
2008-12-08,909.7,8934.18,1571.74
2008-12-09,888.67,8691.33,1547.34
2008-12-10,899.24,8761.42,1565.48
2008-12-11,873.59,8565.09,1507.88
2008-12-12,879.73,8629.68,1540.72
2008-12-15,868.57,8564.53,1508.34
2008-12-16,913.18,8924.14,1589.89
2008-12-17,904.42,8824.34,1579.31
2008-12-18,885.28,8604.99,1552.37
2008-12-19,887.88,8579.11,1564.32
2008-12-22,871.63,8519.77,1532.35
2008-12-23,863.16,8419.49,1521.54
2008-12-24,868.15,8468.48,1524.9
2008-12-25,,,
2008-12-26,872.8,8515.55,1530.24
2008-12-29,869.42,8483.93,1510.32
2008-12-30,890.64,8668.39,1550.7
2008-12-31,903.25,8776.39,1577.03
2009-01-02,931.8,9034.69,1632.21
2009-01-05,927.45,8952.89,1628.03
2009-01-06,934.7,9015.1,1652.38
2009-01-07,906.65,8769.7,1599.06
2009-01-08,909.73,8742.46,1617.01
2009-01-09,890.35,8599.18,1571.59
2009-01-12,870.26,8473.97,1538.79
2009-01-13,871.79,8448.56,1546.46
2009-01-14,842.62,8200.14,1489.64
2009-01-15,843.74,8212.49,1511.84
2009-01-16,850.12,8281.22,1529.33
2009-01-19,,,
2009-01-20,805.22,7949.09,1440.86
2009-01-21,840.24,8228.1,1507.07
2009-01-22,827.5,8122.8,1465.49
2009-01-23,831.95,8077.56,1477.29
2009-01-26,836.57,8116.03,1489.46
2009-01-27,845.71,8174.73,1504.9
2009-01-28,874.09,8375.45,1558.34
2009-01-29,845.14,8149.01,1507.84
2009-01-30,825.88,8000.86,1476.42
2009-02-02,825.44,7936.83,1494.43
2009-02-03,838.51,8078.36,1516.3
2009-02-04,832.23,7956.66,1515.05
2009-02-05,845.85,8063.07,1546.24
2009-02-06,868.6,8280.59,1591.71
2009-02-09,869.89,8270.87,1591.56
2009-02-10,827.16,7888.88,1524.73
2009-02-11,833.74,7939.53,1530.5
2009-02-12,835.19,7932.76,1541.71
2009-02-13,826.84,7850.41,1534.36
2009-02-16,,,
2009-02-17,789.17,7552.6,1470.66
2009-02-18,788.42,7555.63,1467.97
2009-02-19,778.94,7465.95,1442.82
2009-02-20,770.05,7365.67,1441.23
2009-02-23,743.33,7114.78,1387.72
2009-02-24,773.14,7350.94,1441.83
2009-02-25,764.9,7270.89,1425.43
2009-02-26,752.83,7182.08,1391.47
2009-02-27,735.09,7062.93,1377.84
2009-03-02,700.82,6763.29,1322.85
2009-03-03,696.33,6726.02,1321.01
2009-03-04,712.87,6875.84,1353.74
2009-03-05,682.55,6594.44,1299.59
2009-03-06,683.38,6626.94,1293.85
2009-03-09,676.53,6547.05,1268.64
2009-03-10,719.6,6926.49,1358.28
2009-03-11,721.36,6930.4,1371.64
2009-03-12,750.74,7170.06,1426.1
2009-03-13,756.55,7223.98,1431.5
2009-03-16,753.89,7216.97,1404.02
2009-03-17,778.12,7395.7,1462.11
2009-03-18,794.35,7486.58,1491.22
2009-03-19,784.04,7400.8,1483.48
2009-03-20,768.54,7278.38,1457.27
2009-03-23,822.92,7775.86,1555.77
2009-03-24,806.12,7659.97,1516.52
2009-03-25,813.88,7749.81,1528.95
2009-03-26,832.86,7924.56,1587.0
2009-03-27,815.94,7776.18,1545.2
2009-03-30,787.53,7522.02,1501.8
2009-03-31,797.87,7608.92,1528.59
2009-04-01,811.08,7761.6,1551.6
2009-04-02,834.38,7978.08,1602.63
2009-04-03,842.5,8017.59,1621.87
2009-04-06,835.48,7975.85,1606.71
2009-04-07,815.55,7789.56,1561.61
2009-04-08,825.16,7837.11,1590.66
2009-04-09,856.56,8083.38,1652.54
2009-04-10,,,
2009-04-13,858.73,8057.81,1653.31
2009-04-14,841.5,7920.18,1625.72
2009-04-15,852.06,8029.62,1626.8
2009-04-16,865.3,8125.43,1670.44
2009-04-17,869.6,8131.33,1673.07
2009-04-20,832.39,7841.73,1608.21
2009-04-21,850.08,7969.56,1643.85
2009-04-22,843.55,7886.57,1646.12
2009-04-23,851.92,7957.06,1652.21
2009-04-24,866.23,8076.29,1694.29
2009-04-27,857.51,8025.0,1679.41
2009-04-28,855.16,8016.95,1673.81
2009-04-29,873.64,8185.73,1711.94
2009-04-30,872.81,8168.12,1717.3
2009-05-01,877.52,8212.41,1719.2
2009-05-04,907.24,8426.74,1763.56
2009-05-05,903.8,8410.65,1754.12
2009-05-06,919.53,8512.28,1759.1
2009-05-07,907.39,8409.85,1716.24
2009-05-08,929.23,8574.65,1739.0
2009-05-11,909.24,8418.77,1731.24
2009-05-12,908.35,8469.11,1715.92
2009-05-13,883.92,8284.89,1664.19
2009-05-14,893.07,8331.32,1689.21
2009-05-15,882.88,8268.64,1680.14
2009-05-18,909.71,8504.08,1732.36
2009-05-19,908.13,8474.85,1734.54
2009-05-20,903.47,8422.04,1727.84
2009-05-21,888.33,8292.13,1695.25
2009-05-22,887.0,8277.32,1692.01
2009-05-25,,,
2009-05-26,910.33,8473.49,1750.43
2009-05-27,893.06,8300.02,1731.08
2009-05-28,906.83,8403.8,1751.79
2009-05-29,919.14,8500.33,1774.33
2009-06-01,942.87,8721.44,1828.68
2009-06-02,944.74,8740.87,1836.8
2009-06-03,931.76,8675.28,1825.92
2009-06-04,942.46,8750.24,1850.02
2009-06-05,940.09,8763.13,1849.42
2009-06-08,939.14,8764.49,1842.4
2009-06-09,942.43,8763.06,1860.13
2009-06-10,939.15,8739.02,1853.08
2009-06-11,944.89,8770.92,1862.37
2009-06-12,946.21,8799.26,1858.8
2009-06-15,923.72,8612.13,1816.38
2009-06-16,911.97,8504.67,1796.18
2009-06-17,910.71,8497.18,1808.06
2009-06-18,918.37,8555.6,1807.72
2009-06-19,921.23,8539.73,1827.47
2009-06-22,893.04,8339.01,1766.19
2009-06-23,895.1,8322.91,1764.92
2009-06-24,900.94,8299.86,1792.34
2009-06-25,920.26,8472.4,1829.54
2009-06-26,918.9,8438.39,1838.22
2009-06-29,927.23,8529.38,1844.06
2009-06-30,919.32,8447.0,1835.04
2009-07-01,923.33,8504.06,1845.72
2009-07-02,896.42,8280.74,1796.52
2009-07-03,,,
2009-07-06,898.72,8324.87,1787.4
2009-07-07,881.03,8163.6,1746.17
2009-07-08,879.56,8178.41,1747.17
2009-07-09,882.68,8183.17,1752.55
2009-07-10,879.13,8146.52,1756.03
2009-07-13,901.05,8331.68,1793.21
2009-07-14,905.84,8359.49,1799.73
2009-07-15,932.68,8616.21,1862.9
2009-07-16,940.74,8711.82,1885.03
2009-07-17,940.38,8743.94,1886.61
2009-07-20,951.13,8848.15,1909.29
2009-07-21,954.58,8915.94,1916.2
2009-07-22,954.07,8881.26,1926.38
2009-07-23,976.29,9069.29,1973.6
2009-07-24,979.26,9093.24,1965.96
2009-07-27,982.18,9108.51,1967.89
2009-07-28,979.62,9096.72,1975.51
2009-07-29,975.15,9070.72,1967.76
2009-07-30,986.75,9154.46,1984.3
2009-07-31,987.48,9171.61,1978.5
2009-08-03,1002.63,9286.56,2008.61
2009-08-04,1005.65,9320.19,2011.31
2009-08-05,1002.72,9280.97,1993.05
2009-08-06,997.08,9256.26,1973.16
2009-08-07,1010.48,9370.07,2000.25
2009-08-10,1007.1,9337.95,1992.24
2009-08-11,994.35,9241.45,1969.73
2009-08-12,1005.81,9361.61,1998.72
2009-08-13,1012.73,9398.19,2009.35
2009-08-14,1004.09,9321.4,1985.52
2009-08-17,979.73,9135.34,1930.84
2009-08-18,989.67,9217.94,1955.92
2009-08-19,996.46,9279.16,1969.24
2009-08-20,1007.37,9350.05,1989.22
2009-08-21,1026.13,9505.96,2020.9
2009-08-24,1025.57,9509.28,2017.98
2009-08-25,1028.0,9539.29,2024.23
2009-08-26,1028.12,9543.52,2024.43
2009-08-27,1030.98,9580.63,2027.73
2009-08-28,1028.93,9544.2,2028.77
2009-08-31,1020.63,9496.28,2009.06
2009-09-01,998.04,9310.6,1968.89
2009-09-02,994.75,9280.67,1967.07
2009-09-03,1003.24,9344.61,1983.2
2009-09-04,1016.4,9441.27,2018.78
2009-09-07,,,
2009-09-08,1025.39,9497.34,2037.77
2009-09-09,1033.37,9547.22,2060.39
2009-09-10,1044.14,9627.48,2084.02
2009-09-11,1042.73,9605.41,2080.9
2009-09-14,1049.34,9626.8,2091.78
2009-09-15,1052.63,9683.41,2102.64
2009-09-16,1068.76,9791.71,2133.15
2009-09-17,1065.48,9783.92,2126.75
2009-09-18,1068.3,9820.2,2132.86
2009-09-21,1064.66,9778.86,2138.04
2009-09-22,1071.66,9829.87,2146.3
2009-09-23,1060.87,9748.55,2131.42
2009-09-24,1050.78,9707.44,2107.61
2009-09-25,1044.38,9665.19,2090.92
2009-09-28,1062.98,9789.36,2130.74
2009-09-29,1060.61,9742.2,2124.04
2009-09-30,1057.08,9712.28,2122.42
2009-10-01,1029.85,9509.28,2057.48
2009-10-02,1025.21,9487.67,2048.11
2009-10-05,1040.46,9599.75,2068.15
2009-10-06,1054.72,9731.25,2103.57
2009-10-07,1057.59,9725.58,2110.33
2009-10-08,1065.48,9786.87,2123.93
2009-10-09,1071.49,9864.94,2139.28
2009-10-12,1076.19,9885.8,2139.14
2009-10-13,1073.19,9871.06,2139.89
2009-10-14,1092.02,10015.86,2172.23
2009-10-15,1096.56,10062.94,2173.29
2009-10-16,1087.68,9995.91,2156.8
2009-10-19,1097.91,10092.19,2176.32
2009-10-20,1091.06,10041.48,2163.47
2009-10-21,1081.4,9949.36,2150.73
2009-10-22,1092.91,10081.31,2165.29
2009-10-23,1079.6,9972.18,2154.47
2009-10-26,1066.95,9867.96,2141.85
2009-10-27,1063.42,9882.17,2116.09
2009-10-28,1042.63,9762.69,2059.61
2009-10-29,1066.11,9962.58,2097.55
2009-10-30,1036.2,9712.73,2045.11
2009-11-02,1042.88,9789.44,2049.2
2009-11-03,1045.41,9771.91,2057.32
2009-11-04,1046.5,9802.14,2055.52
2009-11-05,1066.63,10005.96,2105.32
2009-11-06,1069.3,10023.42,2112.44
2009-11-09,1093.08,10226.94,2154.06
2009-11-10,1093.01,10246.97,2151.08
2009-11-11,1098.51,10291.26,2166.9
2009-11-12,1087.24,10197.47,2149.02
2009-11-13,1093.48,10270.47,2167.88
2009-11-16,1109.3,10406.96,2197.85
2009-11-17,1110.32,10437.42,2203.78
2009-11-18,1109.8,10426.31,2193.14
2009-11-19,1094.9,10332.44,2156.82
2009-11-20,1091.38,10318.16,2146.04
2009-11-23,1106.24,10450.95,2176.01
2009-11-24,1105.65,10433.71,2169.18
2009-11-25,1110.63,10464.4,2176.05
2009-11-26,,,
2009-11-27,1091.49,10309.92,2138.44
2009-11-30,1095.63,10344.84,2144.6
2009-12-01,1108.86,10471.58,2175.81
2009-12-02,1109.23,10452.68,2185.03
2009-12-03,1099.92,10366.15,2173.14
2009-12-04,1105.98,10388.9,2194.35
2009-12-07,1103.25,10390.11,2189.61
2009-12-08,1091.94,10285.97,2172.99
2009-12-09,1095.95,10337.05,2183.73
2009-12-10,1102.35,10405.83,2190.86
2009-12-11,1106.41,10471.5,2190.31
2009-12-14,1114.11,10501.05,2212.1
2009-12-15,1107.93,10452.0,2201.05
2009-12-16,1109.18,10441.12,2206.91
2009-12-17,1096.08,10308.26,2180.05
2009-12-18,1102.47,10328.89,2211.69
2009-12-21,1114.05,10414.14,2237.66
2009-12-22,1118.02,10464.93,2252.67
2009-12-23,1120.59,10466.44,2269.64
2009-12-24,1126.48,10520.1,2285.69
2009-12-25,,,
2009-12-28,1127.78,10547.08,2291.08
2009-12-29,1126.2,10545.41,2288.4
2009-12-30,1126.42,10548.51,2291.28
2009-12-31,1115.1,10428.05,2269.15
2010-01-04,1132.98,10583.96,2308.42
2010-01-05,1136.52,10572.02,2308.71
2010-01-06,1137.14,10573.68,2301.09
2010-01-07,1141.7,10606.86,2300.05
2010-01-08,1144.98,10618.19,2317.17
2010-01-11,1146.98,10663.99,2312.41
2010-01-12,1136.22,10627.26,2282.31
2010-01-13,1145.68,10680.77,2307.9
2010-01-14,1148.46,10710.55,2316.74
2010-01-15,1136.03,10609.65,2287.99
2010-01-18,,,
2010-01-19,1150.23,10725.43,2320.4
2010-01-20,1138.04,10603.15,2291.25
2010-01-21,1116.48,10389.88,2265.7
2010-01-22,1091.76,10172.98,2205.29
2010-01-25,1096.79,10196.86,2210.8
2010-01-26,1092.17,10194.29,2203.73
2010-01-27,1097.5,10236.16,2221.41
2010-01-28,1084.53,10120.46,2179.0
2010-01-29,1073.87,10067.33,2147.35
2010-02-01,1089.19,10185.53,2171.2
2010-02-02,1103.32,10296.85,2190.06
2010-02-03,1097.28,10270.55,2190.91
2010-02-04,1063.11,10002.18,2125.43
2010-02-05,1066.19,10012.23,2141.12
2010-02-08,1056.74,9908.39,2126.05
2010-02-09,1070.52,10058.64,2150.87
2010-02-10,1068.14,10038.38,2147.87
2010-02-11,1078.47,10144.19,2177.41
2010-02-12,1075.51,10099.14,2183.53
2010-02-15,,,
2010-02-16,1094.87,10268.81,2214.19
2010-02-17,1099.51,10309.24,2226.29
2010-02-18,1106.75,10392.9,2241.71
2010-02-19,1109.17,10402.35,2243.87
2010-02-22,1108.02,10383.38,2242.03
2010-02-23,1094.6,10282.41,2213.44
2010-02-24,1105.24,10374.16,2235.9
2010-02-25,1102.94,10321.03,2234.22
2010-02-26,1104.49,10325.26,2238.26
2010-03-01,1115.71,10403.79,2273.57
2010-03-02,1118.31,10405.98,2280.79
2010-03-03,1118.79,10396.76,2280.68
2010-03-04,1122.97,10444.14,2292.31
2010-03-05,1138.7,10566.2,2326.35
2010-03-08,1138.51,10552.52,2332.21
2010-03-09,1140.45,10564.38,2340.68
2010-03-10,1145.61,10567.33,2358.95
2010-03-11,1150.24,10611.84,2368.46
2010-03-12,1149.99,10624.69,2367.66
2010-03-15,1150.51,10642.15,2362.21
2010-03-16,1159.46,10685.98,2378.01
2010-03-17,1166.21,10733.67,2389.09
2010-03-18,1165.83,10779.17,2391.28
2010-03-19,1159.9,10741.98,2374.41
2010-03-22,1165.81,10785.89,2395.4
2010-03-23,1174.17,10888.83,2415.24
2010-03-24,1167.72,10836.15,2398.76
2010-03-25,1165.73,10841.21,2397.41
2010-03-26,1166.59,10850.36,2395.13
2010-03-29,1173.22,10895.86,2404.36
2010-03-30,1173.27,10907.42,2410.69
2010-03-31,1169.43,10856.63,2397.96
2010-04-01,1178.1,10927.07,2402.58
2010-04-02,,,
2010-04-05,1187.44,10973.55,2429.53
2010-04-06,1189.44,10969.99,2436.81
2010-04-07,1182.45,10897.52,2431.16
2010-04-08,1186.44,10927.07,2436.81
2010-04-09,1194.37,10997.35,2454.05
2010-04-12,1196.48,11005.97,2457.87
2010-04-13,1197.3,11019.42,2465.99
2010-04-14,1210.65,11123.11,2504.86
2010-04-15,1211.67,11144.57,2515.69
2010-04-16,1192.13,11018.66,2481.26
2010-04-19,1197.52,11092.05,2480.11
2010-04-20,1207.18,11117.06,2500.31
2010-04-21,1205.95,11124.92,2504.61
2010-04-22,1208.67,11134.29,2519.07
2010-04-23,1217.28,11204.28,2530.15
2010-04-26,1212.05,11205.03,2522.95
2010-04-27,1183.71,10991.99,2471.47
2010-04-28,1191.36,11045.27,2471.73
2010-04-29,1206.78,11167.32,2511.92
2010-04-30,1186.69,11008.61,2461.19
2010-05-03,1202.26,11151.83,2498.74
2010-05-04,1173.6,10926.77,2424.25
2010-05-05,1165.9,10868.12,2402.29
2010-05-06,1128.15,10520.32,2319.64
2010-05-07,1110.89,10380.43,2265.64
2010-05-10,1159.73,10785.14,2374.67
2010-05-11,1155.79,10748.26,2375.31
2010-05-12,1171.67,10896.91,2425.02
2010-05-13,1157.44,10782.95,2394.36
2010-05-14,1135.68,10620.16,2346.85
2010-05-17,1136.94,10625.83,2354.23
2010-05-18,1120.8,10510.95,2317.26
2010-05-19,1115.05,10444.37,2298.37
2010-05-20,1071.59,10068.01,2204.01
2010-05-21,1087.69,10193.39,2229.04
2010-05-24,1073.65,10066.57,2213.55
2010-05-25,1074.03,10043.75,2210.95
2010-05-26,1067.95,9974.45,2195.88
2010-05-27,1103.06,10258.99,2277.68
2010-05-28,1089.41,10136.63,2257.04
2010-05-31,,,
2010-06-01,1070.71,10024.02,2222.33
2010-06-02,1098.38,10249.54,2281.07
2010-06-03,1102.83,10255.28,2303.03
2010-06-04,1064.88,9931.97,2219.17
2010-06-07,1050.47,9816.49,2173.9
2010-06-08,1062.0,9939.98,2170.57
2010-06-09,1055.69,9899.25,2158.85
2010-06-10,1086.84,10172.53,2218.71
2010-06-11,1091.6,10211.07,2243.6
2010-06-14,1089.63,10190.89,2243.96
2010-06-15,1115.23,10404.77,2305.88
2010-06-16,1114.61,10409.46,2305.93
2010-06-17,1116.04,10434.17,2307.16
2010-06-18,1117.51,10450.64,2309.8
2010-06-21,1113.2,10442.41,2289.09
2010-06-22,1095.31,10293.52,2261.8
2010-06-23,1092.04,10298.44,2254.23
2010-06-24,1073.69,10152.8,2217.42
2010-06-25,1076.77,10143.81,2223.48
2010-06-28,1074.57,10138.52,2220.65
2010-06-29,1041.24,9870.3,2135.18
2010-06-30,1030.71,9774.02,2109.24
2010-07-01,1027.37,9732.53,2101.36
2010-07-02,1022.58,9686.48,2091.79
2010-07-05,,,
2010-07-06,1028.06,9743.62,2093.88
2010-07-07,1060.27,10018.28,2159.47
2010-07-08,1070.24,10138.99,2175.4
2010-07-09,1077.96,10198.03,2196.45
2010-07-12,1078.75,10216.27,2198.36
2010-07-13,1095.34,10363.02,2242.03
2010-07-14,1095.17,10366.72,2249.84
2010-07-15,1096.48,10359.31,2249.08
2010-07-16,1064.88,10097.9,2179.05
2010-07-19,1071.25,10154.43,2198.23
2010-07-20,1083.48,10229.96,2222.49
2010-07-21,1069.59,10120.53,2187.33
2010-07-22,1093.67,10322.3,2245.89
2010-07-23,1102.66,10424.62,2269.47
2010-07-26,1115.01,10525.43,2296.43
2010-07-27,1113.84,10537.69,2288.25
2010-07-28,1106.13,10497.88,2264.56
2010-07-29,1101.53,10467.16,2251.69
2010-07-30,1101.6,10465.94,2254.7
2010-08-02,1125.86,10674.38,2295.36
2010-08-03,1120.46,10636.38,2283.52
2010-08-04,1127.24,10680.43,2303.57
2010-08-05,1125.82,10674.98,2293.06
2010-08-06,1121.64,10653.56,2288.47
2010-08-09,1127.79,10698.75,2305.69
2010-08-10,1121.06,10644.25,2277.17
2010-08-11,1089.47,10378.83,2208.63
2010-08-12,1083.61,10319.95,2190.27
2010-08-13,1079.25,10303.15,2173.48
2010-08-16,1079.38,10302.01,2181.87
2010-08-17,1092.54,10405.85,2209.44
2010-08-18,1094.16,10415.54,2215.7
2010-08-19,1075.63,10271.21,2178.95
2010-08-20,1071.69,10213.62,2179.76
2010-08-23,1067.36,10174.41,2159.63
2010-08-24,1051.87,10040.45,2123.76
2010-08-25,1055.33,10060.06,2141.54
2010-08-26,1047.22,9985.81,2118.69
2010-08-27,1064.59,10150.65,2153.63
2010-08-30,1048.92,10009.73,2119.97
2010-08-31,1049.33,10014.72,2114.03
2010-09-01,1080.29,10269.47,2176.84
2010-09-02,1090.1,10320.1,2200.01
2010-09-03,1104.51,10447.93,2233.75
2010-09-06,,,
2010-09-07,1091.84,10340.69,2208.89
2010-09-08,1098.87,10387.01,2228.87
2010-09-09,1104.18,10415.24,2236.2
2010-09-10,1109.55,10462.77,2242.48
2010-09-13,1121.9,10544.13,2285.71
2010-09-14,1121.1,10526.49,2289.77
2010-09-15,1125.07,10572.73,2301.32
2010-09-16,1124.66,10594.83,2303.25
2010-09-17,1125.59,10607.85,2315.61
2010-09-20,1142.71,10753.62,2355.83
2010-09-21,1139.78,10761.03,2349.35
2010-09-22,1134.28,10739.31,2334.55
2010-09-23,1124.83,10662.42,2327.08
2010-09-24,1148.67,10860.26,2381.22
2010-09-27,1142.16,10812.04,2369.77
2010-09-28,1147.7,10858.14,2379.59
2010-09-29,1144.73,10835.28,2376.56
2010-09-30,1141.2,10788.05,2368.62
2010-10-01,1146.24,10829.68,2370.75
2010-10-04,1137.03,10751.27,2344.52
2010-10-05,1160.75,10944.72,2399.83
2010-10-06,1159.97,10967.65,2380.66
2010-10-07,1158.06,10948.58,2383.67
2010-10-08,1165.15,11006.48,2401.91
2010-10-11,1165.32,11010.34,2402.33
2010-10-12,1169.77,11020.4,2417.92
2010-10-13,1178.1,11096.08,2441.23
2010-10-14,1173.81,11094.57,2435.38
2010-10-15,1176.19,11062.78,2468.77
2010-10-18,1184.71,11143.69,2480.66
2010-10-19,1165.9,10978.62,2436.95
2010-10-20,1178.17,11107.97,2457.39
2010-10-21,1180.27,11146.57,2459.67
2010-10-22,1183.08,11132.56,2479.39
2010-10-25,1185.62,11164.05,2490.85
2010-10-26,1185.64,11169.46,2497.29
2010-10-27,1182.45,11126.28,2503.26
2010-10-28,1183.78,11113.95,2507.37
2010-10-29,1183.26,11118.49,2507.41
2010-11-01,1184.39,11124.62,2504.84
2010-11-02,1193.57,11188.72,2533.52
2010-11-03,1197.96,11215.13,2540.27
2010-11-04,1221.06,11434.84,2577.34
2010-11-05,1225.85,11444.08,2578.98
2010-11-08,1223.25,11406.84,2580.05
2010-11-09,1213.4,11346.75,2562.98
2010-11-10,1218.71,11357.04,2578.78
2010-11-11,1213.54,11283.1,2555.52
2010-11-12,1199.21,11192.58,2518.21
2010-11-15,1197.75,11201.97,2513.82
2010-11-16,1178.34,11023.5,2469.84
2010-11-17,1178.59,11007.88,2476.01
2010-11-18,1196.69,11181.23,2514.4
2010-11-19,1199.73,11203.55,2518.12
2010-11-22,1197.84,11178.58,2532.02
2010-11-23,1180.73,11036.37,2494.95
2010-11-24,1198.35,11187.28,2543.12
2010-11-25,,,
2010-11-26,1189.4,11092.0,2534.56
2010-11-29,1187.76,11052.49,2525.22
2010-11-30,1180.55,11006.02,2498.23
2010-12-01,1206.07,11255.78,2549.43
2010-12-02,1221.53,11362.41,2579.35
2010-12-03,1224.71,11382.09,2591.46
2010-12-06,1223.12,11362.19,2594.92
2010-12-07,1223.75,11359.16,2598.49
2010-12-08,1228.28,11372.48,2609.16
2010-12-09,1233.0,11370.06,2616.67
2010-12-10,1240.4,11410.32,2637.54
2010-12-13,1240.46,11428.56,2624.91
2010-12-14,1241.59,11476.54,2627.72
2010-12-15,1235.23,11457.47,2617.22
2010-12-16,1242.87,11499.25,2637.31
2010-12-17,1243.91,11491.91,2642.97
2010-12-20,1247.08,11478.13,2649.56
2010-12-21,1254.6,11533.16,2667.61
2010-12-22,1258.84,11559.49,2671.48
2010-12-23,1256.77,11573.49,2665.6
2010-12-24,,,
2010-12-27,1257.54,11555.03,2667.27
2010-12-28,1258.51,11575.54,2662.88
2010-12-29,1259.78,11585.38,2666.93
2010-12-30,1257.88,11569.71,2662.98
2010-12-31,1257.64,11577.51,2652.87
2011-01-03,1271.87,11670.75,2691.52
2011-01-04,1270.2,11691.18,2681.25
2011-01-05,1276.56,11722.89,2702.2
2011-01-06,1273.85,11697.31,2709.89
2011-01-07,1271.5,11674.76,2703.17
2011-01-10,1269.75,11637.45,2707.8
2011-01-11,1274.48,11671.88,2716.83
2011-01-12,1285.96,11755.44,2737.33
2011-01-13,1283.76,11731.9,2735.29
2011-01-14,1293.24,11787.38,2755.3
2011-01-17,,,
2011-01-18,1295.02,11837.93,2765.85
2011-01-19,1281.92,11825.29,2725.36
2011-01-20,1280.26,11822.8,2704.29
2011-01-21,1283.35,11871.84,2689.54
2011-01-24,1290.84,11980.52,2717.55
2011-01-25,1291.18,11977.19,2719.25
2011-01-26,1296.63,11985.44,2739.5
2011-01-27,1299.54,11989.83,2755.28
2011-01-28,1276.34,11823.7,2686.89
2011-01-31,1286.12,11891.93,2700.08
2011-02-01,1307.59,12040.16,2751.19
2011-02-02,1304.03,12041.97,2749.56
2011-02-03,1307.1,12062.26,2753.88
2011-02-04,1310.87,12092.15,2769.3
2011-02-07,1319.05,12161.63,2783.99
2011-02-08,1324.57,12233.15,2797.05
2011-02-09,1320.88,12239.89,2789.07
2011-02-10,1321.87,12229.29,2790.45
2011-02-11,1329.15,12273.26,2809.44
2011-02-14,1332.32,12268.19,2817.18
2011-02-15,1328.01,12226.64,2804.35
2011-02-16,1336.32,12288.17,2825.56
2011-02-17,1340.43,12318.14,2831.58
2011-02-18,1343.01,12391.25,2833.95
2011-02-21,,,
2011-02-22,1315.45,12212.79,2756.42
2011-02-23,1307.4,12105.78,2722.99
2011-02-24,1306.1,12068.5,2737.9
2011-02-25,1319.88,12130.45,2781.05
2011-02-28,1327.22,12226.34,2782.27
2011-03-01,1306.33,12058.02,2737.41
2011-03-02,1308.44,12066.8,2748.07
2011-03-03,1330.97,12258.2,2798.74
2011-03-04,1321.15,12169.88,2784.67
2011-03-07,1310.13,12090.03,2745.63
2011-03-08,1321.82,12214.38,2765.77
2011-03-09,1320.03,12213.09,2751.72
2011-03-10,1295.11,11984.61,2701.02
2011-03-11,1304.28,12044.4,2715.61
2011-03-14,1296.39,11993.16,2700.97
2011-03-15,1281.87,11855.42,2667.33
2011-03-16,1256.88,11613.3,2616.82
2011-03-17,1273.71,11774.59,2636.05
2011-03-18,1279.21,11858.52,2643.67
2011-03-21,1298.38,12036.53,2692.09
2011-03-22,1293.77,12018.63,2683.87
2011-03-23,1297.54,12086.02,2698.3
2011-03-24,1309.66,12170.56,2736.42
2011-03-25,1313.8,12220.59,2743.06
2011-03-28,1310.19,12197.88,2730.68
2011-03-29,1319.44,12279.01,2756.89
2011-03-30,1328.26,12350.61,2776.79
2011-03-31,1325.83,12319.73,2781.07
2011-04-01,1332.41,12376.72,2789.6
2011-04-04,1332.87,12400.03,2789.19
2011-04-05,1332.63,12393.9,2791.19
2011-04-06,1335.54,12426.75,2799.82
2011-04-07,1333.51,12409.49,2796.14
2011-04-08,1328.17,12380.05,2780.41
2011-04-11,1324.46,12381.11,2771.51
2011-04-12,1314.16,12263.58,2744.79
2011-04-13,1314.41,12270.99,2761.52
2011-04-14,1314.52,12285.15,2760.22
2011-04-15,1319.68,12341.83,2764.65
2011-04-18,1305.14,12201.59,2735.38
2011-04-19,1312.62,12266.75,2744.97
2011-04-20,1330.36,12453.54,2802.51
2011-04-21,1337.39,12505.99,2820.16
2011-04-22,,,
2011-04-25,1335.25,12479.88,2825.88
2011-04-26,1347.24,12595.37,2847.54
2011-04-27,1355.66,12690.96,2869.88
2011-04-28,1360.48,12763.31,2872.53
2011-04-29,1363.61,12810.54,2873.54
2011-05-02,1361.22,12807.36,2864.08
2011-05-03,1356.62,12807.51,2841.62
2011-05-04,1347.32,12723.58,2828.23
2011-05-05,1335.1,12584.17,2814.72
2011-05-06,1340.2,12638.74,2827.56
2011-05-09,1346.3,12684.68,2843.25
2011-05-10,1357.16,12760.36,2871.89
2011-05-11,1342.08,12630.03,2845.06
2011-05-12,1348.65,12695.92,2863.04
2011-05-13,1337.77,12595.75,2828.47
2011-05-16,1329.47,12548.37,2782.31
2011-05-17,1328.98,12479.58,2783.21
2011-05-18,1340.68,12560.18,2815.0
2011-05-19,1343.6,12605.32,2823.31
2011-05-20,1333.27,12512.04,2803.32
2011-05-23,1317.37,12381.26,2758.9
2011-05-24,1316.28,12356.21,2746.16
2011-05-25,1320.47,12394.66,2761.38
2011-05-26,1325.69,12402.76,2782.92
2011-05-27,1331.1,12441.58,2796.86
2011-05-30,,,
2011-05-31,1345.2,12569.79,2835.3
2011-06-01,1314.55,12290.14,2769.19
2011-06-02,1312.94,12248.55,2773.31
2011-06-03,1300.16,12151.26,2732.78
2011-06-06,1286.17,12089.96,2702.56
2011-06-07,1284.94,12070.81,2701.56
2011-06-08,1279.56,12048.94,2675.38
2011-06-09,1289.0,12124.36,2684.87
2011-06-10,1270.98,11951.91,2643.73
2011-06-13,1271.83,11952.97,2639.69
2011-06-14,1287.87,12076.11,2678.72
2011-06-15,1265.42,11897.27,2631.46
2011-06-16,1267.64,11961.52,2623.7
2011-06-17,1271.5,12004.36,2616.48
2011-06-20,1278.36,12080.38,2629.66
2011-06-21,1295.52,12190.01,2687.26
2011-06-22,1287.14,12109.67,2669.19
2011-06-23,1283.5,12050.0,2686.75
2011-06-24,1268.45,11934.58,2652.89
2011-06-27,1280.1,12043.56,2688.28
2011-06-28,1296.67,12188.69,2729.31
2011-06-29,1307.41,12261.42,2740.49
2011-06-30,1320.64,12414.34,2773.52
2011-07-01,1339.67,12582.77,2816.03
2011-07-04,,,
2011-07-05,1337.88,12569.87,2825.77
2011-07-06,1339.23,12626.02,2834.02
2011-07-07,1353.22,12719.49,2872.66
2011-07-08,1343.8,12657.2,2859.81
2011-07-11,1319.49,12505.76,2802.62
2011-07-12,1313.64,12446.88,2781.91
2011-07-13,1317.72,12491.61,2796.92
2011-07-14,1308.87,12437.12,2762.67
2011-07-15,1316.14,12479.73,2789.8
2011-07-18,1305.44,12385.16,2765.11
2011-07-19,1326.73,12587.42,2826.52
2011-07-20,1325.84,12571.91,2814.23
2011-07-21,1343.8,12724.41,2834.43
2011-07-22,1345.02,12681.16,2858.83
2011-07-25,1337.43,12592.8,2842.8
2011-07-26,1331.94,12501.3,2839.96
2011-07-27,1304.89,12302.55,2764.79
2011-07-28,1300.67,12240.11,2766.25
2011-07-29,1292.28,12143.24,2756.38
2011-08-01,1286.94,12132.49,2744.61
2011-08-02,1254.05,11866.62,2669.24
2011-08-03,1260.34,11896.44,2693.07
2011-08-04,1200.07,11383.68,2556.39
2011-08-05,1199.38,11444.61,2532.41
2011-08-08,1119.46,10809.85,2357.69
2011-08-09,1172.53,11239.77,2482.52
2011-08-10,1120.76,10719.94,2381.05
2011-08-11,1172.64,11143.31,2492.68
2011-08-12,1178.81,11269.02,2507.98
2011-08-15,1204.49,11482.9,2555.2
2011-08-16,1192.76,11405.93,2523.45
2011-08-17,1193.89,11410.21,2511.48
2011-08-18,1140.65,10990.58,2380.43
2011-08-19,1123.53,10817.65,2341.84
2011-08-22,1123.82,10854.65,2345.38
2011-08-23,1162.35,11176.76,2446.06
2011-08-24,1177.6,11320.71,2467.69
2011-08-25,1159.27,11149.82,2419.63
2011-08-26,1176.8,11284.54,2479.85
2011-08-29,1210.09,11539.25,2562.11
2011-08-30,1212.92,11559.95,2576.11
2011-08-31,1218.89,11613.53,2579.46
2011-09-01,1204.42,11493.57,2546.04
2011-09-02,1173.97,11240.26,2480.33
2011-09-05,,,
2011-09-06,1165.24,11139.3,2473.83
2011-09-07,1198.62,11414.86,2548.94
2011-09-08,1185.9,11295.81,2529.14
2011-09-09,1154.23,10992.13,2467.99
2011-09-12,1162.27,11061.12,2495.09
2011-09-13,1172.87,11105.85,2532.15
2011-09-14,1188.68,11246.73,2572.55
2011-09-15,1209.11,11433.18,2607.07
2011-09-16,1216.01,11509.09,2622.31
2011-09-19,1204.09,11401.01,2612.83
2011-09-20,1202.09,11408.66,2590.24
2011-09-21,1166.76,11124.84,2538.19
2011-09-22,1129.56,10733.83,2455.67
2011-09-23,1136.43,10771.48,2483.23
2011-09-26,1162.95,11043.86,2516.69
2011-09-27,1175.38,11190.69,2546.83
2011-09-28,1151.06,11010.9,2491.58
2011-09-29,1160.4,11153.98,2480.76
2011-09-30,1131.42,10913.38,2415.4
2011-10-03,1099.23,10655.3,2335.83
2011-10-04,1123.95,10808.71,2404.82
2011-10-05,1144.03,10939.95,2460.51
2011-10-06,1164.97,11123.33,2506.82
2011-10-07,1155.46,11103.12,2479.35
2011-10-10,1194.89,11433.18,2566.05
2011-10-11,1195.54,11416.3,2583.03
2011-10-12,1207.25,11518.85,2604.73
2011-10-13,1203.66,11478.13,2620.24
2011-10-14,1224.58,11644.49,2667.85
2011-10-17,1200.86,11397.0,2614.92
2011-10-18,1225.38,11577.05,2657.43
2011-10-19,1209.88,11504.62,2604.04
2011-10-20,1215.39,11541.78,2598.62
2011-10-21,1238.25,11808.79,2637.46
2011-10-24,1254.2,11913.62,2699.44
2011-10-25,1229.05,11706.62,2638.42
2011-10-26,1242.0,11869.04,2650.67
2011-10-27,1284.59,12208.55,2738.63
2011-10-28,1285.09,12231.11,2737.15
2011-10-31,1253.3,11955.01,2684.41
2011-11-01,1218.28,11657.96,2606.96
2011-11-02,1237.9,11836.04,2639.98
2011-11-03,1261.16,12044.47,2697.97
2011-11-04,1253.23,11983.24,2686.15
2011-11-07,1261.12,12068.39,2695.25
2011-11-08,1275.92,12170.18,2727.49
2011-11-09,1229.1,11780.94,2621.65
2011-11-10,1239.69,11893.79,2625.15
2011-11-11,1263.86,12153.68,2678.75
2011-11-14,1251.78,12078.98,2657.22
2011-11-15,1257.81,12096.16,2686.2
2011-11-16,1236.91,11905.59,2639.61
2011-11-17,1216.13,11770.73,2587.99
2011-11-18,1215.65,11796.16,2572.5
2011-11-21,1192.98,11547.31,2523.14
2011-11-22,1188.04,11493.72,2521.28
2011-11-23,1161.79,11257.55,2460.08
2011-11-24,,,
2011-11-25,1158.67,11231.78,2441.51
2011-11-28,1192.55,11523.01,2527.34
2011-11-29,1195.19,11555.63,2515.51
2011-11-30,1246.96,12045.68,2620.34
2011-12-01,1244.58,12020.03,2626.2
2011-12-02,1244.28,12019.42,2626.93
2011-12-05,1257.08,12097.83,2655.76
2011-12-06,1258.47,12150.13,2649.56
2011-12-07,1261.01,12196.37,2649.21
2011-12-08,1234.35,11997.7,2596.38
2011-12-09,1255.19,12184.26,2646.85
2011-12-12,1236.47,12021.39,2612.26
2011-12-13,1225.73,11954.94,2579.27
2011-12-14,1211.82,11823.48,2539.31
2011-12-15,1215.75,11868.81,2541.01
2011-12-16,1219.66,11866.39,2555.33
2011-12-19,1205.35,11766.26,2523.14
2011-12-20,1241.31,12103.58,2603.73
2011-12-21,1243.72,12107.74,2577.97
2011-12-22,1254.0,12169.65,2599.45
2011-12-23,1265.33,12294.0,2618.64
2011-12-26,,,
2011-12-27,1265.43,12291.35,2625.2
2011-12-28,1249.64,12151.41,2589.98
2011-12-29,1263.02,12287.04,2613.74
2011-12-30,1257.61,12217.56,2605.15
2012-01-02,,,
2012-01-03,1277.06,12397.38,2648.72
2012-01-04,1277.3,12418.42,2648.36
2012-01-05,1281.06,12415.7,2669.86
2012-01-06,1277.81,12359.92,2674.22
2012-01-09,1280.7,12392.69,2676.56
2012-01-10,1292.08,12462.47,2702.5
2012-01-11,1292.48,12449.45,2710.76
2012-01-12,1295.5,12471.02,2724.7
2012-01-13,1289.09,12422.06,2710.67
2012-01-16,,,
2012-01-17,1293.67,12482.07,2728.08
2012-01-18,1308.04,12578.95,2769.71
2012-01-19,1314.5,12623.98,2788.33
2012-01-20,1315.38,12720.48,2786.7
2012-01-23,1316.0,12708.82,2784.17
2012-01-24,1314.66,12675.75,2786.64
2012-01-25,1326.05,12756.96,2818.31
2012-01-26,1318.43,12734.63,2805.28
2012-01-27,1316.33,12660.46,2816.55
2012-01-30,1313.01,12653.72,2811.94
2012-01-31,1312.41,12632.91,2813.84
2012-02-01,1324.09,12716.46,2848.27
2012-02-02,1325.54,12705.41,2859.68
2012-02-03,1344.9,12862.23,2905.66
2012-02-06,1344.33,12845.13,2901.99
2012-02-07,1347.05,12878.2,2904.08
2012-02-08,1349.96,12883.95,2915.86
2012-02-09,1351.95,12890.46,2927.23
2012-02-10,1342.64,12801.23,2903.88
2012-02-13,1351.77,12874.04,2931.39
2012-02-14,1350.5,12878.28,2931.83
2012-02-15,1343.23,12780.95,2915.83
2012-02-16,1358.04,12904.08,2959.85
2012-02-17,1361.23,12949.87,2951.78
2012-02-20,,,
2012-02-21,1362.21,12965.69,2948.57
2012-02-22,1357.66,12938.67,2933.17
2012-02-23,1363.46,12984.69,2956.98
2012-02-24,1365.74,12982.95,2963.75
2012-02-27,1367.59,12981.51,2966.16
2012-02-28,1372.18,13005.12,2986.76
2012-02-29,1365.68,12952.07,2966.89
2012-03-01,1374.09,12980.3,2988.97
2012-03-02,1369.63,12977.57,2976.19
2012-03-05,1364.34,12962.81,2950.48
2012-03-06,1343.36,12759.15,2910.32
2012-03-07,1352.63,12837.33,2935.69
2012-03-08,1365.91,12907.94,2970.42
2012-03-09,1370.87,12922.02,2988.34
2012-03-12,1371.09,12959.71,2983.66
2012-03-13,1395.95,13177.68,3039.88
2012-03-14,1394.28,13194.1,3040.73
2012-03-15,1402.6,13252.76,3056.37
2012-03-16,1404.17,13232.62,3055.26
2012-03-19,1409.75,13239.13,3078.32
2012-03-20,1405.52,13170.19,3074.15
2012-03-21,1402.9,13124.62,3075.32
2012-03-22,1392.79,13046.14,3063.32
2012-03-23,1397.11,13080.73,3067.92
2012-03-26,1416.51,13241.63,3122.57
2012-03-27,1412.52,13197.73,3120.35
2012-03-28,1405.54,13126.21,3104.96
2012-03-29,1403.28,13145.82,3095.36
2012-03-30,1408.47,13212.04,3091.57
2012-04-02,1419.04,13264.49,3119.7
2012-04-03,1413.38,13199.55,3113.57
2012-04-04,1398.96,13074.75,3068.09
2012-04-05,1398.08,13060.14,3080.5
2012-04-06,,,
2012-04-09,1382.2,12929.59,3047.08
2012-04-10,1358.59,12715.93,2991.22
2012-04-11,1368.71,12805.39,3016.46
2012-04-12,1387.57,12986.58,3055.55
2012-04-13,1370.26,12849.59,3011.33
2012-04-16,1369.57,12921.41,2988.4
2012-04-17,1390.78,13115.54,3042.82
2012-04-18,1385.14,13032.75,3031.45
2012-04-19,1376.92,12964.1,3007.56
2012-04-20,1378.53,13029.26,3000.45
2012-04-23,1366.94,12927.17,2970.45
2012-04-24,1371.97,13001.56,2961.6
2012-04-25,1390.69,13090.72,3029.63
2012-04-26,1399.98,13204.62,3050.61
2012-04-27,1403.36,13228.31,3069.2
2012-04-30,1397.91,13213.63,3046.36
2012-05-01,1405.82,13279.32,3050.44
2012-05-02,1402.31,13268.57,3059.85
2012-05-03,1391.57,13206.59,3024.3
2012-05-04,1369.1,13038.27,2956.34
2012-05-07,1369.58,13008.53,2957.76
2012-05-08,1363.72,12932.09,2946.27
2012-05-09,1354.58,12835.06,2934.71
2012-05-10,1357.99,12855.04,2933.64
2012-05-11,1353.39,12820.6,2933.82
2012-05-14,1338.35,12695.35,2902.58
2012-05-15,1330.66,12632.0,2893.76
2012-05-16,1324.8,12598.55,2874.04
2012-05-17,1304.86,12442.49,2813.69
2012-05-18,1295.22,12369.38,2778.79
2012-05-21,1315.99,12504.48,2847.21
2012-05-22,1316.63,12502.81,2839.08
2012-05-23,1318.86,12496.15,2850.12
2012-05-24,1320.68,12529.75,2839.38
2012-05-25,1317.82,12454.83,2837.53
2012-05-28,,,
2012-05-29,1332.42,12580.69,2870.99
2012-05-30,1313.32,12419.86,2837.36
2012-05-31,1310.33,12393.45,2827.34
2012-06-01,1278.05,12118.57,2747.48
2012-06-04,1278.18,12101.46,2760.01
2012-06-05,1285.5,12127.95,2778.11
2012-06-06,1315.13,12414.79,2844.72
2012-06-07,1314.99,12460.96,2831.02
2012-06-08,1325.66,12554.2,2858.42
2012-06-11,1308.93,12411.23,2809.73
2012-06-12,1324.18,12573.8,2843.07
2012-06-13,1314.88,12496.38,2818.61
2012-06-14,1329.1,12651.91,2836.33
2012-06-15,1342.84,12767.17,2872.8
2012-06-18,1344.78,12741.82,2895.33
2012-06-19,1357.98,12837.33,2929.76
2012-06-20,1355.69,12824.39,2930.45
2012-06-21,1325.51,12573.57,2859.09
2012-06-22,1335.02,12640.78,2892.42
2012-06-25,1313.72,12502.66,2836.16
2012-06-26,1319.99,12534.67,2854.06
2012-06-27,1331.85,12627.01,2875.32
2012-06-28,1329.04,12602.26,2849.49
2012-06-29,1362.16,12880.09,2935.05
2012-07-02,1365.51,12871.39,2951.23
2012-07-03,1374.02,12943.82,2976.08
2012-07-04,,,
2012-07-05,1367.58,12896.67,2976.12
2012-07-06,1354.68,12772.47,2937.33
2012-07-09,1352.46,12736.29,2931.77
2012-07-10,1341.47,12653.12,2902.33
2012-07-11,1341.46,12604.53,2887.98
2012-07-12,1334.76,12573.27,2866.19
2012-07-13,1356.78,12777.09,2908.47
2012-07-16,1353.64,12727.21,2896.94
2012-07-17,1363.67,12805.54,2910.04
2012-07-18,1372.78,12908.7,2942.6
2012-07-19,1376.51,12943.36,2965.9
2012-07-20,1362.66,12822.57,2925.3
2012-07-23,1350.52,12721.46,2890.15
2012-07-24,1338.31,12617.32,2862.99
2012-07-25,1337.89,12676.05,2854.24
2012-07-26,1360.02,12887.93,2893.25
2012-07-27,1385.97,13075.66,2958.09
2012-07-30,1385.3,13073.01,2945.84
2012-07-31,1379.32,13008.68,2939.52
2012-08-01,1375.14,12971.06,2920.21
2012-08-02,1365.0,12878.88,2909.77
2012-08-03,1390.99,13096.17,2967.9
2012-08-06,1394.23,13117.51,2989.91
2012-08-07,1401.35,13168.6,3015.86
2012-08-08,1402.22,13175.64,3011.25
2012-08-09,1402.8,13165.19,3018.64
2012-08-10,1405.87,13207.95,3020.86
2012-08-13,1404.11,13169.43,3022.52
2012-08-14,1403.93,13172.14,3016.98
2012-08-15,1405.53,13164.78,3030.93
2012-08-16,1415.51,13250.11,3062.39
2012-08-17,1418.16,13275.2,3076.59
2012-08-20,1418.13,13271.64,3076.21
2012-08-21,1413.17,13203.58,3067.26
2012-08-22,1413.49,13172.76,3073.67
2012-08-23,1402.08,13057.46,3053.4
2012-08-24,1411.13,13157.97,3069.79
2012-08-27,1410.44,13124.67,3073.19
2012-08-28,1409.3,13102.99,3077.14
2012-08-29,1410.49,13107.48,3081.19
2012-08-30,1399.48,13000.71,3048.71
2012-08-31,1406.58,13090.84,3066.97
2012-09-03,,,
2012-09-04,1404.94,13035.94,3075.06
2012-09-05,1403.43,13047.48,3069.27
2012-09-06,1432.12,13292.0,3135.81
2012-09-07,1437.92,13306.64,3136.42
2012-09-10,1429.08,13254.29,3104.03
2012-09-11,1433.57,13323.36,3104.53
2012-09-12,1436.56,13333.35,3114.31
2012-09-13,1459.99,13539.86,3155.83
2012-09-14,1465.77,13593.37,3183.95
2012-09-17,1461.19,13553.1,3178.67
2012-09-18,1459.32,13564.64,3177.8
2012-09-19,1461.05,13577.96,3182.62
2012-09-20,1460.26,13596.93,3175.96
2012-09-21,1460.15,13579.47,3179.96
2012-09-24,1456.89,13558.92,3160.78
2012-09-25,1441.59,13457.55,3117.73
2012-09-26,1433.32,13413.51,3093.7
2012-09-27,1447.15,13485.97,3136.6
2012-09-28,1440.67,13437.13,3116.23
2012-10-01,1444.49,13515.11,3113.53
2012-10-02,1445.75,13482.36,3120.04
2012-10-03,1450.99,13494.61,3135.23
2012-10-04,1461.4,13575.36,3149.46
2012-10-05,1460.93,13610.15,3136.19
2012-10-08,1455.88,13583.65,3112.35
2012-10-09,1441.48,13473.53,3065.02
2012-10-10,1432.56,13344.97,3051.78
2012-10-11,1432.84,13326.39,3049.42
2012-10-12,1428.59,13328.85,3044.12
2012-10-15,1440.13,13424.23,3064.18
2012-10-16,1454.92,13551.78,3101.17
2012-10-17,1460.91,13557.0,3104.12
2012-10-18,1457.34,13548.94,3072.87
2012-10-19,1433.19,13343.51,3005.62
2012-10-22,1433.82,13345.89,3016.96
2012-10-23,1413.11,13102.53,2990.46
2012-10-24,1408.75,13077.34,2981.7
2012-10-25,1412.97,13103.68,2986.12
2012-10-26,1411.94,13107.21,2987.95
2012-10-29,,,
2012-10-30,,,
2012-10-31,1412.16,13096.46,2977.23
2012-11-01,1427.59,13232.62,3020.06
2012-11-02,1414.2,13093.16,2982.13
2012-11-05,1417.26,13112.44,2999.66
2012-11-06,1428.39,13245.68,3011.93
2012-11-07,1394.53,12932.73,2937.29
2012-11-08,1377.51,12811.32,2895.59
2012-11-09,1379.85,12815.39,2904.87
2012-11-12,1380.03,12815.08,2904.26
2012-11-13,1374.53,12756.18,2883.89
2012-11-14,1355.49,12570.95,2846.81
2012-11-15,1353.33,12542.38,2836.94
2012-11-16,1359.88,12588.31,2853.13
2012-11-19,1386.89,12795.96,2916.07
2012-11-20,1387.81,12788.51,2916.68
2012-11-21,1391.03,12836.89,2926.55
2012-11-22,,,
2012-11-23,1409.15,13009.68,2966.85
2012-11-26,1406.29,12967.37,2976.78
2012-11-27,1398.94,12878.13,2967.79
2012-11-28,1409.93,12985.11,2991.78
2012-11-29,1415.95,13021.82,3012.03
2012-11-30,1416.18,13025.58,3010.24
2012-12-03,1409.46,12965.6,3002.2
2012-12-04,1407.05,12951.78,2996.69
2012-12-05,1409.28,13034.49,2973.7
2012-12-06,1413.94,13074.04,2989.27
2012-12-07,1418.07,13155.13,2978.04
2012-12-10,1418.55,13169.88,2986.96
2012-12-11,1427.84,13248.44,3022.3
2012-12-12,1428.48,13245.45,3013.81
2012-12-13,1419.45,13170.72,2992.16
2012-12-14,1413.58,13135.01,2971.34
2012-12-17,1430.36,13235.39,3010.6
2012-12-18,1446.79,13350.96,3054.53
2012-12-19,1435.81,13251.97,3044.37
2012-12-20,1443.69,13311.72,3050.39
2012-12-21,1430.15,13190.84,3021.01
2012-12-24,1426.66,13139.08,3012.6
2012-12-25,,,
2012-12-26,1419.83,13114.59,2990.16
2012-12-27,1418.1,13096.31,2985.91
2012-12-28,1402.43,12938.11,2960.31
2012-12-31,1426.19,13104.14,3019.51
2013-01-02,1462.42,13412.55,3112.26
2013-01-03,1459.37,13391.36,3100.57
2013-01-04,1466.47,13435.21,3101.66
2013-01-07,1461.89,13384.29,3098.81
2013-01-08,1457.15,13328.85,3091.81
2013-01-09,1461.02,13390.51,3105.81
2013-01-10,1472.12,13471.22,3121.76
2013-01-11,1472.05,13488.43,3125.64
2013-01-14,1470.68,13507.32,3117.5
2013-01-15,1472.34,13534.89,3110.78
2013-01-16,1472.63,13511.23,3117.54
2013-01-17,1480.94,13596.02,3136.0
2013-01-18,1485.98,13649.7,3134.71
2013-01-21,,,
2013-01-22,1492.56,13712.21,3143.18
2013-01-23,1494.81,13779.33,3153.67
2013-01-24,1494.82,13825.33,3130.38
2013-01-25,1502.96,13895.98,3149.71
2013-01-28,1500.18,13881.93,3154.3
2013-01-29,1507.84,13954.42,3153.66
2013-01-30,1501.96,13910.42,3142.31
2013-01-31,1498.11,13860.58,3142.13
2013-02-01,1513.17,14009.79,3179.1
2013-02-04,1495.71,13880.08,3131.17
2013-02-05,1511.29,13979.3,3171.58
2013-02-06,1512.12,13986.52,3168.48
2013-02-07,1509.39,13944.05,3165.13
2013-02-08,1517.93,13992.97,3193.87
2013-02-11,1517.01,13971.24,3192.01
2013-02-12,1519.43,14018.7,3186.49
2013-02-13,1520.33,13982.91,3196.88
2013-02-14,1521.38,13973.39,3198.66
2013-02-15,1519.79,13981.76,3192.03
2013-02-18,,,
2013-02-19,1530.94,14035.67,3213.6
2013-02-20,1511.95,13927.54,3164.41
2013-02-21,1502.42,13880.62,3131.49
2013-02-22,1515.6,14000.57,3161.82
2013-02-25,1487.85,13784.17,3116.25
2013-02-26,1496.94,13900.13,3129.65
2013-02-27,1515.99,14075.37,3162.26
2013-02-28,1514.68,14054.49,3160.19
2013-03-01,1518.2,14089.66,3169.74
2013-03-04,1525.2,14127.82,3182.03
2013-03-05,1539.79,14253.77,3224.13
2013-03-06,1541.46,14296.24,3222.37
2013-03-07,1544.26,14329.49,3232.09
2013-03-08,1551.18,14397.07,3244.37
2013-03-11,1556.22,14447.29,3252.87
2013-03-12,1552.48,14450.06,3242.32
2013-03-13,1554.52,14455.28,3245.12
2013-03-14,1563.23,14539.14,3258.93
2013-03-15,1560.7,14514.11,3249.07
2013-03-18,1552.1,14452.06,3237.59
2013-03-19,1548.34,14455.82,3229.1
2013-03-20,1558.71,14511.73,3254.19
2013-03-21,1545.8,14421.49,3222.6
2013-03-22,1556.89,14512.03,3245.0
2013-03-25,1551.69,14447.75,3235.3
2013-03-26,1563.77,14559.65,3252.48
2013-03-27,1562.85,14526.16,3256.52
2013-03-28,1569.19,14578.54,3267.52
2013-03-29,,,
2013-04-01,1562.17,14572.85,3239.17
2013-04-02,1570.25,14662.01,3254.86
2013-04-03,1553.69,14550.35,3218.6
2013-04-04,1559.98,14606.11,3224.98
2013-04-05,1553.28,14565.25,3203.86
2013-04-08,1563.07,14613.48,3222.25
2013-04-09,1568.61,14673.46,3237.86
2013-04-10,1587.73,14802.24,3297.25
2013-04-11,1593.37,14865.14,3300.16
2013-04-12,1588.85,14865.06,3294.95
2013-04-15,1552.36,14599.2,3216.49
2013-04-16,1574.57,14756.78,3264.63
2013-04-17,1552.01,14618.59,3204.67
2013-04-18,1541.61,14537.14,3166.36
2013-04-19,1555.25,14547.51,3206.06
2013-04-22,1562.5,14567.17,3233.55
2013-04-23,1578.78,14719.46,3269.33
2013-04-24,1578.79,14676.3,3269.65
2013-04-25,1585.16,14700.8,3289.99
2013-04-26,1582.24,14712.55,3279.26
2013-04-29,1593.61,14818.75,3307.02
2013-04-30,1597.57,14839.8,3328.79
2013-05-01,1582.7,14700.95,3299.13
2013-05-02,1597.59,14831.58,3340.62
2013-05-03,1614.42,14973.96,3378.63
2013-05-06,1617.5,14968.89,3392.97
2013-05-07,1625.96,15056.2,3396.63
2013-05-08,1632.69,15105.12,3413.27
2013-05-09,1626.67,15082.62,3409.17
2013-05-10,1633.7,15118.49,3436.58
2013-05-13,1633.77,15091.68,3438.79
2013-05-14,1650.34,15215.25,3462.61
2013-05-15,1658.78,15275.69,3471.62
2013-05-16,1650.47,15233.22,3465.24
2013-05-17,1667.47,15354.4,3498.97
2013-05-20,1666.29,15335.28,3496.43
2013-05-21,1669.16,15387.58,3502.12
2013-05-22,1655.35,15307.17,3463.3
2013-05-23,1650.51,15294.5,3459.42
2013-05-24,1649.6,15303.1,3459.14
2013-05-27,,,
2013-05-28,1660.06,15409.39,3488.89
2013-05-29,1648.36,15302.8,3467.52
2013-05-30,1654.41,15324.53,3491.3
2013-05-31,1630.74,15115.57,3455.91
2013-06-03,1640.42,15254.03,3465.37
2013-06-04,1631.38,15177.54,3445.26
2013-06-05,1608.9,14960.59,3401.48
2013-06-06,1622.56,15040.62,3424.05
2013-06-07,1643.38,15248.12,3469.22
2013-06-10,1642.81,15238.59,3473.77
2013-06-11,1626.13,15122.02,3436.95
2013-06-12,1612.52,14995.23,3400.43
2013-06-13,1636.36,15176.08,3445.37
2013-06-14,1626.73,15070.18,3423.56
2013-06-17,1639.04,15179.85,3452.13
2013-06-18,1651.81,15318.23,3482.18
2013-06-19,1628.93,15112.19,3443.2
2013-06-20,1588.19,14758.32,3364.64
2013-06-21,1592.43,14799.4,3357.25
2013-06-24,1573.09,14659.56,3320.76
2013-06-25,1588.03,14760.31,3347.89
2013-06-26,1603.26,14910.14,3376.22
2013-06-27,1613.2,15024.49,3401.86
2013-06-28,1606.28,14909.6,3403.25
2013-07-01,1614.96,14974.96,3434.49
2013-07-02,1614.08,14932.41,3433.4
2013-07-03,1615.41,14988.55,3443.67
2013-07-04,,,
2013-07-05,1631.89,15135.84,3479.38
2013-07-08,1640.46,15224.69,3484.83
2013-07-09,1652.32,15300.34,3504.26
2013-07-10,1652.62,15291.66,3520.76
2013-07-11,1675.02,15460.92,3578.3
2013-07-12,1680.19,15464.3,3600.08
2013-07-15,1682.5,15484.26,3607.49
2013-07-16,1676.26,15451.85,3598.5
2013-07-17,1680.91,15470.52,3610.0
2013-07-18,1689.37,15548.54,3611.28
2013-07-19,1692.09,15543.74,3587.62
2013-07-22,1695.53,15545.55,3600.39
2013-07-23,1692.39,15567.74,3579.27
2013-07-24,1685.94,15542.24,3579.6
2013-07-25,1690.25,15555.61,3605.19
2013-07-26,1691.65,15558.83,3613.17
2013-07-29,1685.33,15521.97,3599.14
2013-07-30,1685.96,15520.59,3616.47
2013-07-31,1685.73,15499.54,3626.37
2013-08-01,1706.87,15628.02,3675.74
2013-08-02,1709.67,15658.36,3689.59
2013-08-05,1707.14,15612.13,3692.95
2013-08-06,1697.37,15518.74,3665.77
2013-08-07,1690.91,15470.67,3654.01
2013-08-08,1697.48,15498.32,3669.12
2013-08-09,1691.42,15425.51,3660.11
2013-08-12,1689.47,15419.68,3669.95
2013-08-13,1694.16,15451.01,3684.44
2013-08-14,1685.39,15337.66,3669.27
2013-08-15,1661.32,15112.19,3606.12
2013-08-16,1655.83,15081.47,3602.78
2013-08-19,1646.06,15010.74,3589.09
2013-08-20,1652.35,15002.99,3613.59
2013-08-21,1642.8,14897.55,3599.79
2013-08-22,1656.96,14963.74,3638.71
2013-08-23,1663.5,15010.51,3657.79
2013-08-26,1656.78,14946.46,3657.57
2013-08-27,1630.48,14776.13,3578.52
2013-08-28,1634.96,14824.51,3593.35
2013-08-29,1638.17,14840.95,3620.3
2013-08-30,1632.97,14810.31,3589.87
2013-09-02,,,
2013-09-03,1639.77,14833.96,3612.61
2013-09-04,1653.08,14930.87,3649.04
2013-09-05,1655.08,14937.48,3658.79
2013-09-06,1655.17,14922.5,3660.01
2013-09-09,1671.71,15063.12,3706.18
2013-09-10,1683.99,15191.06,3729.02
2013-09-11,1689.13,15326.6,3725.01
2013-09-12,1683.42,15300.64,3715.97
2013-09-13,1687.99,15376.06,3722.18
2013-09-16,1697.6,15494.78,3717.85
2013-09-17,1704.76,15529.73,3745.7
2013-09-18,1725.52,15676.94,3783.64
2013-09-19,1722.34,15636.55,3789.38
2013-09-20,1709.91,15451.09,3774.73
2013-09-23,1701.84,15401.38,3765.29
2013-09-24,1697.42,15334.59,3768.25
2013-09-25,1692.77,15273.26,3761.1
2013-09-26,1698.67,15328.3,3787.43
2013-09-27,1691.75,15258.24,3781.59
2013-09-30,1681.55,15129.67,3771.48
2013-10-01,1695.0,15191.7,3817.98
2013-10-02,1693.87,15133.14,3815.02
2013-10-03,1678.66,14996.48,3774.34
2013-10-04,1690.5,15072.58,3807.75
2013-10-07,1676.12,14936.24,3770.38
2013-10-08,1655.45,14776.53,3694.83
2013-10-09,1656.4,14802.98,3677.78
2013-10-10,1692.56,15126.07,3760.75
2013-10-11,1703.2,15237.11,3791.87
2013-10-14,1710.14,15301.26,3815.28
2013-10-15,1698.06,15168.01,3794.01
2013-10-16,1721.54,15373.83,3839.43
2013-10-17,1733.15,15371.65,3863.15
2013-10-18,1744.5,15399.65,3914.28
2013-10-21,1744.66,15392.2,3920.05
2013-10-22,1754.67,15467.66,3929.57
2013-10-23,1746.38,15413.33,3907.07
2013-10-24,1752.07,15509.21,3928.96
2013-10-25,1759.77,15570.28,3943.36
2013-10-28,1762.11,15568.93,3940.13
2013-10-29,1771.95,15680.35,3952.34
2013-10-30,1763.31,15618.76,3930.62
2013-10-31,1756.54,15545.75,3919.71
2013-11-01,1761.64,15615.55,3922.04
2013-11-04,1767.93,15639.12,3936.59
2013-11-05,1762.97,15618.22,3939.86
2013-11-06,1770.49,15746.88,3931.95
2013-11-07,1747.15,15593.98,3857.33
2013-11-08,1770.61,15761.78,3919.23
2013-11-11,1771.89,15783.1,3919.79
2013-11-12,1767.69,15750.67,3919.92
2013-11-13,1782.0,15821.63,3965.58
2013-11-14,1790.62,15876.22,3972.74
2013-11-15,1798.18,15961.7,3985.97
2013-11-18,1791.53,15976.02,3949.07
2013-11-19,1787.87,15967.03,3931.55
2013-11-20,1781.37,15900.82,3921.27
2013-11-21,1795.85,16009.99,3969.16
2013-11-22,1804.76,16064.77,3991.65
2013-11-25,1802.48,16072.54,3994.57
2013-11-26,1802.75,16072.8,4017.75
2013-11-27,1807.23,16097.33,4044.75
2013-11-28,,,
2013-11-29,1805.81,16086.41,4059.89
2013-12-02,1800.9,16008.77,4045.26
2013-12-03,1795.15,15914.62,4037.2
2013-12-04,1792.81,15889.77,4038.0
2013-12-05,1785.03,15821.51,4033.17
2013-12-06,1805.09,16020.2,4062.52
2013-12-09,1808.37,16025.53,4068.75
2013-12-10,1802.62,15973.13,4060.49
2013-12-11,1782.22,15843.53,4003.81
2013-12-12,1775.5,15739.43,3998.4
2013-12-13,1775.32,15755.36,4000.98
2013-12-16,1786.54,15884.57,4029.52
2013-12-17,1781.0,15875.26,4023.68
2013-12-18,1810.65,16167.97,4070.06
2013-12-19,1809.6,16179.08,4058.14
2013-12-20,1818.32,16221.14,4104.74
2013-12-23,1827.99,16294.61,4148.9
2013-12-24,1833.32,16357.55,4155.42
2013-12-25,,,
2013-12-26,1842.02,16479.88,4167.18
2013-12-27,1841.4,16478.41,4156.59
2013-12-30,1841.07,16504.29,4154.2
2013-12-31,1848.36,16576.66,4176.59
2014-01-02,1831.98,16441.35,4143.07
2014-01-03,1831.37,16469.99,4131.91
2014-01-06,1826.77,16425.1,4113.68
2014-01-07,1837.88,16530.94,4153.18
2014-01-08,1837.49,16462.74,4165.61
2014-01-09,1838.13,16444.76,4156.19
2014-01-10,1842.37,16437.05,4174.67
2014-01-13,1819.2,16257.94,4113.31
2014-01-14,1838.88,16373.86,4183.02
2014-01-15,1848.38,16481.94,4214.88
2014-01-16,1845.89,16417.01,4218.69
2014-01-17,1838.7,16458.56,4197.58
2014-01-20,,,
2014-01-21,1843.8,16414.44,4225.76
2014-01-22,1844.86,16373.34,4243.0
2014-01-23,1828.46,16197.35,4218.88
2014-01-24,1790.29,15879.11,4128.17
2014-01-27,1781.56,15837.88,4083.61
2014-01-28,1792.5,15928.56,4097.96
2014-01-29,1774.2,15738.79,4051.43
2014-01-30,1794.19,15848.61,4123.13
2014-01-31,1782.59,15698.85,4103.88
2014-02-03,1741.89,15372.8,3996.96
2014-02-04,1755.2,15445.24,4031.52
2014-02-05,1751.64,15440.23,4011.55
2014-02-06,1773.43,15628.53,4057.12
2014-02-07,1797.02,15794.08,4125.86
2014-02-10,1799.84,15801.79,4148.17
2014-02-11,1819.75,15994.77,4191.05
2014-02-12,1819.26,15963.94,4201.29
2014-02-13,1829.83,16027.59,4240.67
2014-02-14,1838.63,16154.39,4244.02
2014-02-17,,,
2014-02-18,1840.76,16130.4,4272.78
2014-02-19,1828.75,16040.56,4237.95
2014-02-20,1839.78,16133.23,4267.55
2014-02-21,1836.25,16103.3,4263.41
2014-02-24,1847.61,16207.14,4292.97
2014-02-25,1845.12,16179.66,4287.59
2014-02-26,1845.16,16198.41,4292.06
2014-02-27,1854.29,16272.65,4318.93
2014-02-28,1859.45,16321.71,4308.12
2014-03-03,1845.73,16168.03,4277.3
2014-03-04,1873.91,16395.88,4351.97
2014-03-05,1873.81,16360.18,4357.97
2014-03-06,1877.03,16421.89,4352.13
2014-03-07,1878.04,16452.72,4336.22
2014-03-10,1877.17,16418.68,4334.45
2014-03-11,1867.63,16351.25,4307.19
2014-03-12,1868.2,16340.08,4323.33
2014-03-13,1846.34,16108.89,4260.42
2014-03-14,1841.13,16065.67,4245.4
2014-03-17,1858.83,16247.22,4279.95
2014-03-18,1872.25,16336.19,4333.31
2014-03-19,1860.77,16222.17,4307.6
2014-03-20,1872.01,16331.05,4319.29
2014-03-21,1866.52,16302.77,4276.79
2014-03-24,1857.44,16276.69,4226.39
2014-03-25,1865.62,16367.88,4234.27
2014-03-26,1852.56,16268.99,4173.58
2014-03-27,1849.04,16264.23,4151.23
2014-03-28,1857.62,16323.06,4155.76
2014-03-31,1872.34,16457.66,4198.99
2014-04-01,1885.52,16532.61,4268.04
2014-04-02,1890.9,16573.0,4276.46
2014-04-03,1888.77,16572.55,4237.74
2014-04-04,1865.09,16412.71,4127.73
2014-04-07,1845.04,16245.87,4079.75
2014-04-08,1851.96,16256.14,4112.99
2014-04-09,1872.18,16437.18,4183.9
2014-04-10,1833.08,16170.22,4054.11
2014-04-11,1815.69,16026.75,3999.73
2014-04-14,1830.61,16173.24,4022.69
2014-04-15,1842.98,16262.56,4034.16
2014-04-16,1862.31,16424.85,4086.23
2014-04-17,1864.85,16408.54,4095.52
2014-04-18,,,
2014-04-21,1871.89,16449.25,4121.55
2014-04-22,1879.55,16514.37,4161.46
2014-04-23,1875.39,16501.65,4126.97
2014-04-24,1878.61,16501.65,4148.34
2014-04-25,1863.4,16361.46,4075.56
2014-04-28,1869.43,16448.74,4074.4
2014-04-29,1878.33,16535.37,4103.54
2014-04-30,1883.95,16580.84,4114.56
2014-05-01,1883.68,16558.87,4127.45
2014-05-02,1881.14,16512.89,4123.9
2014-05-05,1884.66,16530.55,4138.06
2014-05-06,1867.72,16401.02,4080.76
2014-05-07,1878.21,16518.54,4067.67
2014-05-08,1875.63,16550.97,4051.5
2014-05-09,1878.48,16583.34,4071.87
2014-05-12,1896.65,16695.47,4143.86
2014-05-13,1897.45,16715.44,4130.17
2014-05-14,1888.53,16613.97,4100.63
2014-05-15,1870.85,16446.81,4069.29
2014-05-16,1877.86,16491.31,4090.59
2014-05-19,1885.08,16511.86,4125.81
2014-05-20,1872.83,16374.31,4096.89
2014-05-21,1888.03,16533.06,4131.54
2014-05-22,1892.49,16543.08,4154.34
2014-05-23,1900.53,16606.27,4185.81
2014-05-26,,,
2014-05-27,1911.91,16675.5,4237.07
2014-05-28,1909.78,16633.18,4225.08
2014-05-29,1920.03,16698.74,4247.95
2014-05-30,1923.57,16717.17,4242.62
2014-06-02,1924.97,16743.63,4237.2
2014-06-03,1924.24,16722.34,4234.08
2014-06-04,1927.88,16737.53,4251.64
2014-06-05,1940.46,16836.11,4296.23
2014-06-06,1949.44,16924.28,4321.4
2014-06-09,1951.27,16943.1,4336.24
2014-06-10,1950.79,16945.92,4338.0
2014-06-11,1943.89,16843.88,4331.93
2014-06-12,1930.11,16734.19,4297.63
2014-06-13,1936.16,16775.74,4310.65
2014-06-16,1937.78,16781.01,4321.1
2014-06-17,1941.99,16808.49,4337.23
2014-06-18,1956.98,16906.62,4362.84
2014-06-19,1959.48,16921.46,4359.33
2014-06-20,1962.87,16947.08,4368.04
2014-06-23,1962.61,16937.26,4368.68
2014-06-24,1949.98,16818.13,4350.35
2014-06-25,1959.53,16867.51,4379.76
2014-06-26,1957.22,16846.13,4379.05
2014-06-27,1960.96,16851.84,4397.93
2014-06-30,1960.23,16826.6,4408.18
2014-07-01,1973.32,16956.07,4458.65
2014-07-02,1974.62,16976.24,4457.73
2014-07-03,1985.44,17068.26,4485.93
2014-07-04,,,
2014-07-07,1977.65,17024.21,4451.53
2014-07-08,1963.71,16906.62,4391.46
2014-07-09,1972.83,16985.61,4419.03
2014-07-10,1964.68,16915.07,4396.2
2014-07-11,1967.57,16943.81,4415.49
2014-07-14,1977.1,17055.42,4440.42
2014-07-15,1973.28,17060.68,4416.39
2014-07-16,1981.57,17138.2,4425.97
2014-07-17,1958.12,16976.81,4363.45
2014-07-18,1978.22,17100.18,4432.15
2014-07-21,1973.63,17051.73,4424.7
2014-07-22,1983.53,17113.54,4456.02
2014-07-23,1987.01,17086.63,4473.7
2014-07-24,1987.98,17083.8,4472.11
2014-07-25,1978.34,16960.57,4449.56
2014-07-28,1978.91,16982.59,4444.91
2014-07-29,1969.95,16912.11,4442.7
2014-07-30,1970.07,16880.36,4462.9
2014-07-31,1930.67,16563.3,4369.77
2014-08-01,1925.15,16493.37,4352.64
2014-08-04,1938.99,16569.28,4383.89
2014-08-05,1920.21,16429.47,4352.84
2014-08-06,1920.24,16443.34,4355.05
2014-08-07,1909.57,16368.27,4334.97
2014-08-08,1931.59,16553.93,4370.9
2014-08-11,1936.92,16569.98,4401.33
2014-08-12,1933.75,16560.54,4389.25
2014-08-13,1946.72,16651.8,4434.13
2014-08-14,1955.18,16713.58,4453.0
2014-08-15,1955.06,16662.91,4464.93
2014-08-18,1971.74,16838.74,4508.31
2014-08-19,1981.6,16919.59,4527.51
2014-08-20,1986.51,16979.13,4526.48
2014-08-21,1992.37,17039.49,4532.1
2014-08-22,1988.4,17001.22,4538.55
2014-08-25,1997.92,17076.87,4557.35
2014-08-26,2000.02,17106.7,4570.64
2014-08-27,2000.12,17122.01,4569.62
2014-08-28,1996.74,17079.57,4557.7
2014-08-29,2003.37,17098.45,4580.27
2014-09-01,,,
2014-09-02,2002.28,17067.56,4598.19
2014-09-03,2000.72,17078.28,4572.56
2014-09-04,1997.65,17069.58,4562.29
2014-09-05,2007.71,17137.36,4582.9
2014-09-08,2001.54,17111.42,4592.29
2014-09-09,1988.44,17013.87,4552.29
2014-09-10,1995.69,17068.71,4586.52
2014-09-11,1997.45,17049.0,4591.81
2014-09-12,1985.54,16987.51,4567.6
2014-09-15,1984.13,17031.14,4518.9
2014-09-16,1998.98,17131.97,4552.76
2014-09-17,2001.57,17156.85,4562.19
2014-09-18,2011.36,17265.99,4593.43
2014-09-19,2010.4,17279.74,4579.79
2014-09-22,1994.29,17172.68,4527.69
2014-09-23,1982.77,17055.87,4508.69
2014-09-24,1998.3,17210.06,4555.22
2014-09-25,1965.99,16945.8,4466.75
2014-09-26,1982.85,17113.15,4512.19
2014-09-29,1977.8,17071.22,4505.85
2014-09-30,1972.29,17042.9,4493.39
2014-10-01,1946.16,16804.71,4422.09
2014-10-02,1946.17,16801.05,4430.2
2014-10-03,1967.9,17009.69,4475.62
2014-10-06,1964.82,16991.91,4454.8
2014-10-07,1935.1,16719.39,4385.2
2014-10-08,1968.89,16994.22,4468.59
2014-10-09,1928.21,16659.25,4378.34
2014-10-10,1906.13,16544.1,4276.24
2014-10-13,1874.74,16321.07,4213.66
2014-10-14,1877.7,16315.19,4227.17
2014-10-15,1862.49,16141.74,4215.32
2014-10-16,1862.76,16117.24,4217.39
2014-10-17,1886.76,16380.41,4258.44
2014-10-20,1904.01,16399.67,4316.07
2014-10-21,1941.28,16614.81,4419.48
2014-10-22,1927.11,16461.32,4382.85
2014-10-23,1950.82,16677.9,4452.79
2014-10-24,1964.58,16805.41,4483.72
2014-10-27,1961.63,16817.94,4485.93
2014-10-28,1985.05,17005.75,4564.29
2014-10-29,1982.3,16974.31,4549.23
2014-10-30,1994.65,17195.42,4566.14
2014-10-31,2018.05,17390.52,4630.74
2014-11-03,2017.81,17366.24,4638.91
2014-11-04,2012.1,17383.84,4623.64
2014-11-05,2023.57,17484.53,4620.72
2014-11-06,2031.21,17554.47,4638.47
2014-11-07,2031.92,17573.93,4632.53
2014-11-10,2038.26,17613.74,4651.62
2014-11-11,2039.68,17614.9,4660.56
2014-11-12,2038.25,17612.2,4675.14
2014-11-13,2039.33,17652.79,4680.14
2014-11-14,2039.82,17634.74,4688.54
2014-11-17,2041.32,17647.75,4671.0
2014-11-18,2051.8,17687.82,4702.44
2014-11-19,2048.72,17685.73,4675.71
2014-11-20,2052.75,17719.0,4701.87
2014-11-21,2063.5,17810.06,4712.97
2014-11-24,2069.41,17817.9,4754.89
2014-11-25,2067.03,17814.94,4758.25
2014-11-26,2072.83,17827.75,4787.32
2014-11-27,,,
2014-11-28,2067.56,17828.24,4791.63
2014-12-01,2053.44,17776.8,4727.35
2014-12-02,2066.55,17879.55,4755.81
2014-12-03,2074.33,17912.62,4774.47
2014-12-04,2071.92,17900.1,4769.44
2014-12-05,2075.37,17958.79,4780.76
2014-12-08,2060.31,17852.48,4740.69
2014-12-09,2059.82,17801.2,4766.47
2014-12-10,2026.14,17533.15,4684.02
2014-12-11,2035.33,17596.34,4708.16
2014-12-12,2002.33,17280.83,4653.6
2014-12-15,1989.63,17180.84,4605.16
2014-12-16,1972.74,17068.87,4547.83
2014-12-17,2012.89,17356.87,4644.31
2014-12-18,2061.23,17778.15,4748.4
2014-12-19,2070.65,17804.8,4765.38
2014-12-22,2078.54,17959.44,4781.42
2014-12-23,2082.17,18024.17,4765.42
2014-12-24,2081.88,18030.21,4773.47
2014-12-25,,,
2014-12-26,2088.77,18053.71,4806.86
2014-12-29,2090.57,18038.23,4806.91
2014-12-30,2080.35,17983.07,4777.44
2014-12-31,2058.9,17823.07,4736.05
2015-01-02,2058.2,17832.99,4726.81
2015-01-05,2020.58,17501.65,4652.57
2015-01-06,2002.61,17371.64,4592.74
2015-01-07,2025.9,17584.52,4650.47
2015-01-08,2062.14,17907.87,4736.19
2015-01-09,2044.81,17737.37,4704.07
2015-01-12,2028.26,17640.84,4664.71
2015-01-13,2023.03,17613.68,4661.5
2015-01-14,2011.27,17427.09,4639.32
2015-01-15,1992.67,17320.71,4570.82
2015-01-16,2019.42,17511.57,4634.38
2015-01-19,,,
2015-01-20,2022.55,17515.23,4654.85
2015-01-21,2032.12,17554.28,4667.42
2015-01-22,2063.15,17813.98,4750.4
2015-01-23,2051.82,17672.6,4757.88
2015-01-26,2057.09,17678.7,4771.76
2015-01-27,2029.55,17387.21,4681.5
2015-01-28,2002.16,17191.37,4637.99
2015-01-29,2021.25,17416.85,4683.41
2015-01-30,1994.99,17164.95,4635.24
2015-02-02,2020.85,17361.04,4676.69
2015-02-03,2050.03,17666.4,4727.74
2015-02-04,2041.51,17673.02,4716.7
2015-02-05,2062.52,17884.88,4765.1
2015-02-06,2055.47,17824.29,4744.4
2015-02-09,2046.74,17729.21,4726.01
2015-02-10,2068.59,17868.76,4787.65
2015-02-11,2068.53,17862.14,4801.18
2015-02-12,2088.48,17972.38,4857.61
2015-02-13,2096.99,18019.35,4893.84
2015-02-16,,,
2015-02-17,2100.34,18047.58,4899.27
2015-02-18,2099.68,18029.85,4906.36
2015-02-19,2097.45,17985.77,4924.7
2015-02-20,2110.3,18140.44,4955.97
2015-02-23,2109.66,18116.84,4960.97
2015-02-24,2115.48,18209.19,4968.12
2015-02-25,2113.86,18224.57,4967.14
2015-02-26,2110.74,18214.42,4987.89
2015-02-27,2104.5,18132.7,4963.53
2015-03-02,2117.39,18288.63,5008.1
2015-03-03,2107.78,18203.37,4979.9
2015-03-04,2098.53,18096.9,4967.14
2015-03-05,2101.04,18135.72,4982.81
2015-03-06,2071.26,17856.78,4927.37
2015-03-09,2079.43,17995.72,4942.44
2015-03-10,2044.16,17662.94,4859.8
2015-03-11,2040.24,17635.39,4849.94
2015-03-12,2065.95,17895.22,4893.29
2015-03-13,2053.4,17749.31,4871.76
2015-03-16,2081.19,17977.42,4929.51
2015-03-17,2074.28,17849.08,4937.44
2015-03-18,2099.5,18076.19,4982.83
2015-03-19,2089.27,17959.03,4992.38
2015-03-20,2108.1,18127.65,5026.42
2015-03-23,2104.42,18116.04,5010.97
2015-03-24,2091.5,18011.14,4994.73
2015-03-25,2061.05,17718.54,4876.52
2015-03-26,2056.15,17678.23,4863.36
2015-03-27,2061.02,17712.66,4891.22
2015-03-30,2086.24,17976.31,4947.44
2015-03-31,2067.89,17776.12,4900.89
2015-04-01,2059.69,17698.18,4880.23
2015-04-02,2066.96,17763.24,4886.94
2015-04-03,,,
2015-04-06,2080.62,17880.85,4917.32
2015-04-07,2076.33,17875.42,4910.23
2015-04-08,2081.9,17902.51,4950.82
2015-04-09,2091.18,17958.73,4974.56
2015-04-10,2102.06,18057.65,4995.98
2015-04-13,2092.43,17977.04,4988.25
2015-04-14,2095.84,18036.7,4977.29
2015-04-15,2106.63,18112.61,5011.02
2015-04-16,2104.99,18105.77,5007.79
2015-04-17,2081.18,17826.3,4931.81
2015-04-20,2100.4,18034.93,4994.6
2015-04-21,2097.29,17949.59,5014.1
2015-04-22,2107.96,18038.27,5035.17
2015-04-23,2112.93,18058.69,5056.06
2015-04-24,2117.69,18080.14,5092.09
2015-04-27,2108.92,18037.97,5060.25
2015-04-28,2114.76,18110.14,5055.42
2015-04-29,2106.85,18035.53,5023.64
2015-04-30,2085.51,17840.52,4941.42
2015-05-01,2108.29,18024.06,5005.39
2015-05-04,2114.49,18070.4,5016.93
2015-05-05,2089.46,17928.2,4939.33
2015-05-06,2080.15,17841.98,4919.65
2015-05-07,2088.0,17924.06,4945.54
2015-05-08,2116.1,18191.11,5003.55
2015-05-11,2105.33,18105.17,4993.57
2015-05-12,2099.12,18068.23,4976.19
2015-05-13,2098.48,18060.49,4981.69
2015-05-14,2121.1,18252.24,5050.8
2015-05-15,2122.73,18272.56,5048.29
2015-05-18,2129.2,18298.88,5078.44
2015-05-19,2127.83,18312.39,5070.03
2015-05-20,2125.85,18285.4,5071.74
2015-05-21,2130.82,18285.74,5090.79
2015-05-22,2126.06,18232.02,5089.36
2015-05-25,,,
2015-05-26,2104.2,18041.54,5032.75
2015-05-27,2123.48,18162.99,5106.59
2015-05-28,2120.79,18126.12,5097.98
2015-05-29,2107.39,18010.68,5070.03
2015-06-01,2111.73,18040.37,5082.93
2015-06-02,2109.6,18011.94,5076.52
2015-06-03,2114.07,18076.27,5099.23
2015-06-04,2095.84,17905.58,5059.13
2015-06-05,2092.83,17849.46,5068.46
2015-06-08,2079.28,17766.55,5021.63
2015-06-09,2080.15,17764.04,5013.87
2015-06-10,2105.2,18000.4,5076.69
2015-06-11,2108.86,18039.37,5082.51
2015-06-12,2094.11,17898.84,5051.1
2015-06-15,2084.43,17791.17,5029.97
2015-06-16,2096.29,17904.48,5055.55
2015-06-17,2100.44,17935.74,5064.88
2015-06-18,2121.24,18115.84,5132.95
2015-06-19,2109.99,18015.95,5117.0
2015-06-22,2122.85,18119.78,5153.97
2015-06-23,2124.2,18144.07,5160.1
2015-06-24,2108.58,17966.07,5122.41
2015-06-25,2102.31,17890.36,5112.19
2015-06-26,2101.49,17946.68,5080.51
2015-06-29,2057.64,17596.35,4958.47
2015-06-30,2063.11,17619.51,4986.87
2015-07-01,2077.42,17757.91,5013.12
2015-07-02,2076.78,17730.11,5009.21
2015-07-03,,,
2015-07-06,2068.76,17683.58,4991.94
2015-07-07,2081.34,17776.91,4997.46
2015-07-08,2046.68,17515.42,4909.76
2015-07-09,2051.31,17548.62,4922.4
2015-07-10,2076.62,17760.41,4997.7
2015-07-13,2099.6,17977.68,5071.51
2015-07-14,2108.95,18053.58,5104.89
2015-07-15,2107.4,18050.17,5098.94
2015-07-16,2124.29,18120.25,5163.18
2015-07-17,2126.64,18086.45,5210.14
2015-07-20,2128.28,18100.41,5218.86
2015-07-21,2119.21,17919.29,5208.12
2015-07-22,2114.15,17851.04,5171.77
2015-07-23,2102.15,17731.92,5146.41
2015-07-24,2079.65,17568.53,5088.63
2015-07-27,2067.64,17440.59,5039.78
2015-07-28,2093.25,17630.27,5089.21
2015-07-29,2108.57,17751.39,5111.73
2015-07-30,2108.63,17745.98,5128.79
2015-07-31,2103.84,17689.86,5128.28
2015-08-03,2098.04,17598.2,5115.38
2015-08-04,2093.32,17550.69,5105.55
2015-08-05,2099.84,17540.47,5139.95
2015-08-06,2083.56,17419.75,5056.44
2015-08-07,2077.57,17373.38,5043.54
2015-08-10,2104.18,17615.17,5101.8
2015-08-11,2084.07,17402.84,5036.79
2015-08-12,2086.05,17402.51,5044.39
2015-08-13,2083.39,17408.25,5033.56
2015-08-14,2091.54,17477.4,5048.23
2015-08-17,2102.44,17545.18,5091.7
2015-08-18,2096.92,17511.34,5059.35
2015-08-19,2079.61,17348.73,5019.05
2015-08-20,2035.73,16990.69,4877.49
2015-08-21,1970.89,16459.75,4706.04
2015-08-24,1893.21,15871.35,4526.25
2015-08-25,1867.61,15666.44,4506.49
2015-08-26,1940.51,16285.51,4697.54
2015-08-27,1987.66,16654.77,4812.71
2015-08-28,1988.87,16643.01,4828.33
2015-08-31,1972.18,16528.03,4776.51
2015-09-01,1913.85,16058.35,4636.1
2015-09-02,1948.86,16351.38,4749.98
2015-09-03,1951.13,16374.76,4733.5
2015-09-04,1921.22,16102.38,4683.92
2015-09-07,,,
2015-09-08,1969.41,16492.68,4811.93
2015-09-09,1942.04,16253.57,4756.53
2015-09-10,1952.29,16330.4,4796.25
2015-09-11,1961.05,16433.09,4822.34
2015-09-14,1953.03,16370.96,4805.76
2015-09-15,1978.09,16599.85,4860.52
2015-09-16,1995.31,16739.95,4889.24
2015-09-17,1990.2,16674.74,4893.95
2015-09-18,1958.03,16384.58,4827.23
2015-09-21,1966.97,16510.19,4828.96
2015-09-22,1942.74,16330.47,4756.72
2015-09-23,1938.76,16279.89,4752.74
2015-09-24,1932.24,16201.32,4734.48
2015-09-25,1931.34,16314.67,4686.5
2015-09-28,1881.77,16001.89,4543.97
2015-09-29,1884.09,16049.13,4517.32
2015-09-30,1920.03,16284.7,4620.17
2015-10-01,1923.82,16272.01,4627.08
2015-10-02,1951.36,16472.37,4707.77
2015-10-05,1987.05,16776.43,4781.26
2015-10-06,1979.92,16790.19,4748.36
2015-10-07,1995.83,16912.29,4791.15
2015-10-08,2013.43,17050.75,4810.79
2015-10-09,2014.89,17084.49,4830.47
2015-10-12,2017.46,17131.86,4838.64
2015-10-13,2003.69,17081.89,4796.61
2015-10-14,1994.24,16924.75,4782.85
2015-10-15,2023.86,17141.75,4870.1
2015-10-16,2033.11,17215.97,4886.69
2015-10-19,2033.66,17230.54,4905.47
2015-10-20,2030.77,17217.11,4880.97
2015-10-21,2018.94,17168.61,4840.12
2015-10-22,2052.51,17489.16,4920.05
2015-10-23,2075.15,17646.7,5031.86
2015-10-26,2071.18,17623.05,5034.7
2015-10-27,2065.89,17581.43,5030.15
2015-10-28,2090.35,17779.52,5095.69
2015-10-29,2089.41,17755.8,5074.27
2015-10-30,2079.36,17663.54,5053.75
2015-11-02,2104.05,17828.76,5127.15
2015-11-03,2109.79,17918.15,5145.13
2015-11-04,2102.31,17867.58,5142.48
2015-11-05,2099.93,17863.43,5127.74
2015-11-06,2099.2,17910.33,5147.12
2015-11-09,2078.58,17730.48,5095.3
2015-11-10,2081.72,17758.21,5083.24
2015-11-11,2075.0,17702.22,5067.02
2015-11-12,2045.97,17448.07,5005.08
2015-11-13,2023.04,17245.24,4927.88
2015-11-16,2053.19,17483.01,4984.62
2015-11-17,2050.44,17489.5,4986.02
2015-11-18,2083.58,17737.16,5075.2
2015-11-19,2081.24,17732.75,5073.64
2015-11-20,2089.17,17823.81,5104.92
2015-11-23,2086.59,17792.68,5102.48
2015-11-24,2089.14,17812.19,5102.81
2015-11-25,2088.87,17813.39,5116.14
2015-11-26,,,
2015-11-27,2090.11,17798.49,5127.52
2015-11-30,2080.41,17719.92,5108.67
2015-12-01,2102.63,17888.35,5156.31
2015-12-02,2079.51,17729.68,5123.22
2015-12-03,2049.62,17477.67,5037.53
2015-12-04,2091.69,17847.63,5142.27
2015-12-07,2077.07,17730.51,5101.81
2015-12-08,2063.59,17568.0,5098.24
2015-12-09,2047.62,17492.3,5022.87
2015-12-10,2052.23,17574.75,5045.17
2015-12-11,2012.37,17265.21,4933.47
2015-12-14,2021.94,17368.5,4952.23
2015-12-15,2043.41,17524.91,4995.36
2015-12-16,2073.07,17749.09,5071.13
2015-12-17,2041.89,17495.84,5002.55
2015-12-18,2005.55,17128.55,4923.08
2015-12-21,2021.15,17251.62,4968.92
2015-12-22,2038.97,17417.27,5001.11
2015-12-23,2064.29,17602.61,5045.93
2015-12-24,2060.99,17552.17,5048.49
2015-12-25,,,
2015-12-28,2056.5,17528.27,5040.98
2015-12-29,2078.36,17720.98,5107.94
2015-12-30,2063.36,17603.87,5065.85
2015-12-31,2043.94,17425.03,5007.41
2016-01-04,2012.66,17148.94,4903.09
2016-01-05,2016.71,17158.66,4891.43
2016-01-06,1990.26,16906.51,4835.77
2016-01-07,1943.09,16514.1,4689.43
2016-01-08,1922.03,16346.45,4643.63
2016-01-11,1923.67,16398.57,4637.99
2016-01-12,1938.68,16516.22,4685.92
2016-01-13,1890.28,16151.41,4526.06
2016-01-14,1921.84,16379.05,4615.0
2016-01-15,1880.33,15988.08,4488.42
2016-01-18,,,
2016-01-19,1881.33,16016.02,4476.95
2016-01-20,1859.33,15766.74,4471.69
2016-01-21,1868.99,15882.68,4472.06
2016-01-22,1906.9,16093.51,4591.18
2016-01-25,1877.08,15885.22,4518.49
2016-01-26,1903.63,16167.23,4567.67
2016-01-27,1882.95,15944.46,4468.17
2016-01-28,1893.36,16069.64,4506.68
2016-01-29,1940.24,16466.3,4613.95
2016-02-01,1939.38,16449.18,4620.37
2016-02-02,1903.03,16153.54,4516.95
2016-02-03,1912.53,16336.66,4504.24
2016-02-04,1915.45,16416.58,4509.56
2016-02-05,1880.05,16204.97,4363.14
2016-02-08,1853.44,16027.05,4283.75
2016-02-09,1852.21,16014.38,4268.76
2016-02-10,1851.86,15914.74,4283.59
2016-02-11,1829.08,15660.18,4266.84
2016-02-12,1864.78,15973.84,4337.51
2016-02-15,,,
2016-02-16,1895.58,16196.41,4435.96
2016-02-17,1926.82,16453.83,4534.06
2016-02-18,1917.83,16413.43,4487.54
2016-02-19,1917.78,16391.99,4504.43
2016-02-22,1945.5,16620.66,4570.61
2016-02-23,1921.27,16431.78,4503.58
2016-02-24,1929.8,16484.99,4542.61
2016-02-25,1951.7,16697.29,4582.21
2016-02-26,1948.05,16639.97,4590.47
2016-02-29,1932.23,16516.5,4557.95
2016-03-01,1978.35,16865.08,4689.6
2016-03-02,1986.45,16899.32,4703.42
2016-03-03,1993.4,16943.9,4707.42
2016-03-04,1999.99,17006.77,4717.02
2016-03-07,2001.76,17073.95,4708.25
2016-03-08,1979.26,16964.1,4648.83
2016-03-09,1989.26,17000.36,4674.38
2016-03-10,1989.57,16995.13,4662.16
2016-03-11,2022.19,17213.31,4748.47
2016-03-14,2019.64,17229.13,4750.28
2016-03-15,2015.93,17251.53,4728.67
2016-03-16,2027.22,17325.76,4763.97
2016-03-17,2040.59,17481.49,4774.98
2016-03-18,2049.58,17602.3,4795.65
2016-03-21,2051.6,17623.87,4808.87
2016-03-22,2049.8,17582.57,4821.66
2016-03-23,2036.71,17502.59,4768.86
2016-03-24,2035.94,17515.73,4773.51
2016-03-25,,,
2016-03-28,2037.05,17535.39,4766.79
2016-03-29,2055.01,17633.11,4846.62
2016-03-30,2063.95,17716.66,4869.29
2016-03-31,2059.74,17685.09,4869.85
2016-04-01,2072.78,17792.75,4914.54
2016-04-04,2066.13,17737.0,4891.8
2016-04-05,2045.17,17603.32,4843.93
2016-04-06,2066.66,17716.05,4920.72
2016-04-07,2041.91,17541.96,4848.37
2016-04-08,2047.6,17576.96,4850.69
2016-04-11,2041.99,17556.41,4833.4
2016-04-12,2061.72,17721.25,4872.09
2016-04-13,2082.42,17908.28,4947.42
2016-04-14,2082.78,17926.43,4945.89
2016-04-15,2080.73,17897.46,4938.22
2016-04-18,2094.34,18004.16,4960.02
2016-04-19,2100.8,18053.6,4940.33
2016-04-20,2102.4,18096.27,4948.15
2016-04-21,2091.48,17982.52,4945.93
2016-04-22,2091.58,18003.75,4906.23
2016-04-25,2087.79,17977.24,4895.79
2016-04-26,2091.7,17990.32,4888.28
2016-04-27,2095.15,18041.55,4863.14
2016-04-28,2075.81,17830.76,4805.29
2016-04-29,2065.3,17773.64,4775.36
2016-05-02,2081.43,17891.16,4817.59
2016-05-03,2063.37,17750.91,4763.22
2016-05-04,2051.12,17651.26,4725.64
2016-05-05,2050.63,17660.71,4717.09
2016-05-06,2057.14,17740.63,4736.16
2016-05-09,2058.69,17705.91,4750.21
2016-05-10,2084.39,17928.35,4809.88
2016-05-11,2064.46,17711.12,4760.69
2016-05-12,2064.11,17720.5,4737.33
2016-05-13,2046.61,17535.32,4717.68
2016-05-16,2066.66,17710.71,4775.46
2016-05-17,2047.21,17529.98,4715.73
2016-05-18,2047.63,17526.62,4739.12
2016-05-19,2040.04,17435.4,4712.53
2016-05-20,2052.32,17500.94,4769.56
2016-05-23,2048.04,17492.93,4765.78
2016-05-24,2076.06,17706.05,4861.06
2016-05-25,2090.54,17851.51,4894.89
2016-05-26,2090.1,17828.29,4901.77
2016-05-27,2099.06,17873.22,4933.51
2016-05-30,,,
2016-05-31,2096.96,17787.2,4948.06
2016-06-01,2099.33,17789.67,4952.25
2016-06-02,2105.26,17838.56,4971.36
2016-06-03,2099.13,17807.06,4942.52
2016-06-06,2109.41,17920.33,4968.71
2016-06-07,2112.13,17938.28,4961.75
2016-06-08,2119.12,18005.05,4974.64
2016-06-09,2115.48,17985.19,4958.62
2016-06-10,2096.07,17865.34,4894.55
2016-06-13,2079.06,17732.48,4848.44
2016-06-14,2075.32,17674.82,4843.55
2016-06-15,2071.5,17640.17,4834.93
2016-06-16,2077.99,17733.1,4844.92
2016-06-17,2071.22,17675.16,4800.34
2016-06-20,2083.25,17804.87,4837.21
2016-06-21,2088.9,17829.73,4843.76
2016-06-22,2085.45,17780.83,4833.32
2016-06-23,2113.32,18011.07,4910.04
2016-06-24,2037.41,17400.75,4707.98
2016-06-27,2000.54,17140.24,4594.44
2016-06-28,2036.09,17409.72,4691.87
2016-06-29,2070.77,17694.68,4779.25
2016-06-30,2098.86,17929.99,4842.67
2016-07-01,2102.95,17949.37,4862.57
2016-07-04,,,
2016-07-05,2088.55,17840.62,4822.9
2016-07-06,2099.73,17918.62,4859.16
2016-07-07,2097.9,17895.88,4876.81
2016-07-08,2129.9,18146.74,4956.76
2016-07-11,2137.16,18226.93,4988.64
2016-07-12,2152.14,18347.67,5022.82
2016-07-13,2152.43,18372.12,5005.73
2016-07-14,2163.75,18506.41,5034.06
2016-07-15,2161.74,18516.55,5029.59
2016-07-18,2166.89,18533.05,5055.78
2016-07-19,2163.78,18559.01,5036.37
2016-07-20,2173.02,18595.03,5089.93
2016-07-21,2165.17,18517.23,5073.9
2016-07-22,2175.03,18570.85,5100.16
2016-07-25,2168.48,18493.06,5097.63
2016-07-26,2169.18,18473.75,5110.05
2016-07-27,2166.58,18472.17,5139.81
2016-07-28,2170.06,18456.35,5154.98
2016-07-29,2173.6,18432.24,5162.13
2016-08-01,2170.84,18404.51,5184.2
2016-08-02,2157.03,18313.77,5137.73
2016-08-03,2163.79,18355.0,5159.74
2016-08-04,2164.25,18352.05,5166.25
2016-08-05,2182.87,18543.53,5221.12
2016-08-08,2180.89,18529.29,5213.14
2016-08-09,2181.74,18533.05,5225.48
2016-08-10,2175.49,18495.66,5204.58
2016-08-11,2185.79,18613.52,5228.4
2016-08-12,2184.05,18576.47,5232.9
2016-08-15,2190.15,18636.05,5262.02
2016-08-16,2178.15,18552.02,5227.11
2016-08-17,2182.22,18573.94,5228.66
2016-08-18,2187.02,18597.7,5240.15
2016-08-19,2183.87,18552.57,5238.38
2016-08-22,2182.64,18529.42,5244.6
2016-08-23,2186.9,18547.3,5260.08
2016-08-24,2175.44,18481.48,5217.7
2016-08-25,2172.47,18448.41,5212.2
2016-08-26,2169.04,18395.4,5218.92
2016-08-29,2180.38,18502.99,5232.33
2016-08-30,2176.12,18454.3,5222.99
2016-08-31,2170.95,18400.88,5213.22
2016-09-01,2170.86,18419.3,5227.21
2016-09-02,2179.98,18491.96,5249.9
2016-09-05,,,
2016-09-06,2186.48,18538.12,5275.91
2016-09-07,2186.16,18526.14,5283.93
2016-09-08,2181.3,18479.91,5259.48
2016-09-09,2127.81,18085.45,5125.91
2016-09-12,2159.04,18325.07,5211.89
2016-09-13,2127.02,18066.75,5155.26
2016-09-14,2125.77,18034.77,5173.77
2016-09-15,2147.26,18212.48,5249.69
2016-09-16,2139.16,18123.8,5244.57
2016-09-19,2139.12,18120.17,5235.03
2016-09-20,2139.76,18129.96,5241.35
2016-09-21,2163.12,18293.7,5295.18
2016-09-22,2177.18,18392.46,5339.52
2016-09-23,2164.69,18261.45,5305.75
2016-09-26,2146.1,18094.83,5257.49
2016-09-27,2159.93,18228.3,5305.71
2016-09-28,2171.37,18339.24,5318.55
2016-09-29,2151.13,18143.45,5269.15
2016-09-30,2168.27,18308.15,5312.0
2016-10-03,2161.2,18253.85,5300.87
2016-10-04,2150.49,18168.45,5289.66
2016-10-05,2159.73,18281.03,5316.02
2016-10-06,2160.77,18268.5,5306.85
2016-10-07,2153.74,18240.49,5292.41
2016-10-10,2163.66,18329.04,5328.67
2016-10-11,2136.73,18128.66,5246.79
2016-10-12,2139.18,18144.2,5239.02
2016-10-13,2132.55,18098.94,5213.33
2016-10-14,2132.98,18138.38,5214.16
2016-10-17,2126.5,18086.4,5199.82
2016-10-18,2139.6,18161.94,5243.84
2016-10-19,2144.29,18202.62,5246.41
2016-10-20,2141.34,18162.35,5241.83
2016-10-21,2141.16,18145.71,5257.4
2016-10-24,2151.33,18223.03,5309.83
2016-10-25,2143.16,18169.27,5283.4
2016-10-26,2139.43,18199.33,5250.27
2016-10-27,2133.04,18169.68,5215.98
2016-10-28,2126.41,18161.19,5190.1
2016-10-31,2126.15,18142.42,5189.14
2016-11-01,2111.72,18037.1,5153.58
2016-11-02,2097.94,17959.64,5105.56
2016-11-03,2088.66,17930.67,5058.41
2016-11-04,2085.18,17888.28,5046.37
2016-11-07,2131.52,18259.6,5166.17
2016-11-08,2139.56,18332.74,5193.49
2016-11-09,2163.26,18589.69,5251.07
2016-11-10,2167.48,18807.88,5208.8
2016-11-11,2164.45,18847.66,5237.11
2016-11-14,2164.2,18868.69,5218.4
2016-11-15,2180.39,18923.06,5275.62
2016-11-16,2176.94,18868.14,5294.58
2016-11-17,2187.12,18903.82,5333.97
2016-11-18,2181.9,18867.93,5321.51
2016-11-21,2198.18,18956.69,5368.86
2016-11-22,2202.94,19023.87,5386.35
2016-11-23,2204.72,19083.18,5380.68
2016-11-24,,,
2016-11-25,2213.35,19152.14,5398.92
2016-11-28,2201.72,19097.9,5368.81
2016-11-29,2204.66,19121.6,5379.92
2016-11-30,2198.81,19123.58,5323.68
2016-12-01,2191.08,19191.93,5251.11
2016-12-02,2191.95,19170.42,5255.65
2016-12-05,2204.71,19216.24,5308.89
2016-12-06,2212.23,19251.78,5333.0
2016-12-07,2241.35,19549.62,5393.76
2016-12-08,2246.19,19614.81,5417.36
2016-12-09,2259.53,19756.85,5444.5
2016-12-12,2256.96,19796.43,5412.54
2016-12-13,2271.72,19911.21,5463.83
2016-12-14,2253.28,19792.53,5436.67
2016-12-15,2262.03,19852.24,5456.85
2016-12-16,2258.07,19843.41,5437.16
2016-12-19,2262.53,19883.06,5457.44
2016-12-20,2270.76,19974.62,5483.94
2016-12-21,2265.18,19941.96,5471.43
2016-12-22,2260.96,19918.88,5447.42
2016-12-23,2263.79,19933.81,5462.69
2016-12-26,,,
2016-12-27,2268.88,19945.04,5487.44
2016-12-28,2249.92,19833.68,5438.56
2016-12-29,2249.26,19819.78,5432.09
2016-12-30,2238.83,19762.6,5383.12
2017-01-02,,,
2017-01-03,2257.83,19881.76,5429.08
2017-01-04,2270.75,19942.16,5477.01
2017-01-05,2269.0,19899.29,5487.94
2017-01-06,2276.98,19963.8,5521.06
2017-01-09,2268.9,19887.38,5531.82
2017-01-10,2268.9,19855.53,5551.82
2017-01-11,2275.32,19954.28,5563.65
2017-01-12,2270.44,19891.0,5547.49
2017-01-13,2274.64,19885.73,5574.12
2017-01-16,,,
2017-01-17,2267.89,19826.77,5538.73
2017-01-18,2271.89,19804.72,5555.65
2017-01-19,2263.69,19732.4,5540.08
2017-01-20,2271.31,19827.25,5555.33
2017-01-23,2265.2,19799.85,5552.94
2017-01-24,2280.07,19912.71,5600.96
2017-01-25,2298.37,20068.51,5656.34
2017-01-26,2296.68,20100.91,5655.18
2017-01-27,2294.69,20093.78,5660.78
2017-01-30,2280.9,19971.13,5613.71
2017-01-31,2278.87,19864.09,5614.79
2017-02-01,2279.55,19890.94,5642.65
2017-02-02,2280.85,19884.91,5636.2
2017-02-03,2297.42,20071.46,5666.77
2017-02-06,2292.56,20052.42,5663.55
2017-02-07,2293.08,20090.29,5674.22
2017-02-08,2294.67,20054.34,5682.45
2017-02-09,2307.87,20172.4,5715.18
2017-02-10,2316.1,20269.37,5734.13
2017-02-13,2328.25,20412.16,5763.96
2017-02-14,2337.58,20504.41,5782.57
2017-02-15,2349.25,20611.86,5819.44
2017-02-16,2347.22,20619.77,5814.9
2017-02-17,2351.16,20624.05,5838.58
2017-02-20,,,
2017-02-21,2365.38,20743.0,5865.95
2017-02-22,2362.82,20775.6,5860.63
2017-02-23,2363.81,20810.32,5835.51
2017-02-24,2367.34,20821.76,5845.31
2017-02-27,2369.75,20837.44,5861.9
2017-02-28,2363.64,20812.24,5825.44
2017-03-01,2395.96,21115.55,5904.03
2017-03-02,2381.92,21002.97,5861.22
2017-03-03,2383.12,21005.71,5870.75
2017-03-06,2375.31,20954.34,5849.18
2017-03-07,2368.39,20924.76,5833.93
2017-03-08,2362.98,20855.73,5837.55
2017-03-09,2364.87,20858.19,5838.81
2017-03-10,2372.6,20902.98,5861.73
2017-03-13,2373.47,20881.48,5875.78
2017-03-14,2365.45,20837.37,5856.82
2017-03-15,2385.26,20950.1,5900.05
2017-03-16,2381.38,20934.55,5900.76
2017-03-17,2378.25,20914.62,5901.0
2017-03-20,2373.47,20905.86,5901.53
2017-03-21,2344.02,20668.01,5793.83
2017-03-22,2348.45,20661.3,5821.64
2017-03-23,2345.96,20656.58,5817.69
2017-03-24,2343.98,20596.72,5828.74
2017-03-27,2341.59,20550.98,5840.37
2017-03-28,2358.57,20701.5,5875.14
2017-03-29,2361.13,20659.32,5897.55
2017-03-30,2368.06,20728.49,5914.34
2017-03-31,2362.72,20663.22,5911.74
2017-04-03,2358.84,20650.21,5894.68
2017-04-04,2360.16,20689.24,5898.61
2017-04-05,2352.95,20648.15,5864.48
2017-04-06,2357.49,20662.95,5878.95
2017-04-07,2355.54,20656.1,5877.81
2017-04-10,2357.16,20658.02,5880.93
2017-04-11,2353.78,20651.3,5866.77
2017-04-12,2344.93,20591.86,5836.16
2017-04-13,2328.95,20453.25,5805.15
2017-04-14,,,
2017-04-17,2349.01,20636.92,5856.79
2017-04-18,2342.19,20523.28,5849.47
2017-04-19,2338.17,20404.49,5863.03
2017-04-20,2355.84,20578.71,5916.78
2017-04-21,2348.69,20547.76,5910.52
2017-04-24,2374.15,20763.89,5983.82
2017-04-25,2388.61,20996.12,6025.49
2017-04-26,2387.45,20975.09,6025.23
2017-04-27,2388.77,20981.33,6048.94
2017-04-28,2384.2,20940.51,6047.61
2017-05-01,2388.33,20913.46,6091.6
2017-05-02,2391.17,20949.89,6095.37
2017-05-03,2388.13,20957.9,6072.55
2017-05-04,2389.52,20951.47,6075.34
2017-05-05,2399.29,21006.94,6100.76
2017-05-08,2399.38,21012.28,6102.66
2017-05-09,2396.92,20975.78,6120.59
2017-05-10,2399.63,20943.11,6129.14
2017-05-11,2394.44,20919.42,6115.96
2017-05-12,2390.9,20896.61,6121.23
2017-05-15,2402.32,20981.94,6149.67
2017-05-16,2400.67,20979.75,6169.87
2017-05-17,2357.03,20606.93,6011.24
2017-05-18,2365.72,20663.02,6055.13
2017-05-19,2381.73,20804.84,6083.7
2017-05-22,2394.02,20894.83,6133.62
2017-05-23,2398.42,20937.91,6138.71
2017-05-24,2404.39,21012.42,6163.02
2017-05-25,2415.07,21082.95,6205.26
2017-05-26,2415.82,21080.28,6210.19
2017-05-29,,,
2017-05-30,2412.91,21029.47,6203.19
2017-05-31,2411.8,21008.65,6198.52
2017-06-01,2430.06,21144.18,6246.83
2017-06-02,2439.07,21206.29,6305.8
2017-06-05,2436.1,21184.04,6295.68
2017-06-06,2429.33,21136.23,6275.06
2017-06-07,2433.14,21173.69,6297.38
2017-06-08,2433.79,21182.53,6321.76
2017-06-09,2431.77,21271.97,6207.92
2017-06-12,2429.39,21235.67,6175.47
2017-06-13,2440.35,21328.47,6220.37
2017-06-14,2437.92,21374.56,6194.89
2017-06-15,2432.46,21359.9,6165.5
2017-06-16,2433.15,21384.28,6151.76
2017-06-19,2453.46,21528.99,6239.01
2017-06-20,2437.03,21467.14,6188.03
2017-06-21,2435.61,21410.03,6233.95
2017-06-22,2434.5,21397.29,6236.69
2017-06-23,2438.3,21394.76,6265.25
2017-06-26,2439.07,21409.55,6247.15
2017-06-27,2419.38,21310.66,6146.62
2017-06-28,2440.69,21454.61,6234.42
2017-06-29,2419.7,21287.03,6144.35
2017-06-30,2423.41,21349.63,6140.42
2017-07-03,2429.01,21479.27,6110.06
2017-07-04,,,
2017-07-05,2432.54,21478.17,6150.86
2017-07-06,2409.75,21320.04,6089.46
2017-07-07,2425.18,21414.34,6153.08
2017-07-10,2427.43,21408.52,6176.39
2017-07-11,2425.53,21409.07,6193.31
2017-07-12,2443.25,21532.14,6261.17
2017-07-13,2447.83,21553.09,6274.44
2017-07-14,2459.27,21637.74,6312.47
2017-07-17,2459.14,21629.72,6314.43
2017-07-18,2460.61,21574.73,6344.31
2017-07-19,2473.83,21640.75,6385.04
2017-07-20,2473.45,21611.78,6390.0
2017-07-21,2472.54,21580.07,6387.75
2017-07-24,2469.91,21513.17,6410.81
2017-07-25,2477.13,21613.43,6412.17
2017-07-26,2477.83,21711.01,6422.75
2017-07-27,2475.42,21796.55,6382.19
2017-07-28,2472.1,21830.31,6374.68
2017-07-31,2470.3,21891.12,6348.12
2017-08-01,2476.35,21963.92,6362.94
2017-08-02,2477.57,22016.24,6362.65
2017-08-03,2472.16,22026.1,6340.34
2017-08-04,2476.83,22092.81,6351.56
2017-08-07,2480.91,22118.42,6383.77
2017-08-08,2474.92,22085.34,6370.46
2017-08-09,2474.02,22048.7,6352.33
2017-08-10,2438.21,21844.01,6216.87
2017-08-11,2441.32,21858.32,6256.56
2017-08-14,2465.84,21993.71,6340.23
2017-08-15,2464.61,21998.99,6333.01
2017-08-16,2468.11,22024.87,6345.11
2017-08-17,2430.01,21750.73,6221.92
2017-08-18,2425.55,21674.51,6216.53
2017-08-21,2428.37,21703.75,6213.13
2017-08-22,2452.51,21899.89,6297.48
2017-08-23,2444.04,21812.09,6278.41
2017-08-24,2438.97,21783.4,6271.33
2017-08-25,2443.05,21813.67,6265.64
2017-08-28,2444.24,21808.4,6283.02
2017-08-29,2446.3,21865.37,6301.89
2017-08-30,2457.59,21892.43,6368.31
2017-08-31,2471.65,21948.1,6428.66
2017-09-01,2476.55,21987.56,6435.33
2017-09-04,,,
2017-09-05,2457.85,21753.31,6375.57
2017-09-06,2465.54,21807.64,6393.31
2017-09-07,2465.1,21784.78,6397.87
2017-09-08,2461.43,21797.79,6360.19
2017-09-11,2488.11,22057.37,6432.26
2017-09-12,2496.48,22118.86,6454.28
2017-09-13,2498.37,22158.18,6460.19
2017-09-14,2495.62,22203.48,6429.08
2017-09-15,2500.23,22268.34,6448.47
2017-09-18,2503.87,22331.35,6454.64
2017-09-19,2506.65,22370.8,6461.32
2017-09-20,2508.24,22412.59,6456.04
2017-09-21,2500.6,22359.23,6422.69
2017-09-22,2502.22,22349.59,6426.92
2017-09-25,2496.66,22296.09,6370.59
2017-09-26,2496.84,22284.32,6380.16
2017-09-27,2507.04,22340.71,6453.26
2017-09-28,2510.06,22381.2,6453.45
2017-09-29,2519.36,22405.09,6495.96
2017-10-02,2529.12,22557.6,6516.72
2017-10-03,2534.58,22641.67,6531.71
2017-10-04,2537.74,22661.64,6534.63
2017-10-05,2552.07,22775.39,6585.36
2017-10-06,2549.33,22773.67,6590.18
2017-10-09,2544.73,22761.07,6579.73
2017-10-10,2550.64,22830.68,6587.25
2017-10-11,2555.24,22872.89,6603.55
2017-10-12,2550.93,22841.01,6591.51
2017-10-13,2553.17,22871.72,6605.8
2017-10-16,2557.64,22956.96,6624.01
2017-10-17,2559.36,22997.44,6623.66
2017-10-18,2561.26,23157.6,6624.22
2017-10-19,2562.1,23163.04,6605.07
2017-10-20,2575.21,23328.63,6629.05
2017-10-23,2564.98,23273.96,6586.83
2017-10-24,2569.13,23441.76,6598.43
2017-10-25,2557.15,23329.46,6563.89
2017-10-26,2560.4,23400.86,6556.77
2017-10-27,2581.07,23434.19,6701.26
2017-10-30,2572.83,23348.74,6698.96
2017-10-31,2575.26,23377.24,6727.67
2017-11-01,2579.36,23435.01,6716.53
2017-11-02,2579.85,23516.26,6714.94
2017-11-03,2587.84,23539.19,6764.44
2017-11-06,2591.13,23548.42,6786.44
2017-11-07,2590.64,23557.23,6767.78
2017-11-08,2594.38,23563.36,6789.12
2017-11-09,2584.62,23461.94,6750.05
2017-11-10,2582.3,23422.21,6750.94
2017-11-13,2584.84,23439.7,6757.6
2017-11-14,2578.87,23409.47,6737.87
2017-11-15,2564.62,23271.28,6706.21
2017-11-16,2585.64,23458.36,6793.29
2017-11-17,2578.85,23358.24,6782.79
2017-11-20,2582.14,23430.33,6790.71
2017-11-21,2599.03,23590.83,6862.48
2017-11-22,2597.08,23526.18,6867.36
2017-11-23,,,
2017-11-24,2602.42,23557.99,6889.16
2017-11-27,2601.42,23580.78,6878.52
2017-11-28,2627.04,23836.71,6912.36
2017-11-29,2626.07,23940.68,6824.34
2017-11-30,2647.58,24272.35,6873.97
2017-12-01,2642.22,24231.59,6847.59
2017-12-04,2639.44,24290.05,6775.37
2017-12-05,2629.57,24180.64,6762.21
2017-12-06,2629.27,24140.91,6776.38
2017-12-07,2636.98,24211.48,6812.84
2017-12-08,2651.5,24329.16,6840.08
2017-12-11,2659.99,24386.03,6875.08
2017-12-12,2664.11,24504.8,6862.32
2017-12-13,2662.85,24585.43,6875.8
2017-12-14,2652.01,24508.66,6856.53
2017-12-15,2675.81,24651.74,6936.58
2017-12-18,2690.16,24792.2,6994.76
2017-12-19,2681.47,24754.75,6963.85
2017-12-20,2679.25,24726.65,6960.96
2017-12-21,2684.57,24782.29,6965.36
2017-12-22,2683.34,24754.06,6959.96
2017-12-25,,,
2017-12-26,2680.5,24746.21,6936.25
2017-12-27,2682.62,24774.3,6939.34
2017-12-28,2687.54,24837.51,6950.16
2017-12-29,2673.61,24719.22,6903.39
2018-01-02,2695.81,24824.01,7006.9
2018-01-03,2713.06,24922.68,7065.53
2018-01-04,2723.99,25075.13,7077.92
2018-01-05,2743.15,25295.87,7136.56
2018-01-08,2747.71,25283.0,7157.39
2018-01-09,2751.29,25385.8,7163.58
2018-01-10,2748.23,25369.13,7153.57
2018-01-11,2767.56,25574.73,7211.78
2018-01-12,2786.24,25803.19,7261.06
2018-01-15,,,
2018-01-16,2776.42,25792.86,7223.69
2018-01-17,2802.56,26115.65,7298.28
2018-01-18,2798.03,26017.81,7296.05
2018-01-19,2810.3,26071.72,7336.38
2018-01-22,2832.97,26214.6,7408.03
2018-01-23,2839.13,26210.81,7460.29
2018-01-24,2837.54,26252.12,7415.06
2018-01-25,2839.25,26392.79,7411.16
2018-01-26,2872.87,26616.71,7505.77
2018-01-29,2853.53,26439.48,7466.51
2018-01-30,2822.43,26076.89,7402.48
2018-01-31,2823.81,26149.39,7411.48
2018-02-01,2821.98,26186.71,7385.86
2018-02-02,2762.13,25520.96,7240.95
2018-02-05,2648.94,24345.75,6967.53
2018-02-06,2695.14,24912.77,7115.88
2018-02-07,2681.66,24893.35,7051.98
2018-02-08,2581.0,23860.46,6777.16
2018-02-09,2619.55,24190.9,6874.49
2018-02-12,2656.0,24601.27,6981.96
2018-02-13,2662.94,24640.45,7013.51
2018-02-14,2698.63,24893.49,7143.62
2018-02-15,2731.2,25200.37,7256.43
2018-02-16,2732.22,25219.38,7239.47
2018-02-19,,,
2018-02-20,2716.26,24964.75,7234.31
2018-02-21,2701.33,24797.78,7218.23
2018-02-22,2703.96,24962.48,7210.09
2018-02-23,2747.3,25309.99,7337.39
2018-02-26,2779.6,25709.27,7421.46
2018-02-27,2744.28,25410.03,7330.35
2018-02-28,2713.83,25029.2,7273.01
2018-03-01,2677.67,24608.98,7180.56
2018-03-02,2691.25,24538.06,7257.87
2018-03-05,2720.94,24874.76,7330.71
2018-03-06,2728.12,24884.12,7372.01
2018-03-07,2726.8,24801.36,7396.65
2018-03-08,2738.97,24895.21,7427.95
2018-03-09,2786.57,25335.74,7560.81
2018-03-12,2783.02,25178.61,7588.33
2018-03-13,2765.31,25007.03,7511.01
2018-03-14,2749.48,24758.12,7496.81
2018-03-15,2747.33,24873.66,7481.74
2018-03-16,2752.01,24946.51,7481.99
2018-03-19,2712.92,24610.91,7344.24
2018-03-20,2716.94,24727.27,7364.3
2018-03-21,2711.93,24682.31,7345.29
2018-03-22,2643.69,23957.89,7166.68
2018-03-23,2588.26,23533.2,6992.67
2018-03-26,2658.55,24202.6,7220.54
2018-03-27,2612.62,23857.71,7008.81
2018-03-28,2605.0,23848.42,6949.23
2018-03-29,2640.87,24103.11,7063.45
2018-03-30,,,
2018-04-02,2581.88,23644.19,6870.12
2018-04-03,2614.45,24033.36,6941.28
2018-04-04,2644.69,24264.3,7042.11
2018-04-05,2662.84,24505.22,7076.55
2018-04-06,2604.47,23932.76,6915.11
2018-04-09,2613.16,23979.1,6950.34
2018-04-10,2656.87,24408.0,7094.3
2018-04-11,2642.19,24189.45,7069.03
2018-04-12,2663.99,24483.05,7140.25
2018-04-13,2656.3,24360.14,7106.65
2018-04-16,2677.84,24573.04,7156.29
2018-04-17,2706.39,24786.63,7281.1
2018-04-18,2708.64,24748.07,7295.24
2018-04-19,2693.13,24664.89,7238.06
2018-04-20,2670.14,24462.94,7146.13
2018-04-23,2670.29,24448.69,7128.6
2018-04-24,2634.56,24024.13,7007.35
2018-04-25,2639.4,24083.83,7003.74
2018-04-26,2666.94,24322.34,7118.68
2018-04-27,2669.91,24311.19,7119.8
2018-04-30,2648.05,24163.15,7066.27
2018-05-01,2654.8,24099.05,7130.7
2018-05-02,2635.67,23924.98,7100.9
2018-05-03,2629.73,23930.15,7088.15
2018-05-04,2663.42,24262.51,7209.62
2018-05-07,2672.63,24357.32,7265.21
2018-05-08,2671.92,24360.21,7266.9
2018-05-09,2697.79,24542.54,7339.91
2018-05-10,2723.07,24739.53,7404.98
2018-05-11,2727.72,24831.17,7402.88
2018-05-14,2730.13,24899.41,7411.32
2018-05-15,2711.45,24706.41,7351.63
2018-05-16,2722.46,24768.93,7398.3
2018-05-17,2720.13,24713.98,7382.47
2018-05-18,2712.97,24715.09,7354.34
2018-05-21,2733.01,25013.29,7394.04
2018-05-22,2724.44,24834.41,7378.46
2018-05-23,2733.29,24886.81,7425.96
2018-05-24,2727.76,24811.76,7424.43
2018-05-25,2721.33,24753.09,7433.85
2018-05-28,,,
2018-05-29,2689.86,24361.45,7396.59
2018-05-30,2724.01,24667.78,7462.45
2018-05-31,2705.27,24415.84,7442.12
2018-06-01,2734.62,24635.21,7554.33
2018-06-04,2746.87,24813.69,7606.46
2018-06-05,2748.8,24799.98,7637.86
2018-06-06,2772.35,25146.39,7689.24
2018-06-07,2770.37,25241.41,7635.07
2018-06-08,2779.03,25316.53,7645.51
2018-06-11,2782.0,25322.31,7659.93
2018-06-12,2786.85,25320.73,7703.79
2018-06-13,2775.63,25201.2,7695.7
2018-06-14,2782.49,25175.31,7761.04
2018-06-15,2779.66,25090.48,7746.38
2018-06-18,2773.75,24987.47,7747.03
2018-06-19,2762.59,24700.21,7725.59
2018-06-20,2767.32,24657.8,7781.52
2018-06-21,2749.76,24461.7,7712.95
2018-06-22,2754.88,24580.89,7692.82
2018-06-25,2717.07,24252.8,7532.01
2018-06-26,2723.06,24283.11,7561.63
2018-06-27,2699.63,24117.59,7445.09
2018-06-28,2716.31,24216.05,7503.68
2018-06-29,2718.37,24271.41,7510.3
2018-07-02,2726.71,24307.18,7567.69
2018-07-03,2713.22,24174.82,7502.67
2018-07-04,,,
2018-07-05,2736.61,24356.74,7586.43
2018-07-06,2759.82,24456.48,7688.39
2018-07-09,2784.17,24776.59,7756.2
2018-07-10,2793.84,24919.66,7759.2
2018-07-11,2774.02,24700.45,7716.61
2018-07-12,2798.29,24924.89,7823.92
2018-07-13,2801.31,25019.41,7825.98
2018-07-16,2798.43,25064.36,7805.72
2018-07-17,2809.55,25119.89,7855.12
2018-07-18,2815.62,25199.29,7854.44
2018-07-19,2804.49,25064.5,7825.3
2018-07-20,2801.83,25058.12,7820.2
2018-07-23,2806.98,25044.29,7841.87
2018-07-24,2820.4,25241.94,7840.77
2018-07-25,2846.07,25414.1,7932.24
2018-07-26,2837.44,25527.07,7852.19
2018-07-27,2818.82,25451.06,7737.42
2018-07-30,2802.6,25306.83,7630.0
2018-07-31,2816.29,25415.19,7671.79
2018-08-01,2813.36,25333.82,7707.29
2018-08-02,2827.22,25326.16,7802.69
2018-08-03,2840.35,25462.58,7812.02
2018-08-06,2850.4,25502.18,7859.68
2018-08-07,2858.45,25628.91,7883.66
2018-08-08,2857.7,25583.75,7888.33
2018-08-09,2853.58,25509.23,7891.78
2018-08-10,2833.28,25313.14,7839.11
2018-08-13,2821.93,25187.7,7819.71
2018-08-14,2839.96,25299.92,7870.9
2018-08-15,2818.37,25162.41,7774.12
2018-08-16,2840.69,25558.73,7806.52
2018-08-17,2850.13,25669.32,7816.33
2018-08-20,2857.05,25758.69,7821.01
2018-08-21,2862.96,25822.29,7859.17
2018-08-22,2861.82,25733.6,7889.1
2018-08-23,2856.98,25656.98,7878.46
2018-08-24,2874.69,25790.35,7945.98
2018-08-27,2896.74,26049.64,8017.9
2018-08-28,2897.52,26064.02,8030.04
2018-08-29,2914.04,26124.57,8109.69
2018-08-30,2901.13,25986.92,8088.36
2018-08-31,2901.52,25964.82,8109.54
2018-09-03,,,
2018-09-04,2896.72,25952.48,8091.25
2018-09-05,2888.6,25974.99,7995.17
2018-09-06,2878.05,25995.87,7922.73
2018-09-07,2871.68,25916.54,7902.54
2018-09-10,2877.13,25857.07,7924.16
2018-09-11,2887.89,25971.06,7972.47
2018-09-12,2888.92,25998.92,7954.23
2018-09-13,2904.18,26145.99,8013.71
2018-09-14,2904.98,26154.67,8010.04
2018-09-17,2888.8,26062.12,7895.79
2018-09-18,2904.31,26246.96,7956.11
2018-09-19,2907.95,26405.76,7950.04
2018-09-20,2930.75,26656.98,8028.23
2018-09-21,2929.67,26743.5,7986.96
2018-09-24,2919.37,26562.05,7993.25
2018-09-25,2915.56,26492.21,8007.47
2018-09-26,2905.97,26385.28,7990.37
2018-09-27,2914.0,26439.93,8041.97
2018-09-28,2913.98,26458.31,8046.35
2018-10-01,2924.59,26651.21,8037.3
2018-10-02,2923.43,26773.94,7999.55
2018-10-03,2925.51,26828.39,8025.09
2018-10-04,2901.61,26627.48,7879.51
2018-10-05,2885.57,26447.05,7788.45
2018-10-08,2884.43,26486.78,7735.95
2018-10-09,2880.34,26430.57,7738.02
2018-10-10,2785.68,25598.74,7422.05
2018-10-11,2728.37,25052.83,7329.06
2018-10-12,2767.13,25339.99,7496.89
2018-10-15,2750.79,25250.55,7430.74
2018-10-16,2809.92,25798.42,7645.49
2018-10-17,2809.21,25706.68,7642.7
2018-10-18,2768.78,25379.45,7485.14
2018-10-19,2767.78,25444.34,7449.03
2018-10-22,2755.88,25317.41,7468.63
2018-10-23,2740.69,25191.43,7437.54
2018-10-24,2656.1,24583.42,7108.4
2018-10-25,2705.57,24984.55,7318.34
2018-10-26,2658.69,24688.31,7167.21
2018-10-29,2641.25,24442.92,7050.29
2018-10-30,2682.63,24874.64,7161.65
2018-10-31,2711.74,25115.76,7305.9
2018-11-01,2740.37,25380.74,7434.06
2018-11-02,2723.06,25270.83,7356.99
2018-11-05,2738.31,25461.7,7328.85
2018-11-06,2755.45,25635.01,7375.96
2018-11-07,2813.89,26180.3,7570.75
2018-11-08,2806.83,26191.22,7530.89
2018-11-09,2781.01,25989.3,7406.9
2018-11-12,2726.22,25387.18,7200.87
2018-11-13,2722.18,25286.49,7200.88
2018-11-14,2701.58,25080.5,7136.39
2018-11-15,2730.2,25289.27,7259.03
2018-11-16,2736.27,25413.22,7247.87
2018-11-19,2690.73,25017.44,7028.48
2018-11-20,2641.89,24465.64,6908.82
2018-11-21,2649.93,24464.69,6972.25
2018-11-22,,,
2018-11-23,2632.56,24285.95,6938.98
2018-11-26,2673.45,24640.24,7081.85
2018-11-27,2682.17,24748.73,7082.7
2018-11-28,2743.79,25366.43,7291.59
2018-11-29,2737.76,25338.84,7273.08
2018-11-30,2760.17,25538.46,7330.54
2018-12-03,2790.37,25826.43,7441.51
2018-12-04,2700.06,25027.07,7158.43
2018-12-05,,,
2018-12-06,2695.95,24947.67,7188.26
2018-12-07,2633.08,24388.95,6969.25
2018-12-10,2637.72,24423.26,7020.52
2018-12-11,2636.78,24370.24,7031.83
2018-12-12,2651.07,24527.27,7098.31
2018-12-13,2650.54,24597.38,7070.33
2018-12-14,2599.95,24100.51,6910.67
2018-12-17,2545.94,23592.98,6753.73
2018-12-18,2546.16,23675.64,6783.91
2018-12-19,2506.96,23323.66,6636.83
2018-12-20,2467.42,22859.6,6528.41
2018-12-21,2416.62,22445.37,6333.0
2018-12-24,2351.1,21792.2,6192.92
2018-12-25,,,
2018-12-26,2467.7,22878.45,6554.36
2018-12-27,2488.83,23138.82,6579.49
2018-12-28,2485.74,23062.4,6584.52
2018-12-31,2506.85,23327.46,6635.28
2019-01-02,2510.03,23346.24,6665.94
2019-01-03,2447.89,22686.22,6463.5
2019-01-04,2531.94,23433.16,6738.86
2019-01-07,2549.69,23531.35,6823.47
2019-01-08,2574.41,23787.45,6897.0
2019-01-09,2584.96,23879.12,6957.08
2019-01-10,2596.64,24001.92,6986.07
2019-01-11,2596.26,23995.95,6971.48
2019-01-14,2582.61,23909.84,6905.92
2019-01-15,2610.3,24065.59,7023.83
2019-01-16,2616.1,24207.16,7034.69
2019-01-17,2635.96,24370.1,7084.46
2019-01-18,2670.71,24706.35,7157.23
2019-01-21,,,
2019-01-22,2632.9,24404.48,7020.36
2019-01-23,2638.7,24575.62,7025.77
2019-01-24,2642.33,24553.24,7073.46
2019-01-25,2664.76,24737.2,7164.86
2019-01-28,2643.85,24528.22,7085.69
2019-01-29,2640.0,24579.96,7028.29
2019-01-30,2681.05,25014.86,7183.08
2019-01-31,2704.1,24999.67,7281.74
2019-02-01,2706.53,25063.89,7263.87
2019-02-04,2724.87,25239.37,7347.54
2019-02-05,2737.7,25411.52,7402.08
2019-02-06,2731.61,25390.3,7375.28
2019-02-07,2706.05,25169.53,7288.35
2019-02-08,2707.88,25106.33,7298.2
2019-02-11,2709.8,25053.11,7307.91
2019-02-12,2744.73,25425.76,7414.62
2019-02-13,2753.03,25543.27,7420.38
2019-02-14,2745.73,25439.39,7426.96
2019-02-15,2775.6,25883.25,7472.41
2019-02-18,,,
2019-02-19,2779.76,25891.32,7486.77
2019-02-20,2784.7,25954.44,7489.07
2019-02-21,2774.88,25850.63,7459.71
2019-02-22,2792.67,26031.81,7527.55
2019-02-25,2796.11,26091.95,7554.46
2019-02-26,2793.9,26057.98,7549.3
2019-02-27,2792.38,25985.16,7554.51
2019-02-28,2784.49,25916.0,7532.53
2019-03-01,2803.69,26026.32,7595.35
2019-03-04,2792.81,25819.65,7577.57
2019-03-05,2789.65,25806.63,7576.36
2019-03-06,2771.45,25673.46,7505.92
2019-03-07,2748.93,25473.23,7421.46
2019-03-08,2743.07,25450.24,7408.14
2019-03-11,2783.3,25650.88,7558.06
2019-03-12,2791.52,25554.66,7591.03
2019-03-13,2810.92,25702.89,7643.41
2019-03-14,2808.48,25709.94,7630.91
2019-03-15,2822.48,25848.87,7688.53
2019-03-18,2832.94,25914.1,7714.48
2019-03-19,2832.57,25887.38,7723.95
2019-03-20,2824.23,25745.67,7728.97
2019-03-21,2854.88,25962.51,7838.96
2019-03-22,2800.71,25502.32,7642.67
2019-03-25,2798.36,25516.83,7637.54
2019-03-26,2818.46,25657.73,7691.52
2019-03-27,2805.37,25625.59,7643.38
2019-03-28,2815.44,25717.46,7669.17
2019-03-29,2834.4,25928.68,7729.32
2019-04-01,2867.19,26258.42,7828.91
2019-04-02,2867.24,26179.13,7848.69
2019-04-03,2873.4,26218.13,7895.55
2019-04-04,2879.39,26384.63,7891.78
2019-04-05,2892.74,26424.99,7938.69
2019-04-08,2895.77,26341.02,7953.88
2019-04-09,2878.2,26150.58,7909.28
2019-04-10,2888.21,26157.16,7964.24
2019-04-11,2888.32,26143.05,7947.36
2019-04-12,2907.41,26412.3,7984.16
2019-04-15,2905.58,26384.77,7976.01
2019-04-16,2907.06,26452.66,8000.23
2019-04-17,2900.45,26449.54,7996.08
2019-04-18,2905.03,26559.54,7998.06
2019-04-19,,,
2019-04-22,2907.97,26511.05,8015.27
2019-04-23,2933.68,26656.39,8120.82
2019-04-24,2927.25,26597.05,8102.02
2019-04-25,2926.17,26462.08,8106.29
2019-04-26,2939.88,26543.33,8133.96
2019-04-29,2943.03,26554.39,8149.39
2019-04-30,2945.83,26592.91,8095.39
2019-05-01,2923.73,26430.14,8049.64
2019-05-02,2917.52,26307.79,8036.77
2019-05-03,2945.64,26504.95,8164.0
2019-05-06,2932.47,26438.48,8123.29
2019-05-07,2884.05,25965.09,7963.76
2019-05-08,2879.42,25967.33,7943.32
2019-05-09,2870.72,25828.36,7910.59
2019-05-10,2881.4,25942.37,7916.94
2019-05-13,2811.87,25324.99,7647.02
2019-05-14,2834.41,25532.05,7734.49
2019-05-15,2850.96,25648.02,7822.15
2019-05-16,2876.32,25862.68,7898.05
2019-05-17,2859.53,25764.0,7816.29
2019-05-20,2840.23,25679.9,7702.38
2019-05-21,2864.36,25877.33,7785.72
2019-05-22,2856.27,25776.61,7750.84
2019-05-23,2822.24,25490.47,7628.28
2019-05-24,2826.06,25585.69,7637.01
2019-05-27,,,
2019-05-28,2802.39,25347.77,7607.35
2019-05-29,2783.02,25126.41,7547.31
2019-05-30,2788.86,25169.88,7567.72
2019-05-31,2752.06,24815.04,7453.15
2019-06-03,2744.45,24819.78,7333.02
2019-06-04,2803.27,25332.18,7527.12
2019-06-05,2826.15,25539.57,7575.48
2019-06-06,2843.49,25720.66,7615.55
2019-06-07,2873.34,25983.94,7742.1
2019-06-10,2886.73,26062.68,7823.17
2019-06-11,2885.72,26048.51,7822.57
2019-06-12,2879.84,26004.83,7792.72
2019-06-13,2891.64,26106.77,7837.13
2019-06-14,2886.98,26089.61,7796.66
2019-06-17,2889.67,26112.53,7845.02
2019-06-18,2917.75,26465.54,7953.88
2019-06-19,2926.46,26504.0,7987.32
2019-06-20,2954.18,26753.17,8051.34
2019-06-21,2950.46,26719.13,8031.71
2019-06-24,2945.35,26727.54,8005.7
2019-06-25,2917.38,26548.22,7884.72
2019-06-26,2913.78,26536.82,7909.97
2019-06-27,2924.92,26526.58,7967.76
2019-06-28,2941.76,26599.96,8006.24
2019-07-01,2964.33,26717.43,8091.16
2019-07-02,2973.01,26786.68,8109.09
2019-07-03,2995.82,26966.0,8170.23
2019-07-04,,,
2019-07-05,2990.41,26922.12,8161.79
2019-07-08,2975.95,26806.14,8098.38
2019-07-09,2979.63,26783.49,8141.73
2019-07-10,2993.07,26860.2,8202.53
2019-07-11,2999.91,27088.08,8196.04
2019-07-12,3013.77,27332.03,8244.15
2019-07-15,3014.3,27359.16,8258.19
2019-07-16,3004.04,27335.63,8222.8
2019-07-17,2984.42,27219.85,8185.21
2019-07-18,2995.11,27222.97,8207.24
2019-07-19,2976.61,27154.2,8146.49
2019-07-22,2985.03,27171.9,8204.14
2019-07-23,3005.47,27349.19,8251.4
2019-07-24,3019.56,27269.97,8321.5
2019-07-25,3003.67,27140.98,8238.54
2019-07-26,3025.86,27192.45,8330.21
2019-07-29,3020.97,27221.35,8293.33
2019-07-30,3013.18,27198.02,8273.61
2019-07-31,2980.38,26864.27,8175.42
2019-08-01,2953.56,26583.42,8111.12
2019-08-02,2932.05,26485.01,8004.07
2019-08-05,2844.74,25717.74,7726.04
2019-08-06,2881.77,26029.52,7833.27
2019-08-07,2883.98,26007.07,7862.83
2019-08-08,2938.09,26378.19,8039.16
2019-08-09,2918.65,26287.44,7959.14
2019-08-12,2883.75,25907.37,7863.41
2019-08-13,2926.32,26279.91,8016.36
2019-08-14,2840.6,25479.42,7773.94
2019-08-15,2847.6,25579.39,7766.62
2019-08-16,2888.68,25886.01,7895.99
2019-08-19,2923.65,26135.79,8002.81
2019-08-20,2900.51,25962.44,7948.56
2019-08-21,2924.43,26202.73,8020.21
2019-08-22,2922.95,26252.24,7991.39
2019-08-23,2847.11,25628.9,7751.77
2019-08-26,2878.38,25898.83,7853.74
2019-08-27,2869.16,25777.9,7826.95
2019-08-28,2887.94,26036.1,7856.88
2019-08-29,2924.58,26362.25,7973.39
2019-08-30,2926.46,26403.28,7962.88
2019-09-02,,,
2019-09-03,2906.27,26118.02,7874.16
2019-09-04,2937.78,26355.47,7976.88
2019-09-05,2976.0,26728.15,8116.83
2019-09-06,2978.71,26797.46,8103.07
2019-09-09,2978.43,26835.51,8087.44
2019-09-10,2979.39,26909.43,8084.16
2019-09-11,3000.93,27137.04,8169.68
2019-09-12,3009.57,27182.45,8194.47
2019-09-13,3007.39,27219.52,8176.71
2019-09-16,2997.96,27076.82,8153.54
2019-09-17,3005.7,27110.8,8186.02
2019-09-18,3006.73,27147.08,8177.39
2019-09-19,3006.79,27094.79,8182.88
2019-09-20,2992.07,26935.07,8117.67
2019-09-23,2991.78,26949.99,8112.46
2019-09-24,2966.6,26807.77,7993.63
2019-09-25,2984.87,26970.71,8077.38
2019-09-26,2977.62,26891.12,8030.66
2019-09-27,2961.79,26820.25,7939.63
2019-09-30,2976.74,26916.83,7999.34
2019-10-01,2940.25,26573.04,7908.69
2019-10-02,2887.61,26078.62,7785.25
2019-10-03,2910.63,26201.04,7872.27
2019-10-04,2952.01,26573.72,7982.47
2019-10-07,2938.79,26478.02,7956.29
2019-10-08,2893.06,26164.04,7823.78
2019-10-09,2919.4,26346.01,7903.74
2019-10-10,2938.13,26496.67,7950.78
2019-10-11,2970.27,26816.59,8057.04
2019-10-14,2966.15,26787.36,8048.65
2019-10-15,2995.68,27024.8,8148.71
2019-10-16,2989.69,27001.98,8124.18
2019-10-17,2997.95,27025.88,8156.85
2019-10-18,2986.2,26770.2,8089.54
2019-10-21,3006.72,26827.64,8162.99
2019-10-22,2995.99,26788.1,8104.3
2019-10-23,3004.52,26833.95,8119.79
2019-10-24,3010.29,26805.53,8185.8
2019-10-25,3022.55,26958.06,8243.12
2019-10-28,3039.42,27090.72,8325.99
2019-10-29,3036.89,27071.42,8276.85
2019-10-30,3046.77,27186.69,8303.98
2019-10-31,3037.56,27046.23,8292.36
2019-11-01,3066.91,27347.36,8386.4
2019-11-04,3078.27,27462.11,8433.2
2019-11-05,3074.62,27492.63,8434.68
2019-11-06,3076.78,27492.56,8410.63
2019-11-07,3085.18,27674.8,8434.52
2019-11-08,3093.08,27681.24,8475.31
2019-11-11,3087.01,27691.49,8464.28
2019-11-12,3091.84,27691.49,8486.09
2019-11-13,3094.04,27783.59,8482.1
2019-11-14,3096.63,27781.96,8479.02
2019-11-15,3120.46,28004.89,8540.83
2019-11-18,3122.03,28036.22,8549.94
2019-11-19,3120.18,27934.02,8570.66
2019-11-20,3108.46,27821.09,8526.73
2019-11-21,3103.54,27766.29,8506.21
2019-11-22,3110.29,27875.62,8519.89
2019-11-25,3133.64,28066.47,8632.49
2019-11-26,3140.52,28121.68,8647.93
2019-11-27,3153.63,28164.0,8705.17
2019-11-28,,,
2019-11-29,3140.98,28051.41,8665.47
2019-12-02,3113.87,27783.04,8567.99
2019-12-03,3093.2,27502.81,8520.64
2019-12-04,3112.76,27649.78,8566.67
2019-12-05,3117.43,27677.79,8570.7
2019-12-06,3145.91,28015.06,8656.53
2019-12-09,3135.96,27909.6,8621.83
2019-12-10,3132.52,27881.72,8616.18
2019-12-11,3141.63,27911.3,8654.05
2019-12-12,3168.57,28132.05,8717.32
2019-12-13,3168.8,28135.38,8734.88
2019-12-16,3191.45,28235.89,8814.23
2019-12-17,3192.52,28267.16,8823.36
2019-12-18,3191.14,28239.28,8827.73
2019-12-19,3205.37,28376.96,8887.22
2019-12-20,3221.22,28455.09,8924.96
2019-12-23,3224.01,28551.53,8945.65
2019-12-24,3223.38,28515.45,8952.88
2019-12-25,,,
2019-12-26,3239.91,28621.39,9022.39
2019-12-27,3240.02,28645.26,9006.62
2019-12-30,3221.29,28462.14,8945.99
2019-12-31,3230.78,28538.44,8972.6
2020-01-02,3257.85,28868.8,9092.19
2020-01-03,3234.85,28634.88,9020.77
2020-01-06,3246.28,28703.38,9071.47
2020-01-07,3237.18,28583.68,9068.58
2020-01-08,3253.05,28745.09,9129.24
2020-01-09,3274.7,28956.9,9203.43
2020-01-10,3265.35,28823.77,9178.86
2020-01-13,3288.13,28907.05,9273.93
2020-01-14,3283.15,28939.67,9251.33
2020-01-15,3289.29,29030.22,9258.7
2020-01-16,3316.81,29297.64,9357.13
2020-01-17,3329.62,29348.1,9388.94
2020-01-20,,,
2020-01-21,3320.79,29196.04,9370.81
2020-01-22,3321.75,29186.27,9383.77
2020-01-23,3325.54,29160.09,9402.48
2020-01-24,3295.47,28989.73,9314.91
2020-01-27,3243.63,28535.8,9139.31
2020-01-28,3276.24,28722.85,9269.68
2020-01-29,3273.4,28734.45,9275.16
2020-01-30,3283.66,28859.44,9298.93
2020-01-31,3225.52,28256.03,9150.94
2020-02-03,3248.92,28399.81,9273.4
2020-02-04,3297.59,28807.63,9467.97
2020-02-05,3334.69,29290.85,9508.68
2020-02-06,3345.78,29379.77,9572.15
2020-02-07,3327.71,29102.51,9520.51
2020-02-10,3352.09,29276.82,9628.39
2020-02-11,3357.75,29276.34,9638.94
2020-02-12,3379.45,29551.42,9725.96
2020-02-13,3373.94,29423.31,9711.97
2020-02-14,3380.16,29398.08,9731.18
2020-02-17,,,
2020-02-18,3370.29,29232.19,9732.74
2020-02-19,3386.15,29348.03,9817.18
2020-02-20,3373.23,29219.98,9750.97
2020-02-21,3337.75,28992.41,9576.59
2020-02-24,3225.89,27960.8,9221.28
2020-02-25,3128.21,27081.36,8965.61
2020-02-26,3116.39,26957.59,8980.77
2020-02-27,2978.76,25766.64,8566.48
2020-02-28,2954.22,25409.36,8567.37
2020-03-02,3090.23,26703.32,8952.17
2020-03-03,3003.37,25917.41,8684.09
2020-03-04,3130.12,27090.86,9018.09
2020-03-05,3023.94,26121.28,8738.59
2020-03-06,2972.37,25864.78,8575.62
2020-03-09,2746.56,23851.02,7950.68
2020-03-10,2882.23,25018.16,8344.25
2020-03-11,2741.38,23553.22,7952.05
2020-03-12,2480.64,21200.62,7201.8
2020-03-13,2711.02,23185.62,7874.88
2020-03-16,2386.13,20188.52,6904.59
2020-03-17,2529.19,21237.38,7334.78
2020-03-18,2398.1,19898.92,6989.84
2020-03-19,2409.39,20087.19,7150.58
2020-03-20,2304.92,19173.98,6879.52
2020-03-23,2237.4,18591.93,6860.67
2020-03-24,2447.33,20704.91,7417.86
2020-03-25,2475.56,21200.55,7384.3
2020-03-26,2630.07,22552.17,7797.54
2020-03-27,2541.47,21636.78,7502.38
2020-03-30,2626.65,22327.48,7774.15
2020-03-31,2584.59,21917.16,7700.1
2020-04-01,2470.5,20943.51,7360.58
2020-04-02,2526.9,21413.44,7487.31
2020-04-03,2488.65,21052.53,7373.08
2020-04-06,2663.68,22679.99,7913.24
2020-04-07,2659.41,22653.86,7887.26
2020-04-08,2749.98,23433.57,8090.9
2020-04-09,2789.82,23719.37,8153.58
2020-04-10,,,
2020-04-13,2761.63,23390.77,8192.42
2020-04-14,2846.06,23949.76,8515.74
2020-04-15,2783.36,23504.35,8393.18
2020-04-16,2799.55,23537.68,8532.36
2020-04-17,2874.56,24242.49,8650.14
2020-04-20,2823.16,23650.44,8560.73
2020-04-21,2736.56,23018.88,8263.23
2020-04-22,2799.31,23475.82,8495.38
2020-04-23,2797.8,23515.26,8494.75
2020-04-24,2836.74,23775.27,8634.52
2020-04-27,2878.48,24133.78,8730.16
2020-04-28,2863.39,24101.55,8607.73
2020-04-29,2939.51,24633.86,8914.71
2020-04-30,2912.43,24345.72,8889.55
2020-05-01,2830.71,23723.69,8604.95
2020-05-04,2842.74,23749.76,8710.72
2020-05-05,2868.44,23883.09,8809.12
2020-05-06,2848.42,23664.64,8854.39
2020-05-07,2881.19,23875.89,8979.66
2020-05-08,2929.8,24331.32,9121.32
2020-05-11,2930.32,24221.99,9192.34
2020-05-12,2870.12,23764.78,9002.55
2020-05-13,2820.0,23247.97,8863.17
2020-05-14,2852.5,23625.34,8943.72
2020-05-15,2863.7,23685.42,9014.56
2020-05-18,2953.91,24597.37,9234.83
2020-05-19,2922.94,24206.86,9185.1
2020-05-20,2971.61,24575.9,9375.78
2020-05-21,2948.51,24474.12,9284.88
2020-05-22,2955.45,24465.16,9324.59
2020-05-25,,,
2020-05-26,2991.77,24995.11,9340.22
2020-05-27,3036.13,25548.27,9412.36
2020-05-28,3029.73,25400.64,9368.99
2020-05-29,3044.31,25383.11,9489.87
2020-06-01,3055.73,25475.02,9552.05
2020-06-02,3080.82,25742.65,9608.38
2020-06-03,3122.87,26269.89,9682.91
2020-06-04,3112.35,26281.82,9615.81
2020-06-05,3193.93,27110.98,9814.08
2020-06-08,3232.39,27572.44,9924.75
2020-06-09,3207.18,27272.3,9953.75
2020-06-10,3190.14,26989.99,10020.35
2020-06-11,3002.1,25128.17,9492.73
2020-06-12,3041.31,25605.54,9588.81
2020-06-15,3066.59,25763.16,9726.02
2020-06-16,3124.74,26289.98,9895.87
2020-06-17,3113.49,26119.61,9910.53
2020-06-18,3115.34,26080.1,9943.05
2020-06-19,3097.74,25871.46,9946.12
2020-06-22,3117.86,26024.96,10056.47
2020-06-23,3131.29,26156.1,10131.37
2020-06-24,3050.33,25445.94,9909.17
2020-06-25,3083.76,25745.6,10017.0
2020-06-26,3009.05,25015.55,9757.22
2020-06-29,3053.24,25595.8,9874.15
2020-06-30,3100.29,25812.88,10058.77
2020-07-01,3115.86,25734.97,10154.63
2020-07-02,3130.01,25827.36,10207.63
2020-07-03,,,
2020-07-06,3179.72,26287.03,10433.65
2020-07-07,3145.32,25890.18,10343.89
2020-07-08,3169.94,26067.28,10492.5
2020-07-09,3152.05,25706.09,10547.75
2020-07-10,3185.04,26075.3,10617.44
2020-07-13,3155.22,26085.8,10390.84
2020-07-14,3197.52,26642.59,10488.58
2020-07-15,3226.56,26870.1,10550.49
2020-07-16,3215.57,26734.71,10473.83
2020-07-17,3224.73,26671.95,10503.19
2020-07-20,3251.84,26680.87,10767.09
2020-07-21,3257.3,26840.4,10680.36
2020-07-22,3276.02,27005.84,10706.13
2020-07-23,3235.66,26652.33,10461.42
2020-07-24,3215.63,26469.89,10363.18
2020-07-27,3239.41,26584.77,10536.27
2020-07-28,3218.44,26379.28,10402.09
2020-07-29,3258.44,26539.57,10542.94
2020-07-30,3246.22,26313.65,10587.81
2020-07-31,3271.12,26428.32,10745.27
2020-08-03,3294.61,26664.4,10902.8
2020-08-04,3306.51,26828.47,10941.17
2020-08-05,3327.77,27201.52,10998.4
2020-08-06,3349.16,27386.98,11108.07
2020-08-07,3351.28,27433.48,11010.98
2020-08-10,3360.47,27791.44,10968.36
2020-08-11,3333.69,27686.91,10782.82
2020-08-12,3380.35,27976.84,11012.24
2020-08-13,3373.43,27896.72,11042.5
2020-08-14,3372.85,27931.02,11019.3
2020-08-17,3381.99,27844.91,11129.73
2020-08-18,3389.78,27778.07,11210.84
2020-08-19,3374.85,27692.88,11146.46
2020-08-20,3385.51,27739.73,11264.95
2020-08-21,3397.16,27930.33,11311.8
2020-08-24,3431.28,28308.46,11379.72
2020-08-25,3443.62,28248.44,11466.47
2020-08-26,3478.73,28331.92,11665.06
2020-08-27,3484.55,28492.27,11625.34
2020-08-28,3508.01,28653.87,11695.63
2020-08-31,3500.31,28430.05,11775.46
2020-09-01,3526.65,28645.66,11939.67
2020-09-02,3580.84,29100.5,12056.44
2020-09-03,3455.06,28292.73,11458.1
2020-09-04,3426.96,28133.31,11313.13
2020-09-07,,,
2020-09-08,3331.84,27500.89,10847.69
2020-09-09,3398.96,27940.47,11141.56
2020-09-10,3339.19,27534.58,10919.59
2020-09-11,3340.97,27665.64,10853.54
2020-09-14,3383.54,27993.33,11056.65
2020-09-15,3401.2,27995.6,11190.32
2020-09-16,3385.49,28032.38,11050.47
2020-09-17,3357.01,27901.98,10910.28
2020-09-18,3319.47,27657.42,10793.28
2020-09-21,3281.06,27147.7,10778.8
2020-09-22,3315.57,27288.18,10963.64
2020-09-23,3236.92,26763.13,10632.99
2020-09-24,3246.59,26815.44,10672.27
2020-09-25,3298.46,27173.96,10913.56
2020-09-28,3351.6,27584.06,11117.53
2020-09-29,3335.47,27452.66,11085.25
2020-09-30,3363.0,27781.7,11167.51
2020-10-01,3380.8,27816.9,11326.51
2020-10-02,3348.44,27682.81,11075.02
2020-10-05,3408.63,28148.64,11332.49
2020-10-06,3360.95,27772.76,11154.6
2020-10-07,3419.45,28303.46,11364.6
2020-10-08,3446.83,28425.51,11420.98
2020-10-09,3477.13,28586.9,11579.94
2020-10-12,3534.22,28837.52,11876.26
2020-10-13,3511.93,28679.81,11863.9
2020-10-14,3488.67,28514.0,11768.73
2020-10-15,3483.34,28494.2,11713.87
2020-10-16,3483.81,28606.31,11671.56
2020-10-19,3426.92,28195.42,11478.88
2020-10-20,3443.12,28308.79,11516.49
2020-10-21,3435.56,28210.82,11484.69
2020-10-22,3453.49,28363.66,11506.01
2020-10-23,3465.39,28335.57,11548.28
2020-10-26,3400.97,27685.38,11358.94
2020-10-27,3390.68,27463.19,11431.35
2020-10-28,3271.03,26519.95,11004.87
2020-10-29,3310.11,26659.11,11185.59
2020-10-30,3269.96,26501.6,10911.59
2020-11-02,3310.24,26925.05,10957.61
2020-11-03,3369.16,27480.03,11160.57
2020-11-04,3443.44,27847.66,11590.78
2020-11-05,3510.45,28390.18,11890.93
2020-11-06,3509.44,28323.4,11895.23
2020-11-09,3550.5,29157.97,11713.78
2020-11-10,3545.53,29420.92,11553.86
2020-11-11,3572.66,29397.63,11786.43
2020-11-12,3537.01,29080.17,11709.59
2020-11-13,3585.15,29479.81,11829.29
2020-11-16,3626.91,29950.44,11924.13
2020-11-17,3609.53,29783.35,11899.34
2020-11-18,3567.79,29438.42,11801.6
2020-11-19,3581.87,29483.23,11904.71
2020-11-20,3557.54,29263.48,11854.97
2020-11-23,3577.59,29591.27,11880.63
2020-11-24,3635.41,30046.24,12036.79
2020-11-25,3629.65,29872.47,12094.4
2020-11-26,,,
2020-11-27,3638.35,29910.37,12205.85
2020-11-30,3621.63,29638.64,12198.74
2020-12-01,3662.45,29823.92,12355.11
2020-12-02,3669.01,29883.79,12349.37
2020-12-03,3666.72,29969.52,12377.18
2020-12-04,3699.12,30218.26,12464.23
2020-12-07,3691.96,30069.79,12519.95
2020-12-08,3702.25,30173.88,12582.77
2020-12-09,3672.82,30068.81,12338.95
2020-12-10,3668.1,29999.26,12405.81
2020-12-11,3663.46,30046.37,12377.87
2020-12-14,3647.49,29861.55,12440.04
2020-12-15,3694.62,30199.31,12595.06
2020-12-16,3701.17,30154.54,12658.19
2020-12-17,3722.48,30303.37,12764.75
2020-12-18,3709.41,30179.05,12755.64
2020-12-21,3694.92,30216.45,12742.52
2020-12-22,3687.26,30015.51,12807.92
2020-12-23,3690.01,30129.83,12771.11
2020-12-24,3703.06,30199.87,12804.73
2020-12-25,,,
2020-12-28,3735.36,30403.97,12899.42
2020-12-29,3727.04,30335.67,12850.22
2020-12-30,3732.04,30409.56,12870.0
2020-12-31,3756.07,30606.48,12888.28
2021-01-04,3700.65,30223.89,12698.45
2021-01-05,3726.86,30391.6,12818.96
2021-01-06,3748.14,30829.4,12740.79
2021-01-07,3803.79,31041.13,13067.48
2021-01-08,3824.68,31097.97,13201.98
2021-01-11,3799.61,31008.69,13036.43
2021-01-12,3801.19,31068.69,13072.43
2021-01-13,3809.84,31060.47,13128.95
2021-01-14,3795.54,30991.52,13112.64
2021-01-15,3768.25,30814.26,12998.5
2021-01-18,,,
2021-01-19,3798.91,30930.52,13197.18
2021-01-20,3851.85,31188.38,13457.25
2021-01-21,3853.07,31176.01,13530.92
2021-01-22,3841.47,30996.98,13543.06
2021-01-25,3855.36,30960.0,13635.99
2021-01-26,3849.62,30937.04,13626.06
2021-01-27,3750.77,30303.17,13270.6
2021-01-28,3787.38,30603.36,13337.16
2021-01-29,3714.24,29982.62,13070.69
2021-02-01,3773.86,30211.91,13403.39
2021-02-02,3826.31,30687.48,13612.78
2021-02-03,3830.17,30723.6,13610.54
2021-02-04,3871.74,31055.86,13777.74
2021-02-05,3886.83,31148.24,13856.3
2021-02-08,3915.59,31385.76,13987.64
2021-02-09,3911.23,31375.83,14007.7
2021-02-10,3909.88,31437.8,13972.53
2021-02-11,3916.38,31430.7,14025.77
2021-02-12,3934.83,31458.4,14095.47
2021-02-15,,,
2021-02-16,3932.59,31522.75,14047.5
2021-02-17,3931.33,31613.02,13965.5
2021-02-18,3913.97,31493.34,13865.36
2021-02-19,3906.71,31494.32,13874.47
2021-02-22,3876.5,31521.69,13533.05
2021-02-23,3881.37,31537.35,13465.2
2021-02-24,3925.43,31961.86,13597.97
2021-02-25,3829.34,31402.01,13119.43
2021-02-26,3811.15,30932.37,13192.35
2021-03-01,3901.82,31535.51,13588.83
2021-03-02,3870.29,31391.52,13358.79
2021-03-03,3819.72,31270.09,12997.75
2021-03-04,3768.47,30924.14,12723.47
2021-03-05,3841.94,31496.3,12920.15
2021-03-08,3821.35,31802.44,12609.16
2021-03-09,3875.44,31832.74,13073.82
2021-03-10,3898.81,32297.02,13068.83
2021-03-11,3939.34,32485.59,13398.67
2021-03-12,3943.34,32778.64,13319.86
2021-03-15,3968.94,32953.46,13459.71
2021-03-16,3962.71,32825.95,13471.57
2021-03-17,3974.12,33015.37,13525.2
2021-03-18,3915.46,32862.3,13116.17
2021-03-19,3913.1,32627.97,13215.24
2021-03-22,3940.59,32731.2,13377.54
2021-03-23,3910.52,32423.15,13227.7
2021-03-24,3889.14,32420.06,12961.89
2021-03-25,3909.52,32619.48,12977.68
2021-03-26,3974.54,33072.88,13138.72
2021-03-29,3971.09,33171.37,13059.65
2021-03-30,3958.55,33066.96,13045.39
2021-03-31,3972.89,32981.55,13246.87
2021-04-01,4019.87,33153.21,13480.11
2021-04-02,,,
2021-04-05,4077.91,33527.19,13705.59
2021-04-06,4073.94,33430.24,13698.38
2021-04-07,4079.95,33446.26,13688.84
2021-04-08,4097.17,33503.57,13829.31
2021-04-09,4128.8,33800.6,13900.19
2021-04-12,4127.99,33745.4,13850.0
2021-04-13,4141.59,33677.27,13996.1
2021-04-14,4124.66,33730.89,13857.84
2021-04-15,4170.42,34035.99,14038.76
2021-04-16,4185.47,34200.67,14052.34
2021-04-19,4163.26,34077.63,13914.77
2021-04-20,4134.94,33821.3,13786.27
2021-04-21,4173.42,34137.31,13950.22
2021-04-22,4134.98,33815.9,13818.41
2021-04-23,4180.17,34043.49,14016.81
2021-04-26,4187.62,33981.57,14138.78
2021-04-27,4186.72,33984.93,14090.22
2021-04-28,4183.18,33820.38,14051.03
2021-04-29,4211.47,34060.36,14082.55
2021-04-30,4181.17,33874.85,13962.68
2021-05-03,4192.66,34113.23,13895.12
2021-05-04,4164.66,34133.03,13633.5
2021-05-05,4167.59,34230.34,13582.42
2021-05-06,4201.62,34548.53,13632.84
2021-05-07,4232.6,34777.76,13752.24
2021-05-10,4188.43,34742.82,13401.86
2021-05-11,4152.1,34269.16,13389.43
2021-05-12,4063.04,33587.66,13031.68
2021-05-13,4112.5,34021.45,13124.99
2021-05-14,4173.85,34382.13,13429.98
2021-05-17,4163.29,34327.79,13379.05
2021-05-18,4127.83,34060.66,13303.64
2021-05-19,4115.68,33896.04,13299.74
2021-05-20,4159.12,34084.15,13535.74
2021-05-21,4155.86,34207.84,13470.99
2021-05-24,4197.05,34393.98,13661.17
2021-05-25,4188.13,34312.46,13657.17
2021-05-26,4195.99,34323.05,13738.0
2021-05-27,4200.88,34464.64,13736.28
2021-05-28,4204.11,34529.45,13748.74
2021-05-31,,,
2021-06-01,4202.04,34575.31,13736.48
2021-06-02,4208.12,34600.38,13756.33
2021-06-03,4192.85,34577.04,13614.51
2021-06-04,4229.89,34756.39,13814.49
2021-06-07,4226.52,34630.24,13881.72
2021-06-08,4227.26,34599.82,13924.91
2021-06-09,4219.55,34447.14,13911.75
2021-06-10,4239.18,34466.24,14020.33
2021-06-11,4247.44,34479.6,14069.42
2021-06-14,4255.15,34393.75,14174.14
2021-06-15,4246.59,34299.33,14072.86
2021-06-16,4223.7,34033.67,14039.68
2021-06-17,4221.86,33823.45,14161.35
2021-06-18,4166.45,33290.08,14030.38
2021-06-21,4224.79,33876.97,14141.48
2021-06-22,4246.44,33945.58,14253.27
2021-06-23,4241.84,33874.24,14271.73
2021-06-24,4266.49,34196.82,14369.71
2021-06-25,4280.7,34433.84,14360.39
2021-06-28,4290.61,34283.27,14500.51
2021-06-29,4291.8,34292.29,14528.33
2021-06-30,4297.5,34502.51,14503.95
2021-07-01,4319.94,34633.53,14522.38
2021-07-02,4352.34,34786.35,14639.33
2021-07-05,,,
2021-07-06,4343.54,34577.37,14663.64
2021-07-07,4358.13,34681.79,14665.06
2021-07-08,4320.82,34421.93,14559.79
2021-07-09,4369.55,34870.16,14701.92
2021-07-12,4384.63,34996.18,14733.24
2021-07-13,4369.21,34888.79,14677.65
2021-07-14,4374.3,34933.23,14644.95
2021-07-15,4360.03,34987.02,14543.13
2021-07-16,4327.16,34687.85,14427.24
2021-07-19,4258.49,33962.04,14274.98
2021-07-20,4323.06,34511.99,14498.88
2021-07-21,4358.69,34798.0,14631.95
2021-07-22,4367.48,34823.35,14684.6
2021-07-23,4411.79,35061.55,14836.99
2021-07-26,4422.3,35144.31,14840.71
2021-07-27,4401.46,35058.52,14660.58
2021-07-28,4400.64,34930.93,14762.58
2021-07-29,4419.15,35084.53,14778.26
2021-07-30,4395.26,34935.47,14672.68
2021-08-02,4387.16,34838.16,14681.07
2021-08-03,4423.15,35116.4,14761.29
2021-08-04,4402.66,34792.67,14780.53
2021-08-05,4429.1,35064.25,14895.12
2021-08-06,4436.52,35208.51,14835.76
2021-08-09,4432.35,35101.85,14860.18
2021-08-10,4436.75,35264.67,14788.09
2021-08-11,4447.7,35484.97,14765.13
2021-08-12,4460.83,35499.85,14816.26
2021-08-13,4468.0,35515.38,14822.9
2021-08-16,4479.71,35625.4,14793.76
2021-08-17,4448.08,35343.28,14656.18
2021-08-18,4400.27,34960.69,14525.91
2021-08-19,4405.8,34894.12,14541.79
2021-08-20,4441.67,35120.08,14714.66
2021-08-23,4479.53,35335.71,14942.65
2021-08-24,4486.23,35366.26,15019.8
2021-08-25,4496.19,35405.5,15041.86
2021-08-26,4470.0,35213.12,14945.81
2021-08-27,4509.37,35455.8,15129.5
2021-08-30,4528.79,35399.84,15265.89
2021-08-31,4522.68,35360.73,15259.24
2021-09-01,4524.09,35312.53,15309.38
2021-09-02,4536.95,35443.82,15331.18
2021-09-03,4535.43,35369.09,15363.52
2021-09-06,,,
2021-09-07,4520.03,35100.0,15374.33
2021-09-08,4514.07,35031.07,15286.64
2021-09-09,4493.28,34879.38,15248.25
2021-09-10,4458.58,34607.72,15115.49
2021-09-13,4468.73,34869.63,15105.58
2021-09-14,4443.05,34577.57,15037.76
2021-09-15,4480.7,34814.39,15161.53
2021-09-16,4473.75,34751.32,15181.92
2021-09-17,4432.99,34584.88,15043.97
2021-09-20,4357.73,33970.47,14713.9
2021-09-21,4354.19,33919.84,14746.4
2021-09-22,4395.64,34258.32,14896.85
2021-09-23,4448.98,34764.82,15052.24
2021-09-24,4455.48,34798.0,15047.7
2021-09-27,4443.11,34869.37,14969.97
2021-09-28,4352.63,34299.99,14546.68
2021-09-29,4359.46,34390.72,14512.44
2021-09-30,4307.54,33843.92,14448.58
2021-10-01,4357.04,34326.46,14566.7
2021-10-04,4300.46,34002.92,14255.48
2021-10-05,4345.72,34314.67,14433.83
2021-10-06,4363.55,34416.99,14501.91
2021-10-07,4399.76,34754.94,14654.02
2021-10-08,4391.34,34746.25,14579.54
2021-10-11,4361.19,34496.06,14486.2
2021-10-12,4350.65,34378.34,14465.92
2021-10-13,4363.8,34377.81,14571.63
2021-10-14,4438.26,34912.56,14823.43
2021-10-15,4471.37,35294.76,14897.34
2021-10-18,4486.46,35258.61,15021.81
2021-10-19,4519.63,35457.31,15129.09
2021-10-20,4536.19,35609.34,15121.68
2021-10-21,4549.78,35603.08,15215.7
2021-10-22,4544.9,35677.02,15090.2
2021-10-25,4566.48,35741.15,15226.71
2021-10-26,4574.79,35756.88,15235.71
2021-10-27,4551.68,35490.69,15235.84
2021-10-28,4596.42,35730.48,15448.12
2021-10-29,4605.38,35819.56,15498.39
2021-11-01,4613.67,35913.84,15595.92
2021-11-02,4630.65,36052.63,15649.6
2021-11-03,4660.57,36157.58,15811.58
2021-11-04,4680.06,36124.23,15940.31
2021-11-05,4697.53,36327.95,15971.59
2021-11-08,4701.7,36432.22,15982.36
2021-11-09,4685.25,36319.98,15886.54
2021-11-10,4646.71,36079.94,15622.71
2021-11-11,4649.27,35921.23,15704.28
2021-11-12,4682.85,36100.31,15860.96
2021-11-15,4682.8,36087.45,15853.85
2021-11-16,4700.9,36142.22,15973.86
2021-11-17,4688.67,35931.05,15921.57
2021-11-18,4704.54,35870.95,15993.71
2021-11-19,4697.96,35601.98,16057.44
2021-11-22,4682.94,35619.25,15854.76
2021-11-23,4690.7,35813.8,15775.14
2021-11-24,4701.46,35804.38,15845.23
2021-11-25,,,
2021-11-26,4594.62,34899.34,15491.66
2021-11-29,4655.27,35135.94,15782.83
2021-11-30,4567.0,34483.72,15537.69
2021-12-01,4513.04,34022.04,15254.05
2021-12-02,4577.1,34639.79,15381.32
2021-12-03,4538.43,34580.08,15085.47
2021-12-06,4591.67,35227.03,15225.15
2021-12-07,4686.75,35719.43,15686.92
2021-12-08,4701.21,35754.75,15786.99
2021-12-09,4667.45,35754.69,15517.37
2021-12-10,4712.02,35970.99,15630.6
2021-12-13,4668.97,35650.95,15413.28
2021-12-14,4634.09,35544.18,15237.64
2021-12-15,4709.85,35927.43,15565.58
2021-12-16,4668.67,35897.64,15180.43
2021-12-17,4620.64,35365.44,15169.68
2021-12-20,4568.02,34932.16,14980.94
2021-12-21,4649.23,35492.7,15341.09
2021-12-22,4696.56,35753.89,15521.89
2021-12-23,4725.79,35950.56,15653.37
2021-12-24,,,
2021-12-27,4791.19,36302.38,15871.26
2021-12-28,4786.35,36398.21,15781.72
2021-12-29,4793.06,36488.63,15766.22
2021-12-30,4778.73,36398.08,15741.56
2021-12-31,4766.18,36338.3,15644.97
2022-01-03,4796.56,36585.06,15832.8
2022-01-04,4793.54,36799.65,15622.72
2022-01-05,4700.58,36407.11,15100.17
2022-01-06,4696.05,36236.47,15080.87
2022-01-07,4677.03,36231.66,14935.9
2022-01-10,4670.29,36068.87,14942.83
2022-01-11,4713.07,36252.02,15153.45
2022-01-12,4726.35,36290.32,15188.39
2022-01-13,4659.03,36113.62,14806.81
2022-01-14,4662.85,35911.81,14893.75
2022-01-17,,,
2022-01-18,4577.11,35368.47,14506.9
2022-01-19,4532.76,35028.65,14340.25
2022-01-20,4482.73,34715.39,14154.02
2022-01-21,4397.94,34265.37,13768.92
2022-01-24,4410.13,34364.5,13855.13
2022-01-25,4356.45,34297.73,13539.29
2022-01-26,4349.93,34168.09,13542.12
2022-01-27,4326.51,34160.78,13352.78
2022-01-28,4431.85,34725.47,13770.57
2022-01-31,4515.55,35131.86,14239.88
2022-02-01,4546.54,35405.24,14346.0
2022-02-02,4589.38,35629.33,14417.55
2022-02-03,4477.44,35111.16,13878.82
2022-02-04,4500.53,35089.74,14098.01
2022-02-07,4483.87,35091.13,14015.67
2022-02-08,4521.54,35462.78,14194.46
2022-02-09,4587.18,35768.06,14490.37
2022-02-10,4504.08,35241.59,14185.64
2022-02-11,4418.64,34738.06,13791.15
2022-02-14,4401.67,34566.17,13790.92
2022-02-15,4471.07,34988.84,14139.76
2022-02-16,4475.01,34934.27,14124.09
2022-02-17,4380.26,34312.03,13716.72
2022-02-18,4348.87,34079.18,13548.07
2022-02-21,,,
2022-02-22,4304.76,33596.61,13381.52
2022-02-23,4225.5,33131.76,13037.49
2022-02-24,4288.7,33223.83,13473.58
2022-02-25,4384.65,34058.75,13694.62
2022-02-28,4373.94,33892.6,13751.4
2022-03-01,4306.26,33294.95,13532.46
2022-03-02,4386.54,33891.35,13752.02
2022-03-03,4363.49,33794.66,13537.94
2022-03-04,4328.87,33614.8,13313.44
2022-03-07,4201.09,32817.38,12830.96
2022-03-08,4170.7,32632.64,12795.55
2022-03-09,4277.88,33286.25,13255.55
2022-03-10,4259.52,33174.07,13129.96
2022-03-11,4204.31,32944.19,12843.81
2022-03-14,4173.11,32945.24,12581.22
2022-03-15,4262.45,33544.34,12948.62
2022-03-16,4357.86,34063.1,13436.55
2022-03-17,4411.67,34480.76,13614.78
2022-03-18,4463.12,34754.93,13893.84
2022-03-21,4461.18,34552.99,13838.46
2022-03-22,4511.61,34807.46,14108.82
2022-03-23,4456.24,34358.5,13922.6
2022-03-24,4520.16,34707.94,14191.84
2022-03-25,4543.06,34861.24,14169.3
2022-03-28,4575.52,34955.89,14354.9
2022-03-29,4631.6,35294.19,14619.64
2022-03-30,4602.45,35228.81,14442.27
2022-03-31,4530.41,34678.35,14220.52
2022-04-01,4545.86,34818.27,14261.5
2022-04-04,4582.64,34921.88,14532.55
2022-04-05,4525.12,34641.18,14204.17
2022-04-06,4481.15,34496.51,13888.82
2022-04-07,4500.21,34583.57,13897.3
2022-04-08,4488.28,34721.12,13711.0
2022-04-11,4412.53,34308.08,13411.96
2022-04-12,4397.45,34220.36,13371.57
2022-04-13,4446.59,34564.59,13643.59
2022-04-14,4392.59,34451.23,13351.08
2022-04-15,,,
2022-04-18,4391.69,34411.69,13332.36
2022-04-19,4462.21,34911.2,13619.66
2022-04-20,4459.45,35160.79,13453.07
2022-04-21,4393.66,34792.76,13174.65
2022-04-22,4271.78,33811.4,12839.29
2022-04-25,4296.12,34049.46,13004.85
2022-04-26,4175.2,33240.18,12490.74
2022-04-27,4183.96,33301.93,12488.93
2022-04-28,4287.5,33916.39,12871.53
2022-04-29,4131.93,32977.21,12334.64
2022-05-02,4155.38,33061.5,12536.02
2022-05-03,4175.48,33128.79,12563.76
2022-05-04,4300.17,34061.06,12964.86
2022-05-05,4146.87,32997.97,12317.69
2022-05-06,4123.34,32899.37,12144.66
2022-05-09,3991.24,32245.7,11623.25
2022-05-10,4001.05,32160.74,11737.67
2022-05-11,3935.18,31834.11,11364.24
2022-05-12,3930.08,31730.3,11370.96
2022-05-13,4023.89,32196.66,11805.0
2022-05-16,4008.01,32223.42,11662.79
2022-05-17,4088.85,32654.59,11984.52
2022-05-18,3923.68,31490.07,11418.15
2022-05-19,3900.79,31253.13,11388.5
2022-05-20,3901.36,31261.9,11354.62
2022-05-23,3973.75,31880.24,11535.27
2022-05-24,3941.48,31928.62,11264.45
2022-05-25,3978.73,32120.28,11434.74
2022-05-26,4057.84,32637.19,11740.65
2022-05-27,4158.24,33212.96,12131.13
2022-05-30,,,
2022-05-31,4132.15,32990.12,12081.39
2022-06-01,4101.23,32813.23,11994.46
2022-06-02,4176.82,33248.28,12316.9
2022-06-03,4108.54,32899.7,12012.73
2022-06-06,4121.43,32915.78,12061.37
2022-06-07,4160.68,33180.14,12175.23
2022-06-08,4115.77,32910.9,12086.27
2022-06-09,4017.82,32272.79,11754.23
2022-06-10,3900.86,31392.79,11340.02
2022-06-13,3749.63,30516.74,10809.23
2022-06-14,3735.48,30364.83,10828.35
2022-06-15,3789.99,30668.53,11099.15
2022-06-16,3666.77,29927.07,10646.1
2022-06-17,3674.84,29888.78,10798.35
2022-06-20,,,
2022-06-21,3764.79,30530.25,11069.3
2022-06-22,3759.89,30483.13,11053.08
2022-06-23,3795.73,30677.36,11232.19
2022-06-24,3911.74,31500.68,11607.62
2022-06-27,3900.11,31438.26,11524.55
2022-06-28,3821.55,30946.99,11181.54
2022-06-29,3818.83,31029.31,11177.89
2022-06-30,3785.38,30775.43,11028.74
2022-07-01,3825.33,31097.26,11127.84
2022-07-04,,,
2022-07-05,3831.39,30967.82,11322.24
2022-07-06,3845.08,31037.68,11361.85
2022-07-07,3902.62,31384.55,11621.35
2022-07-08,3899.38,31338.15,11635.31
2022-07-11,3854.43,31173.84,11372.6
2022-07-12,3818.8,30981.33,11264.73
2022-07-13,3801.78,30772.79,11247.58
2022-07-14,3790.38,30630.17,11251.19
2022-07-15,3863.16,31288.26,11452.42
2022-07-18,3830.85,31072.61,11360.05
2022-07-19,3936.69,31827.05,11713.15
2022-07-20,3959.9,31874.84,11897.65
2022-07-21,3998.95,32036.9,12059.61
2022-07-22,3961.63,31899.29,11834.11
2022-07-25,3966.84,31990.04,11782.67
2022-07-26,3921.05,31761.54,11562.57
2022-07-27,4023.61,32197.59,12032.42
2022-07-28,4072.43,32529.63,12162.59
2022-07-29,4130.29,32845.13,12390.69
2022-08-01,4118.63,32798.4,12368.98
2022-08-02,4091.19,32396.17,12348.76
2022-08-03,4155.17,32812.5,12668.16
2022-08-04,4151.94,32726.82,12720.58
2022-08-05,4145.19,32803.47,12657.55
2022-08-08,4140.06,32832.54,12644.46
2022-08-09,4122.47,32774.41,12493.93
2022-08-10,4210.24,33309.51,12854.8
2022-08-11,4207.27,33336.67,12779.91
2022-08-12,4280.15,33761.05,13047.19
2022-08-15,4297.14,33912.44,13128.05
2022-08-16,4305.2,34152.01,13102.55
2022-08-17,4274.04,33980.32,12938.12
2022-08-18,4283.74,33999.04,12965.34
2022-08-19,4228.48,33706.74,12705.21
2022-08-22,4137.99,33063.61,12381.57
2022-08-23,4128.73,32909.59,12381.3
2022-08-24,4140.77,32969.23,12431.53
2022-08-25,4199.12,33291.78,12639.27
2022-08-26,4057.66,32283.4,12141.71
2022-08-29,4030.61,32098.99,12017.67
2022-08-30,3986.16,31790.87,11883.14
2022-08-31,3955.0,31510.43,11816.2
2022-09-01,3966.85,31656.42,11785.13
2022-09-02,3924.26,31318.44,11630.86
2022-09-05,,,
2022-09-06,3908.19,31145.3,11544.91
2022-09-07,3979.87,31581.28,11791.9
2022-09-08,4006.18,31774.52,11862.13
2022-09-09,4067.36,32151.71,12112.31
2022-09-12,4110.41,32381.34,12266.41
2022-09-13,3932.69,31104.97,11633.57
2022-09-14,3946.01,31135.09,11719.68
2022-09-15,3901.35,30961.82,11552.36
2022-09-16,3873.33,30822.42,11448.4
2022-09-19,3899.89,31019.68,11535.02
2022-09-20,3855.93,30706.23,11425.05
2022-09-21,3789.93,30183.78,11220.19
2022-09-22,3757.99,30076.68,11066.8
2022-09-23,3693.23,29590.41,10867.93
2022-09-26,3655.04,29260.81,10802.92
2022-09-27,3647.29,29134.99,10829.5
2022-09-28,3719.04,29683.74,11051.64
2022-09-29,3640.47,29225.61,10737.51
2022-09-30,3585.62,28725.51,10575.62
2022-10-03,3678.43,29490.89,10815.43
2022-10-04,3790.93,30316.32,11176.41
2022-10-05,3783.28,30273.87,11148.64
2022-10-06,3744.52,29926.94,11073.31
2022-10-07,3639.66,29296.79,10652.4
2022-10-10,3612.39,29202.88,10542.1
2022-10-11,3588.84,29239.19,10426.19
2022-10-12,3577.03,29210.85,10417.1
2022-10-13,3669.91,30038.72,10649.15
2022-10-14,3583.07,29634.83,10321.39
2022-10-17,3677.95,30185.82,10675.8
2022-10-18,3719.98,30523.8,10772.4
2022-10-19,3695.16,30423.81,10680.51
2022-10-20,3665.78,30333.59,10614.84
2022-10-21,3752.75,31082.56,10859.72
2022-10-24,3797.34,31499.62,10952.61
2022-10-25,3859.11,31836.74,11199.12
2022-10-26,3830.6,31839.11,10970.99
2022-10-27,3807.3,32033.28,10792.67
2022-10-28,3901.06,32861.8,11102.45
2022-10-31,3871.98,32732.95,10988.15
2022-11-01,3856.1,32653.2,10890.85
2022-11-02,3759.69,32147.76,10524.8
2022-11-03,3719.89,32001.25,10342.94
2022-11-04,3770.55,32403.22,10475.25
2022-11-07,3806.8,32827.0,10564.52
2022-11-08,3828.11,33160.83,10616.2
2022-11-09,3748.57,32513.94,10353.17
2022-11-10,3956.37,33715.37,11114.15
2022-11-11,3992.93,33747.86,11323.33
2022-11-14,3957.25,33536.7,11196.22
2022-11-15,3991.73,33592.92,11358.41
2022-11-16,3958.79,33553.83,11183.66
2022-11-17,3946.56,33546.32,11144.96
2022-11-18,3965.34,33745.69,11146.06
2022-11-21,3949.94,33700.28,11024.51
2022-11-22,4003.58,34098.1,11174.41
2022-11-23,4027.26,34194.06,11285.32
2022-11-24,,,
2022-11-25,4026.12,34347.03,11226.36
2022-11-28,3963.94,33849.46,11049.5
2022-11-29,3957.63,33852.53,10983.78
2022-11-30,4080.11,34589.77,11468.0
2022-12-01,4076.57,34395.01,11482.45
2022-12-02,4071.7,34429.88,11461.5
2022-12-05,3998.84,33947.1,11239.94
2022-12-06,3941.26,33596.34,11014.89
2022-12-07,3933.92,33597.92,10958.55
2022-12-08,3963.51,33781.48,11082.0
2022-12-09,3934.38,33476.46,11004.62
2022-12-12,3990.56,34005.04,11143.74
2022-12-13,4019.65,34108.64,11256.81
2022-12-14,3995.32,33966.35,11170.89
2022-12-15,3895.75,33202.22,10810.53
2022-12-16,3852.36,32920.46,10705.41
2022-12-19,3817.66,32757.54,10546.03
2022-12-20,3821.62,32849.74,10547.11
2022-12-21,3878.44,33376.48,10709.37
2022-12-22,3822.39,33027.49,10476.12
2022-12-23,3844.82,33203.93,10497.86
2022-12-26,,,
2022-12-27,3829.25,33241.56,10353.23
2022-12-28,3783.22,32875.71,10213.29
2022-12-29,3849.28,33220.8,10478.09
2022-12-30,3839.5,33147.25,10466.48
2023-01-02,,,
2023-01-03,3824.14,33136.37,10386.98
2023-01-04,3852.97,33269.77,10458.76
2023-01-05,3808.1,32930.08,10305.24
2023-01-06,3895.08,33630.61,10569.29
2023-01-09,3892.09,33517.65,10635.65
2023-01-10,3919.25,33704.1,10742.63
2023-01-11,3969.61,33973.01,10931.67
2023-01-12,3983.17,34189.97,11001.1
2023-01-13,3999.09,34302.61,11079.16
2023-01-16,,,
2023-01-17,3990.97,33910.85,11095.11
2023-01-18,3928.86,33296.96,10957.01
2023-01-19,3898.85,33044.56,10852.27
2023-01-20,3972.61,33375.49,11140.43
2023-01-23,4019.81,33629.56,11364.41
2023-01-24,4016.95,33733.96,11334.27
2023-01-25,4016.22,33743.84,11313.36
2023-01-26,4060.43,33949.41,11512.41
2023-01-27,4070.56,33978.08,11621.71
2023-01-30,4017.77,33717.09,11393.81
2023-01-31,4076.6,34086.04,11584.55
2023-02-01,4119.21,34092.96,11816.32
2023-02-02,4179.76,34053.94,12200.82
2023-02-03,4136.48,33926.01,12006.96
2023-02-06,4111.08,33891.02,11887.45
2023-02-07,4164.0,34156.69,12113.79
2023-02-08,4117.86,33949.01,11910.52
2023-02-09,4081.5,33699.88,11789.58
2023-02-10,4090.46,33869.27,11718.12
2023-02-13,4137.29,34245.93,11891.79
2023-02-14,4136.13,34089.27,11960.15
2023-02-15,4147.6,34128.05,12070.59
2023-02-16,4090.41,33696.85,11855.83
2023-02-17,4079.09,33826.69,11787.27
2023-02-20,,,
2023-02-21,3997.34,33129.59,11492.3
2023-02-22,3991.05,33045.09,11507.07
2023-02-23,4012.32,33153.91,11590.4
2023-02-24,3970.04,32816.92,11394.94
2023-02-27,3982.24,32889.09,11466.98
2023-02-28,3970.15,32656.7,11455.54
2023-03-01,3951.39,32661.84,11379.48
2023-03-02,3981.35,33003.57,11462.98
2023-03-03,4045.64,33390.97,11689.01
2023-03-06,4048.42,33431.44,11675.74
2023-03-07,3986.37,32856.46,11530.33
2023-03-08,3992.01,32798.4,11576.0
2023-03-09,3918.32,32254.86,11338.35
2023-03-10,3861.59,31909.64,11138.89
2023-03-13,3855.76,31819.14,11188.84
2023-03-14,3919.29,32155.4,11428.15
2023-03-15,3891.93,31874.57,11434.05
2023-03-16,3960.28,32246.55,11717.28
2023-03-17,3916.64,31861.98,11630.51
2023-03-20,3951.57,32244.58,11675.54
2023-03-21,4002.87,32560.6,11860.11
2023-03-22,3936.97,32030.11,11669.96
2023-03-23,3948.72,32105.25,11787.4
2023-03-24,3970.99,32237.53,11823.96
2023-03-27,3977.53,32432.08,11768.84
2023-03-28,3971.27,32394.25,11716.08
2023-03-29,4027.81,32717.6,11926.24
2023-03-30,4050.83,32859.03,12013.47
2023-03-31,4109.31,33274.15,12221.91
2023-04-03,4124.51,33601.15,12189.45
2023-04-04,4100.6,33402.38,12126.33
2023-04-05,4090.38,33482.72,11996.86
2023-04-06,4105.02,33485.29,12087.96
2023-04-07,,,
2023-04-10,4109.11,33586.52,12084.36
2023-04-11,4108.94,33684.79,12031.88
2023-04-12,4091.95,33646.5,11929.34
2023-04-13,4146.22,34029.69,12166.27
2023-04-14,4137.64,33886.47,12123.47
2023-04-17,4151.32,33987.18,12157.72
2023-04-18,4154.87,33976.63,12153.41
2023-04-19,4154.52,33897.01,12157.23
2023-04-20,4129.79,33786.62,12059.56
2023-04-21,4133.52,33808.96,12072.46
2023-04-24,4137.04,33875.4,12037.2
2023-04-25,4071.63,33530.83,11799.16
2023-04-26,4055.99,33301.87,11854.35
2023-04-27,4135.35,33826.16,12142.24
2023-04-28,4169.48,34098.16,12226.58
2023-05-01,4167.87,34051.7,12212.6
2023-05-02,4119.58,33684.53,12080.51
2023-05-03,4090.75,33414.24,12025.33
2023-05-04,4061.22,33127.74,11966.4
2023-05-05,4136.25,33674.38,12235.41
2023-05-08,4138.12,33618.69,12256.92
2023-05-09,4119.17,33561.81,12179.55
2023-05-10,4137.64,33531.33,12306.44
2023-05-11,4130.62,33309.51,12328.51
2023-05-12,4124.08,33300.62,12284.74
2023-05-15,4136.28,33348.6,12365.21
2023-05-16,4109.9,33012.14,12343.05
2023-05-17,4158.77,33420.77,12500.57
2023-05-18,4198.05,33535.91,12688.84
2023-05-19,4191.98,33426.63,12657.9
2023-05-22,4192.63,33286.58,12720.78
2023-05-23,4145.58,33055.51,12560.25
2023-05-24,4115.24,32799.92,12484.16
2023-05-25,4151.28,32764.65,12698.09
2023-05-26,4205.45,33093.34,12975.69
2023-05-29,,,
2023-05-30,4205.52,33042.78,13017.43
2023-05-31,4179.83,32908.27,12935.29
2023-06-01,4221.02,33061.57,13100.98
2023-06-02,4282.37,33762.76,13240.77
2023-06-05,4273.79,33562.86,13229.43
2023-06-06,4283.85,33573.28,13276.42
2023-06-07,4267.52,33665.02,13104.89
2023-06-08,4293.93,33833.61,13238.52
2023-06-09,4298.86,33876.78,13259.14
2023-06-12,4338.93,34066.33,13461.92
2023-06-13,4369.01,34212.12,13573.32
2023-06-14,4372.59,33979.33,13626.48
2023-06-15,4425.84,34408.06,13782.82
2023-06-16,4409.59,34299.12,13689.57
2023-06-19,,,
2023-06-20,4388.71,34053.87,13667.29
2023-06-21,4365.69,33951.52,13502.2
2023-06-22,4381.89,33946.71,13630.61
2023-06-23,4348.33,33727.43,13492.52
2023-06-26,4328.82,33714.71,13335.78
2023-06-27,4378.41,33926.74,13555.67
2023-06-28,4376.86,33852.66,13591.75
2023-06-29,4396.44,34122.42,13591.33
2023-06-30,4450.38,34407.6,13787.92
2023-07-03,4455.59,34418.47,13816.77
2023-07-04,,,
2023-07-05,4446.82,34288.64,13791.65
2023-07-06,4411.59,33922.26,13679.04
2023-07-07,4398.95,33734.88,13660.72
2023-07-10,4409.53,33944.4,13685.48
2023-07-11,4439.26,34261.42,13760.7
2023-07-12,4472.16,34347.43,13918.96
2023-07-13,4510.04,34395.14,14138.57
2023-07-14,4505.42,34509.03,14113.7
2023-07-17,4522.79,34585.35,14244.95
2023-07-18,4554.98,34951.93,14353.64
2023-07-19,4565.72,35061.21,14358.02
2023-07-20,4534.87,35225.18,14063.31
2023-07-21,4536.34,35227.69,14032.81
2023-07-24,4554.64,35411.24,14058.87
2023-07-25,4567.46,35438.07,14144.56
2023-07-26,4566.75,35520.12,14127.28
2023-07-27,4537.41,35282.72,14050.11
2023-07-28,4582.23,35459.29,14316.66
2023-07-31,4588.96,35559.53,14346.02
2023-08-01,4576.73,35630.68,14283.91
2023-08-02,4513.39,35282.52,13973.45
2023-08-03,4501.89,35215.89,13959.72
2023-08-04,4478.03,35065.62,13909.24
2023-08-07,4518.44,35473.13,13994.4
2023-08-08,4499.38,35314.49,13884.32
2023-08-09,4467.71,35123.36,13772.02
2023-08-10,4468.83,35176.15,13737.99
2023-08-11,4464.05,35281.4,13644.85
2023-08-14,4489.72,35307.63,13788.33
2023-08-15,4437.86,34946.39,13631.05
2023-08-16,4404.33,34765.74,13474.63
2023-08-17,4370.36,34474.83,13316.93
2023-08-18,4369.71,34500.66,13290.78
2023-08-21,4399.77,34463.69,13497.59
2023-08-22,4387.55,34288.83,13505.87
2023-08-23,4436.01,34472.98,13721.03
2023-08-24,4376.31,34099.42,13463.97
2023-08-25,4405.71,34346.9,13590.65
2023-08-28,4433.31,34559.98,13705.13
2023-08-29,4497.63,34852.67,13943.76
2023-08-30,4514.87,34890.24,14019.31
2023-08-31,4507.66,34721.91,14034.97
2023-09-01,4515.77,34837.71,14031.81
2023-09-04,,,
2023-09-05,4496.83,34641.97,14020.95
2023-09-06,4465.48,34443.19,13872.47
2023-09-07,4451.14,34500.73,13748.83
2023-09-08,4457.49,34576.59,13761.53
2023-09-11,4487.46,34663.72,13917.91
2023-09-12,4461.9,34645.99,13773.63
2023-09-13,4467.44,34575.53,13813.58
2023-09-14,4505.1,34907.11,13926.05
2023-09-15,4450.32,34618.24,13708.33
2023-09-18,4453.53,34624.3,13710.24
2023-09-19,4443.95,34517.73,13678.19
2023-09-20,4402.2,34440.88,13469.13
2023-09-21,4330.0,34070.42,13223.99
2023-09-22,4320.06,33963.84,13211.81
2023-09-25,4337.44,34006.88,13271.32
2023-09-26,4273.53,33618.88,13063.61
2023-09-27,4274.51,33550.27,13092.85
2023-09-28,4299.7,33666.34,13201.28
2023-09-29,4288.05,33507.5,13219.32
2023-10-02,4288.39,33433.35,13307.77
2023-10-03,4229.45,33002.38,13059.47
2023-10-04,4263.75,33129.55,13236.01
2023-10-05,4258.19,33119.57,13219.83
2023-10-06,4308.5,33407.58,13431.34
2023-10-09,4335.66,33604.65,13484.24
2023-10-10,4358.24,33739.3,13562.84
2023-10-11,4376.95,33804.87,13659.68
2023-10-12,4349.61,33631.14,13574.22
2023-10-13,4327.78,33670.29,13407.23
2023-10-16,4373.63,33984.54,13567.98
2023-10-17,4373.2,33997.65,13533.75
2023-10-18,4314.6,33665.08,13314.3
2023-10-19,4278.0,33414.17,13186.17
2023-10-20,4224.16,33127.28,12983.81
2023-10-23,4217.04,32936.41,13018.33
2023-10-24,4247.68,33141.38,13139.88
2023-10-25,4186.77,33035.93,12821.22
2023-10-26,4137.23,32784.3,12595.61
2023-10-27,4117.37,32417.59,12643.01
2023-10-30,4166.82,32928.96,12789.48
2023-10-31,4193.8,33052.87,12851.24
2023-11-01,4237.86,33274.58,13061.47
2023-11-02,4317.78,33839.08,13294.19
2023-11-03,4358.34,34061.32,13478.28
2023-11-06,4365.98,34095.86,13518.78
2023-11-07,4378.38,34152.6,13639.86
2023-11-08,4382.78,34112.27,13650.41
2023-11-09,4347.35,33891.94,13521.45
2023-11-10,4415.24,34283.1,13798.11
2023-11-13,4411.55,34337.87,13767.74
2023-11-14,4495.7,34827.7,14094.38
2023-11-15,4502.88,34991.21,14103.84
2023-11-16,4508.24,34945.47,14113.67
2023-11-17,4514.02,34947.28,14125.48
2023-11-20,4547.38,35151.04,14284.53
2023-11-21,4538.19,35088.29,14199.98
2023-11-22,4556.62,35273.03,14265.86
2023-11-23,,,
2023-11-24,4559.34,35390.15,14250.85
2023-11-27,4550.43,35333.47,14241.02
2023-11-28,4554.89,35416.98,14281.76
2023-11-29,4550.58,35430.42,14258.49
2023-11-30,4567.8,35950.89,14226.22
2023-12-01,4594.63,36245.5,14305.03
2023-12-04,4569.78,36204.44,14185.49
2023-12-05,4567.18,36124.56,14229.91
2023-12-06,4549.34,36054.43,14146.71
2023-12-07,4585.59,36117.38,14339.99
2023-12-08,4604.37,36247.87,14403.97
2023-12-11,4622.44,36404.93,14432.49
2023-12-12,4643.7,36577.94,14533.4
2023-12-13,4707.09,37090.24,14733.96
2023-12-14,4719.55,37248.35,14761.56
2023-12-15,4719.19,37305.16,14813.92
2023-12-18,4740.56,37306.02,14905.19
2023-12-19,4768.37,37557.92,15003.22
2023-12-20,4698.35,37082.0,14777.94
2023-12-21,4746.75,37404.35,14963.87
2023-12-22,4754.63,37385.97,14992.97
2023-12-25,,,
2023-12-26,4774.75,37545.33,15074.57
2023-12-27,4781.58,37656.52,15099.18
2023-12-28,4783.35,37710.1,15095.14
2023-12-29,4769.83,37689.54,15011.35
2024-01-02,4742.83,37715.04,14765.94
2024-01-03,4704.81,37430.19,14592.21
2024-01-04,4688.68,37440.34,14510.3
2024-01-05,4697.24,37466.11,14524.07
2024-01-08,4763.54,37683.01,14843.77
2024-01-09,4756.5,37525.16,14857.71
2024-01-10,4783.45,37695.73,14969.65
2024-01-11,4780.24,37711.02,14970.18
2024-01-12,4783.83,37592.98,14972.76
2024-01-15,,,
2024-01-16,4765.98,37361.12,14944.35
2024-01-17,4739.21,37266.67,14855.62
2024-01-18,4780.94,37468.61,15055.65
2024-01-19,4839.81,37863.8,15310.97
2024-01-22,4850.43,38001.81,15360.29
2024-01-23,4864.6,37905.45,15425.94
2024-01-24,4868.55,37806.39,15481.92
2024-01-25,4894.16,38049.13,15510.5
2024-01-26,4890.97,38109.43,15455.36
2024-01-29,4927.93,38333.45,15628.04
2024-01-30,4924.97,38467.31,15509.9
2024-01-31,4845.65,38150.3,15164.01
2024-02-01,4906.19,38519.84,15361.64
2024-02-02,4958.61,38654.42,15628.95
2024-02-05,4942.81,38380.12,15597.68
2024-02-06,4954.23,38521.36,15609.0
2024-02-07,4995.06,38677.36,15756.64
2024-02-08,4997.91,38726.33,15793.71
2024-02-09,5026.61,38671.69,15990.66
2024-02-12,5021.84,38797.38,15942.55
2024-02-13,4953.17,38272.75,15655.6
2024-02-14,5000.62,38424.27,15859.15
2024-02-15,5029.73,38773.12,15906.17
2024-02-16,5005.57,38627.99,15775.65
2024-02-19,,,
2024-02-20,4975.51,38563.8,15630.78
2024-02-21,4981.8,38612.24,15580.87
2024-02-22,5087.03,39069.11,16041.62
2024-02-23,5088.8,39131.53,15996.82
2024-02-26,5069.53,39069.23,15976.25
2024-02-27,5078.18,38972.41,16035.3
2024-02-28,5069.76,38949.02,15947.74
2024-02-29,5096.27,38996.39,16091.92
2024-03-01,5137.08,39087.38,16274.94
2024-03-04,5130.95,38989.83,16207.51
2024-03-05,5078.65,38585.19,15939.59
2024-03-06,5104.76,38661.05,16031.54
2024-03-07,5157.36,38791.35,16273.38
2024-03-08,5123.69,38722.69,16085.11
2024-03-11,5117.94,38769.66,16019.27
2024-03-12,5175.27,39005.49,16265.64
2024-03-13,5165.31,39043.32,16177.77
2024-03-14,5150.48,38905.66,16128.53
2024-03-15,5117.09,38714.77,15973.17
2024-03-18,5149.42,38790.43,16103.45
2024-03-19,5178.51,39110.76,16166.79
2024-03-20,5224.62,39512.13,16369.41
2024-03-21,5241.53,39781.37,16401.84
2024-03-22,5234.18,39475.9,16428.82
2024-03-25,5218.19,39313.64,16384.47
2024-03-26,5203.58,39282.33,16315.7
2024-03-27,5248.49,39760.08,16399.52
2024-03-28,5254.35,39807.37,16379.46
2024-03-29,,,
2024-04-01,5243.77,39566.85,16396.83
2024-04-02,5205.81,39170.24,16240.45
2024-04-03,5211.49,39127.14,16277.46
2024-04-04,5147.21,38596.98,16049.08
2024-04-05,5204.34,38904.04,16248.52
2024-04-08,5202.39,38892.8,16253.96
2024-04-09,5209.91,38883.67,16306.64
2024-04-10,5160.64,38461.51,16170.36
2024-04-11,5199.06,38459.08,16442.2
2024-04-12,5123.41,37983.24,16175.09
2024-04-15,5061.82,37735.11,15885.02
2024-04-16,5051.41,37798.97,15865.25
2024-04-17,5022.21,37753.31,15683.37
2024-04-18,5011.12,37775.38,15601.5
2024-04-19,4967.23,37986.4,15282.01
2024-04-22,5010.6,38239.98,15451.31
2024-04-23,5070.55,38503.69,15696.64
2024-04-24,5071.63,38460.92,15712.75
2024-04-25,5048.42,38085.8,15611.76
2024-04-26,5099.96,38239.66,15927.9
2024-04-29,5116.17,38386.09,15983.08
2024-04-30,5035.69,37815.92,15657.82
2024-05-01,5018.39,37903.29,15605.48
2024-05-02,5064.2,38225.66,15840.96
2024-05-03,5127.79,38675.68,16156.33
2024-05-06,5180.74,38852.27,16349.25
2024-05-07,5187.7,38884.26,16332.56
2024-05-08,5187.67,39056.39,16302.76
2024-05-09,5214.08,39387.76,16346.26
2024-05-10,5222.68,39512.84,16340.87
2024-05-13,5221.42,39431.51,16388.24
2024-05-14,5246.68,39558.11,16511.18
2024-05-15,5308.15,39908.0,16742.39
2024-05-16,5297.1,39869.38,16698.32
2024-05-17,5303.27,40003.59,16685.97
2024-05-20,5308.13,39806.77,16794.88
2024-05-21,5321.41,39872.99,16832.63
2024-05-22,5307.01,39671.04,16801.54
2024-05-23,5267.84,39065.26,16736.03
2024-05-24,5304.72,39069.59,16920.79
2024-05-27,,,
2024-05-28,5306.04,38852.86,17019.88
2024-05-29,5266.95,38441.54,16920.58
2024-05-30,5235.48,38111.48,16737.08
2024-05-31,5277.51,38686.32,16735.02
2024-06-03,5283.4,38571.03,16828.67
2024-06-04,5291.34,38711.29,16857.05
2024-06-05,5354.03,38807.33,17187.9
2024-06-06,5352.96,38886.17,17173.12
2024-06-07,5346.99,38798.99,17133.13
2024-06-10,5360.79,38868.04,17192.53
2024-06-11,5375.32,38747.42,17343.55
2024-06-12,5421.03,38712.21,17608.44
2024-06-13,5433.74,38647.1,17667.56
2024-06-14,5431.6,38589.16,17688.88
2024-06-17,5473.23,38778.1,17857.02
2024-06-18,5487.03,38834.86,17862.23
2024-06-19,,,
2024-06-20,5473.17,39134.76,17721.59
2024-06-21,5464.62,39150.33,17689.36
2024-06-24,5447.87,39411.21,17496.82
2024-06-25,5469.3,39112.16,17717.65
2024-06-26,5477.9,39127.8,17805.16
2024-06-27,5482.87,39164.06,17858.68
2024-06-28,5460.48,39118.86,17732.6
2024-07-01,5475.09,39169.52,17879.3
2024-07-02,5509.01,39331.85,18028.76
2024-07-03,5537.02,39308.0,18188.3
2024-07-04,,,
2024-07-05,5567.19,39375.87,18352.76
2024-07-08,5572.85,39344.79,18403.74
2024-07-09,5576.98,39291.97,18429.29
2024-07-10,5633.91,39721.36,18647.45
2024-07-11,5584.54,39753.75,18283.41
2024-07-12,5615.35,40000.9,18398.45
2024-07-15,5631.22,40211.72,18472.57
2024-07-16,5667.2,40954.48,18509.34
2024-07-17,5588.27,41198.08,17996.92
2024-07-18,5544.59,40665.02,17871.22
2024-07-19,5505.0,40287.53,17726.94
2024-07-22,5564.41,40415.44,18007.57
2024-07-23,5555.74,40358.09,17997.35
2024-07-24,5427.13,39853.87,17342.41
2024-07-25,5399.22,39935.07,17181.72
2024-07-26,5459.1,40589.34,17357.88
2024-07-29,5463.54,40539.93,17370.2
2024-07-30,5436.44,40743.33,17147.42
2024-07-31,5522.3,40842.79,17599.4
2024-08-01,5446.68,40347.97,17194.14
2024-08-02,5346.56,39737.26,16776.16
2024-08-05,5186.33,38703.27,16200.08
2024-08-06,5240.03,38997.66,16366.85
2024-08-07,5199.5,38763.45,16195.81
2024-08-08,5319.31,39446.49,16660.02
2024-08-09,5344.16,39497.54,16745.3
2024-08-12,5344.39,39357.01,16780.61
2024-08-13,5434.43,39765.64,17187.61
2024-08-14,5455.21,40008.39,17192.6
2024-08-15,5543.22,40563.06,17594.5
2024-08-16,5554.25,40659.76,17631.72
2024-08-19,5608.25,40896.53,17876.77
2024-08-20,5597.12,40834.97,17816.94
2024-08-21,5620.85,40890.49,17918.99
2024-08-22,5570.64,40712.78,17619.35
2024-08-23,5634.61,41175.08,17877.79
2024-08-26,5616.84,41240.52,17725.77
2024-08-27,5625.8,41250.5,17754.82
2024-08-28,5592.18,41091.42,17556.03
2024-08-29,5591.96,41335.05,17516.43
2024-08-30,5648.4,41563.08,17713.62
2024-09-02,,,
2024-09-03,5528.93,40936.93,17136.3
2024-09-04,5520.07,40974.97,17084.3
2024-09-05,5503.41,40755.75,17127.66
2024-09-06,5408.42,40345.41,16690.83
2024-09-09,5471.05,40829.59,16884.6
2024-09-10,5495.52,40736.96,17025.88
2024-09-11,5554.13,40861.71,17395.53
2024-09-12,5595.76,41096.77,17569.68
2024-09-13,5626.02,41393.78,17683.98
2024-09-16,5633.09,41622.08,17592.13
2024-09-17,5634.58,41606.18,17628.06
2024-09-18,5618.26,41503.1,17573.3
2024-09-19,5713.64,42025.19,18013.98
2024-09-20,5702.55,42063.36,17948.32
2024-09-23,5718.57,42124.65,17974.27
2024-09-24,5732.93,42208.22,18074.52
2024-09-25,5722.26,41914.75,18082.21
2024-09-26,5745.37,42175.11,18190.29
2024-09-27,5738.17,42313.0,18119.59
2024-09-30,5762.48,42330.15,18189.17
2024-10-01,5708.75,42156.97,17910.36
2024-10-02,5709.54,42196.52,17925.12
2024-10-03,5699.94,42011.59,17918.47
2024-10-04,5751.07,42352.75,18137.85
2024-10-07,5695.94,41954.24,17923.9
2024-10-08,5751.13,42080.37,18182.92
2024-10-09,5792.04,42512.0,18291.62
2024-10-10,5780.05,42454.12,18282.05
2024-10-11,5815.03,42863.86,18342.94
2024-10-14,5859.85,43065.22,18502.69
2024-10-15,5815.26,42740.42,18315.59
2024-10-16,5842.47,43077.7,18367.08
2024-10-17,5841.47,43239.05,18373.61
2024-10-18,5864.67,43275.91,18489.55
2024-10-21,5853.98,42931.6,18540.01
2024-10-22,5851.2,42924.89,18573.13
2024-10-23,5797.42,42514.95,18276.65
2024-10-24,5809.86,42374.36,18415.49
2024-10-25,5808.12,42114.4,18518.61
2024-10-28,5823.52,42387.57,18567.19
2024-10-29,5832.92,42233.05,18712.75
2024-10-30,5813.67,42141.54,18607.93
2024-10-31,5705.45,41763.46,18095.15
2024-11-01,5728.8,42052.19,18239.92
2024-11-04,5712.69,41794.6,18179.98
2024-11-05,5782.76,42221.88,18439.17
2024-11-06,5929.04,43729.93,18983.46
2024-11-07,5973.1,43729.34,19269.46
2024-11-08,5995.54,43988.99,19286.78
2024-11-11,6001.35,44293.13,19298.76
2024-11-12,5983.99,43910.98,19281.4
2024-11-13,5985.38,43958.19,19230.72
2024-11-14,5949.17,43750.86,19107.65
2024-11-15,5870.62,43444.99,18680.12
2024-11-18,5893.62,43389.6,18791.81
2024-11-19,5916.98,43268.94,18987.47
2024-11-20,5917.11,43408.47,18966.14
2024-11-21,5948.71,43870.35,18972.42
2024-11-22,5969.34,44296.51,19003.65
2024-11-25,5987.37,44736.57,19054.84
2024-11-26,6021.63,44860.31,19175.58
2024-11-27,5998.74,44722.06,19060.48
2024-11-28,,,
2024-11-29,6032.38,44910.65,19218.17
2024-12-02,6047.15,44782.0,19403.95
2024-12-03,6049.88,44705.53,19480.91
2024-12-04,6086.49,45014.04,19735.12
2024-12-05,6075.11,44765.71,19700.72
2024-12-06,6090.27,44642.52,19859.77
2024-12-09,6052.85,44401.93,19736.69
2024-12-10,6034.91,44247.83,19687.24
2024-12-11,6084.19,44148.56,20034.89
2024-12-12,6051.25,43914.12,19902.84
2024-12-13,6051.09,43828.06,19926.72
2024-12-16,6074.08,43717.48,20173.89
2024-12-17,6050.61,43449.9,20109.06
2024-12-18,5872.16,42326.87,19392.69
2024-12-19,5867.08,42342.24,19372.77
2024-12-20,5930.85,42840.26,19572.6
2024-12-23,5974.07,42906.95,19764.88
2024-12-24,6040.04,43297.03,20031.13
2024-12-25,,,
2024-12-26,6037.59,43325.8,20020.36
2024-12-27,5970.84,42992.21,19722.03
2024-12-30,5906.94,42573.73,19486.79
2024-12-31,5881.63,42544.22,19310.79
2025-01-02,5868.55,42392.27,19280.79
2025-01-03,5942.47,42732.13,19621.68
2025-01-06,5975.38,42706.56,19864.98
2025-01-07,5909.03,42528.36,19489.68
2025-01-08,5918.25,42635.2,19478.88
2025-01-09,,,
2025-01-10,5827.04,41938.45,19161.63
2025-01-13,5836.22,42297.12,19088.1
2025-01-14,5842.91,42518.28,19044.39
2025-01-15,5949.91,43221.55,19511.23
2025-01-16,5937.34,43153.13,19338.29
2025-01-17,5996.66,43487.83,19630.2
2025-01-20,,,
2025-01-21,6049.24,44025.81,19756.78
2025-01-22,6086.37,44156.73,20009.34
2025-01-23,6118.71,44565.07,20053.68
2025-01-24,6101.24,44424.25,19954.3
2025-01-27,6012.28,44713.58,19341.83
2025-01-28,6067.7,44850.35,19733.59
2025-01-29,6039.31,44713.52,19632.32
2025-01-30,6071.17,44882.13,19681.75
2025-01-31,6040.53,44544.66,19627.44
2025-02-03,5994.57,44421.91,19391.96
2025-02-04,6037.88,44556.04,19654.02
2025-02-05,6061.48,44873.28,19692.33
2025-02-06,6083.57,44747.63,19791.99
2025-02-07,6025.99,44303.4,19523.4
2025-02-10,6066.44,44470.41,19714.27
2025-02-11,6068.5,44593.65,19643.86
2025-02-12,6051.97,44368.56,19649.95
2025-02-13,6115.07,44711.43,19945.64
2025-02-14,6114.63,44546.08,20026.77
2025-02-17,,,
2025-02-18,6129.58,44556.34,20041.26
2025-02-19,6144.15,44627.59,20056.25
2025-02-20,6117.52,44176.65,19962.36
2025-02-21,6013.13,43428.02,19524.01
2025-02-24,5983.25,43461.21,19286.93
2025-02-25,5955.25,43621.16,19026.39
2025-02-26,5956.06,43433.12,19075.26
2025-02-27,5861.57,43239.5,18544.42
2025-02-28,5954.5,43840.91,18847.28
2025-03-03,5849.72,43191.24,18350.19
2025-03-04,5778.15,42520.99,18285.16
2025-03-05,5842.63,43006.59,18552.73
2025-03-06,5738.52,42579.08,18069.26
2025-03-07,5770.2,42801.72,18196.22
2025-03-10,5614.56,41911.71,17468.32
2025-03-11,5572.07,41433.48,17436.1
2025-03-12,5599.3,41350.93,17648.45
2025-03-13,5521.52,40813.57,17303.01
2025-03-14,5638.94,41488.19,17754.09
2025-03-17,5675.12,41841.63,17808.66
2025-03-18,5614.66,41581.31,17504.12
2025-03-19,5675.29,41964.63,17750.79
2025-03-20,5662.89,41953.32,17691.63
2025-03-21,5667.56,41985.35,17784.05
2025-03-24,5767.57,42583.32,18188.59
2025-03-25,5776.65,42587.5,18271.86
2025-03-26,5712.2,42454.79,17899.02
2025-03-27,5693.31,42299.7,17804.03
2025-03-28,5580.94,41583.9,17322.99
2025-03-31,5611.85,42001.76,17299.29
2025-04-01,5633.07,41989.96,17449.89
2025-04-02,5670.97,42225.32,17601.05
2025-04-03,5396.52,40545.93,16550.61
2025-04-04,5074.08,38314.86,15587.79
2025-04-07,5062.25,37965.6,15603.26
2025-04-08,4982.77,37645.59,15267.91
2025-04-09,5456.9,40608.45,17124.97
2025-04-10,5268.05,39593.66,16387.31
2025-04-11,5363.36,40212.71,16724.46
2025-04-14,5405.97,40524.79,16831.48
2025-04-15,5396.63,40368.96,16823.17
2025-04-16,5275.7,39669.39,16307.16
2025-04-17,5282.7,39142.23,16286.45
2025-04-18,,,
2025-04-21,5158.2,38170.41,15870.9
2025-04-22,5287.76,39186.98,16300.42
2025-04-23,5375.86,39606.57,16708.05
2025-04-24,5484.77,40093.4,17166.04
2025-04-25,5525.21,40113.5,17382.94
2025-04-28,5528.75,40227.59,17366.13
2025-04-29,5560.83,40527.62,17461.32
2025-04-30,5569.06,40669.36,17446.34
2025-05-01,5604.14,40752.96,17710.74
2025-05-02,5686.67,41317.43,17977.73
2025-05-05,5650.38,41218.83,17844.24
2025-05-06,5606.91,40829.0,17689.66
2025-05-07,5631.28,41113.97,17738.16
2025-05-08,5663.94,41368.45,17928.14
2025-05-09,5659.91,41249.38,17928.92
2025-05-12,5844.19,42410.1,18708.34
2025-05-13,5886.55,42140.43,19010.08
2025-05-14,5892.58,42051.06,19146.81
2025-05-15,5916.93,42322.75,19112.32
2025-05-16,5958.38,42654.74,19211.1
2025-05-19,5963.6,42792.07,19215.46
2025-05-20,5940.46,42677.24,19142.71
2025-05-21,5844.61,41860.44,18872.64
2025-05-22,5842.01,41859.09,18925.73
2025-05-23,5802.82,41603.07,18737.21
2025-05-26,,,
2025-05-27,5921.54,42343.65,19199.16
2025-05-28,5888.55,42098.7,19100.94
2025-05-29,5912.17,42215.73,19175.87
2025-05-30,5911.69,42270.07,19113.77
2025-06-02,5935.94,42305.48,19242.61
2025-06-03,5970.37,42519.64,19398.96
2025-06-04,5970.81,42427.74,19460.49
2025-06-05,5939.3,42319.74,19298.45
2025-06-06,6000.36,42762.87,19529.95
2025-06-09,6005.88,42761.76,19591.24
2025-06-10,6038.81,42866.87,19714.99
2025-06-11,6022.24,42865.77,19615.88
2025-06-12,6045.26,42967.62,19662.48
2025-06-13,5976.97,42197.79,19406.83
2025-06-16,6033.11,42515.09,19701.21
2025-06-17,5982.72,42215.8,19521.09
2025-06-18,5980.87,42171.66,19546.27
2025-06-19,,,
2025-06-20,5967.84,42206.82,19447.41
2025-06-23,6025.17,42581.78,19630.97
2025-06-24,6092.18,43089.02,19912.53
2025-06-25,6092.16,42982.43,19973.55
2025-06-26,6141.02,43386.84,20167.91
2025-06-27,6173.07,43819.27,20273.46
2025-06-30,6204.95,44094.77,20369.73
2025-07-01,6198.01,44494.94,20202.89
2025-07-02,6227.42,44484.42,20393.13
2025-07-03,6279.35,44828.53,20601.1
2025-07-04,,,
2025-07-07,6229.98,44406.36,20412.52
2025-07-08,6225.52,44240.76,20418.46
2025-07-09,6263.26,44458.3,20611.34
2025-07-10,6280.46,44650.64,20630.66
2025-07-11,6259.75,44371.51,20585.53
2025-07-14,6268.56,44459.65,20640.33
2025-07-15,6243.76,44023.29,20677.8
2025-07-16,6263.7,44254.78,20730.49
2025-07-17,6297.36,44484.49,20885.65
2025-07-18,6296.79,44342.19,20895.66
2025-07-21,6305.6,44323.07,20974.17
2025-07-22,6309.62,44502.44,20892.69
2025-07-23,6358.91,45010.29,21020.02
2025-07-24,6363.35,44693.91,21057.96
2025-07-25,6388.64,44901.92,21108.32
2025-07-28,6389.77,44837.56,21178.58
2025-07-29,6370.86,44632.99,21098.29
2025-07-30,6362.9,44461.28,21129.67
2025-07-31,6339.39,44130.98,21122.45
2025-08-01,6238.01,43588.58,20650.13
2025-08-04,6329.94,44173.64,21053.58
2025-08-05,6299.19,44111.74,20916.55
2025-08-06,6345.06,44193.12,21169.42
2025-08-07,6340.0,43968.64,21242.7
2025-08-08,6389.45,44175.61,21450.02
2025-08-11,6373.45,43975.09,21385.4
2025-08-12,6445.76,44458.61,21681.9
2025-08-13,6466.58,44922.27,21713.14
2025-08-14,6468.54,44911.26,21710.67
2025-08-15,6449.8,44946.12,21622.98
2025-08-18,6449.15,44911.82,21629.77
2025-08-19,6411.37,44922.27,21314.95
2025-08-20,6395.78,44938.31,21172.86
2025-08-21,6370.17,44785.5,21100.31
2025-08-22,6466.91,45631.74,21496.54
2025-08-25,6439.32,45282.47,21449.29
2025-08-26,6465.94,45418.07,21544.27
2025-08-27,6481.4,45565.23,21590.14
2025-08-28,6501.86,45636.9,21705.16
2025-08-29,6460.26,45544.88,21455.55
2025-09-01,,,
2025-09-02,6415.54,45295.81,21279.63
2025-09-03,6448.26,45271.23,21497.73
2025-09-04,6502.08,45621.29,21707.69
2025-09-05,6481.5,45400.86,21700.39
2025-09-08,6495.15,45514.95,21798.7
2025-09-09,6512.61,45711.34,21879.49
2025-09-10,6532.04,45490.92,21886.06
2025-09-11,6587.47,46108.0,22043.07
2025-09-12,6584.29,45834.22,22141.1
2025-09-15,6615.28,45883.45,22348.75
2025-09-16,6606.76,45757.9,22333.96
2025-09-17,6600.35,46018.32,22261.33
2025-09-18,6631.96,46142.42,22470.72
2025-09-19,6664.36,46315.27,22631.48
2025-09-22,6693.75,46381.54,22788.98
2025-09-23,6656.92,46292.78,22573.47
2025-09-24,6637.97,46121.28,22497.86
2025-09-25,6604.72,45947.32,22384.7
2025-09-26,6643.7,46247.29,22484.07
2025-09-29,6661.21,46316.07,22591.15
2025-09-30,6688.46,46397.89,22660.01
2025-10-01,6711.2,46441.1,22755.16
2025-10-02,6715.35,46519.72,22844.05
2025-10-03,6715.79,46758.28,22780.51
2025-10-06,6740.28,46694.97,22941.67
2025-10-07,6714.59,46602.98,22788.36
2025-10-08,6753.72,46601.78,23043.38
2025-10-09,6735.11,46358.42,23024.63
2025-10-10,6552.51,45479.6,22204.43
2025-10-13,6654.72,46067.58,22694.61
2025-10-14,6644.31,46270.46,22521.7
2025-10-15,6671.06,46253.31,22670.08
2025-10-16,6629.07,45952.24,22562.54
2025-10-17,6664.01,46190.61,22679.97
2025-10-20,6735.13,46706.58,22990.54
2025-10-21,6735.35,46924.74,22953.67
2025-10-22,6699.4,46590.41,22740.4
2025-10-23,6738.44,46734.61,22941.8
2025-10-24,6791.69,47207.12,23204.87
2025-10-27,6875.16,47544.59,23637.46
2025-10-28,6890.89,47706.37,23827.49
2025-10-29,6890.59,47632.0,23958.47
2025-10-30,6822.34,47522.12,23581.14
2025-10-31,6840.2,47562.87,23724.96
2025-11-03,6851.97,47336.68,23834.72
2025-11-04,6771.55,47085.24,23348.64
2025-11-05,6796.29,47311.0,23499.8
2025-11-06,6720.32,46912.3,23053.99
2025-11-07,6728.8,46987.1,23004.54
2025-11-10,6832.43,47368.63,23527.17
2025-11-11,6846.61,47927.96,23468.3
2025-11-12,6850.92,48254.82,23406.46
2025-11-13,6737.49,47457.22,22870.36
2025-11-14,6734.11,47147.48,22900.59
2025-11-17,6672.41,46590.24,22708.07
2025-11-18,6617.32,46091.74,22432.85
2025-11-19,6642.16,46138.77,22564.23
2025-11-20,6538.76,45752.26,22078.05
2025-11-21,6602.99,46245.41,22273.08
2025-11-24,6705.12,46448.27,22872.01
2025-11-25,6765.88,47112.45,23025.59
2025-11-26,6812.61,47427.12,23214.69
2025-11-27,,,
2025-11-28,6849.09,47716.42,23365.69
2025-12-01,6812.63,47289.33,23275.92
2025-12-02,6829.37,47474.46,23413.67
2025-12-03,6849.72,47882.9,23454.09
2025-12-04,6857.12,47850.94,23505.14
2025-12-05,6870.4,47954.99,23578.13
2025-12-08,6846.51,47739.32,23545.9
2025-12-09,6840.51,47560.29,23576.49
2025-12-10,6886.68,48057.75,23654.15
2025-12-11,6901.0,48704.01,23593.86
2025-12-12,6827.41,48458.05,23195.17
2025-12-15,6816.51,48416.56,23057.41
2025-12-16,6800.26,48114.26,23111.46
2025-12-17,6721.43,47885.97,22693.32
2025-12-18,6774.76,47951.85,23006.36
2025-12-19,6834.5,48134.89,23307.62
2025-12-22,6878.49,48362.68,23428.83
2025-12-23,6909.79,48442.41,23561.84
2025-12-24,6932.05,48731.16,23613.31
2025-12-25,,,
2025-12-26,6929.94,48710.97,23593.1
2025-12-29,6905.74,48461.93,23474.35
2025-12-30,6896.24,48367.06,23419.08
2025-12-31,6845.5,48063.29,23241.99
