Date,KOSPI,Nikkei225,HangSeng
1990-01-02,,,2838.07
1990-01-03,908.59,,2858.72
1990-01-04,928.82,38712.88,2867.95
1990-01-05,915.11,38274.76,2839.94
1990-01-06,912.86,,
1990-01-08,919.46,38294.96,2816.24
1990-01-09,920.21,37951.46,2822.16
1990-01-10,911.48,37696.51,2868.0
1990-01-11,903.27,38170.13,2855.52
1990-01-12,903.11,37516.77,2835.94
1990-01-13,893.47,,
1990-01-15,883.04,,2786.69
1990-01-16,883.43,36850.36,2751.79
1990-01-17,874.41,36821.14,2754.84
1990-01-18,874.81,36729.46,2771.67
1990-01-19,868.2,36836.54,2776.29
1990-01-20,872.97,,
1990-01-22,898.89,37257.01,2771.65
1990-01-23,890.52,37378.02,2762.45
1990-01-24,903.58,36778.98,2756.39
1990-01-25,905.75,36969.11,2768.86
1990-01-26,,36874.07,
1990-01-29,897.32,37173.7,2768.86
1990-01-30,888.47,37215.67,2760.8
1990-01-31,896.16,37188.95,2751.6
1990-02-01,885.83,37206.42,2738.24
1990-02-02,878.15,37650.15,2736.55
1990-02-03,874.92,,
1990-02-05,877.45,37631.41,2756.67
1990-02-06,886.86,37666.83,2792.89
1990-02-07,880.39,37301.87,2844.89
1990-02-08,882.52,37516.24,2903.77
1990-02-09,879.1,37288.14,2893.9
1990-02-10,873.59,,
1990-02-12,867.05,,2894.66
1990-02-13,866.57,37107.03,2863.55
1990-02-14,872.63,37155.89,2870.43
1990-02-15,874.09,37471.99,2910.04
1990-02-16,872.5,37460.32,2939.25
1990-02-17,866.93,,
1990-02-19,859.24,37222.6,2968.0
1990-02-20,856.64,36895.52,2980.9
1990-02-21,853.04,35734.33,2862.27
1990-02-22,853.45,35826.84,2927.92
1990-02-23,850.84,34890.97,2894.31
1990-02-24,845.25,,
1990-02-26,833.81,33321.87,2872.63
1990-02-27,859.83,33897.95,2932.62
1990-02-28,861.59,34591.99,2951.98
1990-03-01,,33829.58,2933.13
1990-03-02,884.07,34057.56,2937.93
1990-03-03,881.44,,
1990-03-05,865.22,33845.2,2938.68
1990-03-06,857.58,33791.08,2933.23
1990-03-07,847.46,33362.34,2926.45
1990-03-08,847.77,33690.89,2915.73
1990-03-09,852.7,33993.12,2912.67
1990-03-12,850.65,33368.23,2892.98
1990-03-13,841.56,32620.57,2887.62
1990-03-14,838.19,32352.13,2881.23
1990-03-15,835.59,32671.64,2892.81
1990-03-16,842.27,32616.44,2886.46
1990-03-17,835.13,,
1990-03-19,839.42,31263.24,2871.39
1990-03-20,849.98,30807.19,2880.03
1990-03-21,849.91,,2926.92
1990-03-22,845.96,29843.34,2948.67
1990-03-23,841.79,30372.16,2974.16
1990-03-24,837.4,,
1990-03-26,834.54,31840.49,3014.02
1990-03-27,827.92,31825.96,3010.85
1990-03-28,819.04,31263.57,2990.7
1990-03-29,824.59,31026.16,3000.52
1990-03-30,845.98,29980.45,2997.98
1990-03-31,840.89,,
1990-04-02,838.29,28002.07,2934.7
1990-04-03,836.63,28759.72,2962.45
1990-04-04,828.98,28442.94,2960.88
1990-04-05,,28249.06,
1990-04-06,831.73,29278.78,2956.12
1990-04-07,819.3,,
1990-04-09,816.78,30397.93,2954.74
1990-04-10,810.76,29624.68,2942.33
1990-04-11,813.66,29440.28,2959.98
1990-04-12,806.86,29623.2,2995.69
1990-04-13,803.15,29213.92,
1990-04-14,793.14,,
1990-04-16,777.0,28463.18,
1990-04-17,796.56,28461.6,3020.44
1990-04-18,781.53,29249.06,3052.35
1990-04-19,768.31,29945.41,3067.67
1990-04-20,767.45,29835.44,3067.3
1990-04-21,780.04,,
1990-04-23,774.4,29679.07,3056.86
1990-04-24,768.47,29501.38,3015.84
1990-04-25,755.07,29564.36,3018.58
1990-04-26,726.11,29424.58,3009.34
1990-04-27,748.86,29584.8,2986.33
1990-04-28,720.37,,
1990-04-30,688.66,,2950.09
1990-05-01,718.45,29689.83,2945.18
1990-05-02,,30173.64,2957.76
1990-05-03,750.82,,2954.61
1990-05-04,782.33,,2946.97
1990-05-07,791.56,30956.27,2958.91
1990-05-08,796.54,30970.58,2953.58
1990-05-09,793.36,30945.61,2942.27
1990-05-10,771.76,30980.26,2985.42
1990-05-11,762.27,31512.14,2960.46
1990-05-12,749.08,,
1990-05-14,734.42,32042.65,2976.44
1990-05-15,724.76,31997.04,2965.09
1990-05-16,756.87,31967.62,2948.89
1990-05-17,773.43,32061.6,2917.63
1990-05-18,766.15,32013.72,2925.89
1990-05-19,765.16,,
1990-05-21,770.28,31765.05,2930.83
1990-05-22,785.93,31938.3,2970.87
1990-05-23,787.91,32176.51,3028.31
1990-05-24,785.79,32311.75,3048.01
1990-05-25,790.73,32793.88,3059.5
1990-05-26,783.74,,
1990-05-28,778.23,33191.61,
1990-05-29,783.87,32817.67,3048.55
1990-05-30,789.89,32926.26,3083.35
1990-05-31,797.95,33130.8,3132.32
1990-06-01,803.64,32891.12,3159.17
1990-06-02,804.85,,
1990-06-04,814.4,32925.37,3153.22
1990-06-05,807.97,32921.62,3159.06
1990-06-06,,32953.5,3172.49
1990-06-07,804.09,33192.5,3145.3
1990-06-08,804.47,32993.29,3174.33
1990-06-09,799.12,,
1990-06-11,786.35,32540.18,3154.99
1990-06-12,784.97,32322.31,3203.0
1990-06-13,780.56,32371.77,3185.14
1990-06-14,772.2,32668.11,3191.55
1990-06-15,770.77,32538.4,3201.52
1990-06-16,774.07,,
1990-06-18,756.39,32376.8,
1990-06-19,749.61,32040.38,3229.02
1990-06-20,740.84,32087.76,3234.39
1990-06-21,743.17,32087.27,3246.21
1990-06-22,747.37,31694.57,3250.44
1990-06-23,747.12,,
1990-06-25,739.8,31124.19,3276.44
1990-06-26,736.42,31571.77,3292.35
1990-06-27,740.01,32312.75,3284.47
1990-06-28,732.64,32106.19,3273.28
1990-06-29,720.0,31940.24,3278.24
1990-06-30,706.79,,
1990-07-02,713.18,32160.23,3319.47
1990-07-03,745.04,32414.6,3356.55
1990-07-04,735.3,32445.92,3363.49
1990-07-05,723.1,32351.67,3356.44
1990-07-06,716.17,32445.12,3357.61
1990-07-07,713.41,,
1990-07-09,715.28,32538.28,3385.15
1990-07-10,718.75,32152.43,3408.16
1990-07-11,711.0,32294.18,3440.93
1990-07-12,701.91,32575.32,3468.59
1990-07-13,688.78,32644.37,3507.16
1990-07-14,689.19,,
1990-07-16,683.01,33021.73,3488.85
1990-07-17,,33172.28,3463.94
1990-07-18,698.01,33048.11,3528.29
1990-07-19,693.44,33055.62,3523.58
1990-07-20,694.64,32421.52,3540.43
1990-07-21,686.69,,
1990-07-23,681.38,31894.79,3559.89
1990-07-24,679.67,31702.46,3495.87
1990-07-25,685.27,31701.27,3520.54
1990-07-26,676.83,31369.75,3483.59
1990-07-27,673.16,30863.48,3485.8
1990-07-28,678.74,,
1990-07-30,673.8,30442.95,3445.41
1990-07-31,678.38,31035.66,3438.49
1990-08-01,690.21,30837.99,3468.64
1990-08-02,688.28,30245.18,3415.18
1990-08-03,678.37,29515.76,3356.95
1990-08-04,671.42,,
1990-08-06,661.4,28599.53,3107.98
1990-08-07,655.88,27653.07,3098.69
1990-08-08,646.03,28509.14,3145.57
1990-08-09,648.95,27615.73,3091.12
1990-08-10,658.94,27329.55,3078.97
1990-08-11,655.89,,
1990-08-13,645.86,26176.43,3040.28
1990-08-14,632.3,26672.53,3067.53
1990-08-15,,28112.12,3178.27
1990-08-16,625.03,27549.44,3183.29
1990-08-17,623.9,26786.72,3122.64
1990-08-18,628.07,,
1990-08-20,621.33,26490.47,3052.84
1990-08-21,610.47,26297.84,3040.0
1990-08-22,607.16,25210.91,2954.93
1990-08-23,603.62,23737.63,2871.41
1990-08-24,594.23,24165.76,2918.01
1990-08-25,587.38,,
1990-08-27,614.29,25141.76,
1990-08-28,642.42,25710.76,3078.94
1990-08-29,647.77,24894.79,3015.95
1990-08-30,626.85,25669.96,3064.19
1990-08-31,606.87,25978.37,3087.5
1990-09-01,609.01,,
1990-09-03,635.37,25420.43,3066.81
1990-09-04,632.34,24907.64,3054.16
1990-09-05,625.0,24078.34,3039.69
1990-09-06,616.29,23811.91,3032.85
1990-09-07,613.08,23962.07,3047.91
1990-09-08,612.57,,
1990-09-10,612.63,25080.9,3087.74
1990-09-11,613.49,24604.66,3083.57
1990-09-12,610.88,25216.14,3105.04
1990-09-13,608.04,25075.08,3093.97
1990-09-14,603.52,24897.46,3062.04
1990-09-15,590.62,,
1990-09-17,566.27,24365.6,3019.87
1990-09-18,589.42,23884.82,2996.66
1990-09-19,592.8,23726.17,2980.95
1990-09-20,585.19,23602.98,2984.54
1990-09-21,584.6,23777.83,2931.86
1990-09-22,584.94,,
1990-09-24,587.39,,2861.77
1990-09-25,593.77,23359.32,2807.5
1990-09-26,594.04,22250.62,2778.74
1990-09-27,593.45,21771.91,2767.95
1990-09-28,597.67,20983.5,2760.82
1990-09-29,602.88,,
1990-10-01,,20221.86,2791.26
1990-10-02,,22898.41,2905.48
1990-10-03,,22849.39,2862.55
1990-10-04,,22278.19,
1990-10-05,624.13,22827.65,2850.45
1990-10-06,616.47,,
1990-10-08,614.06,23630.0,2925.48
1990-10-09,,23495.11,2913.52
1990-10-10,617.12,,2872.41
1990-10-11,621.93,22585.63,2884.41
1990-10-12,635.74,22390.16,2915.26
1990-10-13,626.95,,
1990-10-15,646.39,23109.2,2916.38
1990-10-16,638.29,23606.1,2949.57
1990-10-17,653.96,23859.36,2958.54
1990-10-18,666.56,24367.08,2950.52
1990-10-19,696.01,24481.49,2991.95
1990-10-20,710.44,,
1990-10-22,733.37,25070.86,3015.56
1990-10-23,765.55,25298.3,3081.23
1990-10-24,796.77,24876.88,3042.08
1990-10-25,767.06,25352.63,3050.88
1990-10-26,735.05,25005.64,
1990-10-27,733.05,,
1990-10-29,720.89,25329.31,3063.53
1990-10-30,711.49,25242.4,3011.65
1990-10-31,690.16,25194.1,2990.96
1990-11-01,717.47,24295.16,2968.74
1990-11-02,709.96,24194.99,2978.92
1990-11-03,710.96,,
1990-11-05,707.61,24385.33,2967.24
1990-11-06,702.93,23965.75,2966.71
1990-11-07,720.96,23500.25,2955.19
1990-11-08,707.24,22969.81,2932.44
1990-11-09,703.81,22931.8,2932.92
1990-11-10,697.59,,
1990-11-12,701.53,,2949.56
1990-11-13,710.06,23973.67,2998.97
1990-11-14,704.89,23937.44,3006.82
1990-11-15,701.45,23487.48,2990.47
1990-11-16,697.46,23171.63,3008.66
1990-11-17,691.69,,
1990-11-19,680.04,23518.16,3042.58
1990-11-20,674.25,23205.48,3031.92
1990-11-21,671.7,22816.99,3013.66
1990-11-22,679.83,23400.28,3023.08
1990-11-23,679.99,,3016.06
1990-11-24,678.92,,
1990-11-26,680.56,23762.86,2995.52
1990-11-27,687.27,23623.51,2998.94
1990-11-28,699.76,23053.88,2986.39
1990-11-29,692.55,22712.6,2978.35
1990-11-30,697.03,22454.63,2965.06
1990-12-01,708.56,,
1990-12-03,717.62,22725.99,3020.17
1990-12-04,708.9,21862.61,3020.84
1990-12-05,718.84,22193.72,3066.23
1990-12-06,717.82,22553.1,3126.79
1990-12-07,730.96,23522.49,3163.69
1990-12-08,733.73,,
1990-12-10,735.33,23784.67,3149.13
1990-12-11,725.56,23956.97,3144.62
1990-12-12,724.51,23999.41,3160.79
1990-12-13,712.82,24642.97,3150.12
1990-12-14,710.06,24349.5,3125.69
1990-12-15,705.49,,
1990-12-17,706.04,24087.91,3051.92
1990-12-18,706.08,24424.02,3066.65
1990-12-19,697.54,24876.78,3083.44
1990-12-20,698.04,24524.94,3078.21
1990-12-21,708.24,24119.6,3079.67
1990-12-22,705.63,,
1990-12-24,693.76,,3060.95
1990-12-25,,23767.88,
1990-12-26,696.11,23887.56,
1990-12-27,,23940.7,3066.71
1990-12-28,,23848.71,3053.73
1990-12-31,,,3024.55
1991-01-02,,,3031.34
1991-01-03,679.75,,3004.88
1991-01-04,697.62,24069.18,3046.61
1991-01-05,698.45,,
1991-01-07,676.65,23736.57,3026.52
1991-01-08,659.68,22897.84,3009.42
1991-01-09,660.39,22969.27,3027.6
1991-01-10,635.46,23047.36,3035.53
1991-01-11,627.7,23241.02,3058.37
1991-01-12,649.19,,
1991-01-14,652.25,23213.23,3037.62
1991-01-15,624.62,,3000.82
1991-01-16,613.34,22442.7,2984.01
1991-01-17,641.42,23446.81,3087.83
1991-01-18,667.35,23808.3,3072.17
1991-01-19,663.1,,
1991-01-21,636.91,23352.19,3066.98
1991-01-22,632.92,23253.65,3062.08
1991-01-23,625.22,23050.1,3090.4
1991-01-24,638.02,23269.01,3140.5
1991-01-25,632.95,23573.25,3206.36
1991-01-26,632.2,,
1991-01-28,633.93,23569.44,3198.29
1991-01-29,635.65,23460.12,3192.9
1991-01-30,638.09,23409.61,3200.89
1991-01-31,635.4,23293.14,3243.3
1991-02-01,632.53,23156.7,3223.49
1991-02-02,634.72,,
1991-02-04,632.79,23287.36,3250.43
1991-02-05,631.93,23821.57,3345.41
1991-02-06,635.66,23952.04,3365.46
1991-02-07,634.31,24104.43,3333.98
1991-02-08,628.85,24296.08,3359.09
1991-02-09,631.27,,
1991-02-11,629.57,,3394.08
1991-02-12,648.11,24935.01,3395.0
1991-02-13,644.91,25139.47,3412.66
1991-02-14,,25356.37,
1991-02-15,,25343.74,
1991-02-18,674.09,26230.01,3473.42
1991-02-19,669.45,26166.98,3467.84
1991-02-20,669.91,26198.79,3492.16
1991-02-21,672.1,26024.37,3477.61
1991-02-22,676.1,25902.81,3475.34
1991-02-23,685.39,,
1991-02-25,692.8,26462.76,3520.45
1991-02-26,677.27,26282.96,3532.43
1991-02-27,671.71,26094.25,3512.79
1991-02-28,675.57,26409.22,3552.14
1991-03-01,,25881.57,3552.37
1991-03-02,677.55,,
1991-03-04,670.42,25976.02,3564.34
1991-03-05,669.83,25913.48,3600.49
1991-03-06,676.37,26382.99,3647.33
1991-03-07,674.87,26397.96,3658.24
1991-03-08,675.94,26607.52,3653.19
1991-03-09,681.73,,
1991-03-11,681.38,26669.37,3669.03
1991-03-12,683.83,26727.42,3658.07
1991-03-13,679.21,26418.32,3634.48
1991-03-14,677.11,26542.33,3627.91
1991-03-15,682.97,26843.1,3722.39
1991-03-16,679.64,,
1991-03-18,678.15,27146.91,3724.35
1991-03-19,672.16,27006.66,3751.4
1991-03-20,669.36,26449.35,3683.41
1991-03-21,663.37,,3661.16
1991-03-22,659.83,26613.19,3716.15
1991-03-23,659.49,,
1991-03-25,664.05,26645.79,3718.55
1991-03-26,,26339.38,3683.9
1991-03-27,655.18,26104.65,3691.82
1991-03-28,651.98,26206.92,3745.97
1991-03-29,648.84,26292.04,
1991-03-30,659.85,,
1991-04-01,650.05,26007.4,
1991-04-02,643.56,26252.0,3789.99
1991-04-03,649.43,26780.06,3869.7
1991-04-04,654.14,26689.81,3849.15
1991-04-05,,26767.33,
1991-04-06,651.0,,
1991-04-08,646.46,26607.65,3812.01
1991-04-09,646.04,26317.39,3757.3
1991-04-10,645.75,26268.86,3777.62
1991-04-11,641.46,26425.19,3703.93
1991-04-12,639.44,26582.5,3742.0
1991-04-13,638.21,,
1991-04-15,634.52,26695.53,3714.37
1991-04-16,635.41,26813.3,3717.46
1991-04-17,632.55,26980.37,3687.01
1991-04-18,625.89,26798.9,3699.26
1991-04-19,628.33,26541.97,3667.4
1991-04-20,620.57,,
1991-04-22,615.61,26237.01,3582.49
1991-04-23,637.84,26491.57,3569.64
1991-04-24,632.63,26330.21,3605.29
1991-04-25,626.36,26038.86,3594.38
1991-04-26,634.29,26123.68,3625.8
1991-04-27,638.71,,
1991-04-29,644.6,,3624.72
1991-04-30,645.61,26111.25,3588.36
1991-05-01,644.39,26489.0,3631.23
1991-05-02,652.27,26477.86,3726.14
1991-05-03,649.1,,3737.88
1991-05-04,645.5,,
1991-05-06,640.62,,3704.43
1991-05-07,635.17,26342.14,3741.51
1991-05-08,631.12,26309.79,3747.8
1991-05-09,634.72,26438.5,3744.46
1991-05-10,629.83,26274.29,3750.2
1991-05-11,629.17,,
1991-05-13,630.84,26093.2,3767.63
1991-05-14,638.61,26030.08,3785.14
1991-05-15,632.17,25822.47,3789.69
1991-05-16,635.45,25520.27,3859.66
1991-05-17,636.55,25701.94,3882.84
1991-05-18,636.38,,
1991-05-20,628.71,25523.03,3917.09
1991-05-21,,25481.21,3829.88
1991-05-22,624.32,25398.66,3826.62
1991-05-23,624.89,25643.65,3778.79
1991-05-24,619.29,25529.14,3703.98
1991-05-25,617.29,,
1991-05-27,617.3,25425.88,3575.52
1991-05-28,613.82,25390.67,3594.78
1991-05-29,612.33,25495.41,3625.39
1991-05-30,613.74,25647.4,3679.72
1991-05-31,611.35,25789.62,3707.01
1991-06-01,612.47,,
1991-06-03,605.11,25912.61,3688.14
1991-06-04,601.19,25556.86,3667.62
1991-06-05,613.31,25289.57,3690.01
1991-06-06,,24984.12,3678.19
1991-06-07,604.07,25035.11,3637.77
1991-06-08,605.6,,
1991-06-10,606.55,24598.38,3621.19
1991-06-11,607.85,24662.59,3631.48
1991-06-12,610.96,24482.69,3627.9
1991-06-13,610.05,24808.17,3632.55
1991-06-14,613.71,25093.89,3639.15
1991-06-15,613.57,,
1991-06-17,608.77,24943.09,
1991-06-18,606.79,24685.47,
1991-06-19,604.27,23996.75,3626.13
1991-06-20,,24082.26,3593.38
1991-06-21,597.69,24275.08,3565.14
1991-06-22,590.57,,
1991-06-24,593.05,23765.46,3569.54
1991-06-25,595.21,23907.42,3604.26
1991-06-26,597.6,23766.38,3634.64
1991-06-27,602.61,23543.03,3629.79
1991-06-28,602.6,23290.96,3668.64
1991-06-29,605.27,,
1991-07-01,616.9,24108.76,3738.85
1991-07-02,611.65,23995.76,3772.91
1991-07-03,602.83,23373.47,3796.57
1991-07-04,603.37,23135.61,3850.71
1991-07-05,614.58,22898.34,3892.71
1991-07-06,610.43,,
1991-07-08,617.18,22176.17,3880.73
1991-07-09,614.42,22608.96,3904.19
1991-07-10,614.15,23121.3,3901.23
1991-07-11,621.74,22937.92,3892.12
1991-07-12,631.78,23137.78,3915.17
1991-07-13,636.5,,
1991-07-15,635.21,23459.04,3945.12
1991-07-16,636.14,23375.15,3997.67
1991-07-17,,23060.7,3962.46
1991-07-18,651.27,22908.71,3976.83
1991-07-19,650.06,22866.36,4009.35
1991-07-20,652.74,,
1991-07-22,659.49,22705.29,3988.35
1991-07-23,658.27,22758.98,4009.82
1991-07-24,666.1,23297.47,4028.77
1991-07-25,664.32,23332.71,4012.62
1991-07-26,674.34,23519.07,4031.29
1991-07-27,693.22,,
1991-07-29,714.27,23443.58,4016.29
1991-07-30,734.48,23872.63,3991.83
1991-07-31,717.03,24120.75,4009.58
1991-08-01,714.95,24072.73,4030.01
1991-08-02,733.03,24027.97,4059.4
1991-08-03,748.15,,
1991-08-05,758.18,23833.25,4063.01
1991-08-06,763.1,23464.96,4021.27
1991-08-07,741.67,23691.02,4061.31
1991-08-08,738.1,23482.46,4046.56
1991-08-09,745.13,23434.62,4024.01
1991-08-10,721.58,,
1991-08-12,706.06,22985.67,4070.14
1991-08-13,709.67,22872.0,4052.7
1991-08-14,693.12,23393.3,4079.01
1991-08-15,,23018.68,4073.34
1991-08-16,702.25,22814.37,4063.28
1991-08-17,698.95,,
1991-08-19,669.62,21456.76,3722.75
1991-08-20,686.1,21687.06,3848.44
1991-08-21,690.06,22051.6,3863.68
1991-08-22,716.95,22515.77,4045.57
1991-08-23,701.68,22065.34,4021.02
1991-08-24,697.74,,
1991-08-26,701.0,21592.27,
1991-08-27,690.34,21641.3,3981.96
1991-08-28,692.28,21621.63,3968.14
1991-08-29,685.44,22002.17,3960.23
1991-08-30,686.21,22335.87,3998.26
1991-08-31,683.11,,
1991-09-02,675.12,22469.01,4023.54
1991-09-03,675.67,22469.8,4025.07
1991-09-04,683.54,22402.69,4006.45
1991-09-05,674.81,22499.65,3990.16
1991-09-06,674.94,22692.6,3970.91
1991-09-07,681.9,,
1991-09-09,689.25,22573.98,3940.54
1991-09-10,688.69,22411.58,3959.27
1991-09-11,690.71,22504.79,3966.93
1991-09-12,683.31,22530.2,3970.1
1991-09-13,680.85,23134.43,3974.12
1991-09-14,688.71,,
1991-09-16,685.34,,3953.53
1991-09-17,682.95,23443.61,3938.71
1991-09-18,685.49,23317.78,3900.48
1991-09-19,683.7,23332.31,3863.68
1991-09-20,689.04,23192.74,3910.34
1991-09-23,,,
1991-09-24,683.93,23333.7,3904.19
1991-09-25,680.3,23577.42,3901.95
1991-09-26,679.48,23968.08,3927.98
1991-09-27,685.21,23969.47,3938.72
1991-09-28,691.74,,
1991-09-30,705.08,23916.44,3956.69
1991-10-01,706.63,24377.01,4023.87
1991-10-02,705.18,24375.11,4062.07
1991-10-03,,24711.44,4093.41
1991-10-04,720.53,24596.9,4067.69
1991-10-05,712.52,,
1991-10-07,713.88,24330.83,4060.37
1991-10-08,707.75,24155.62,4066.85
1991-10-09,709.38,24485.26,4076.38
1991-10-10,715.41,,4056.22
1991-10-11,708.3,24157.72,4017.98
1991-10-12,701.99,,
1991-10-14,703.81,23860.67,4022.21
1991-10-15,700.18,24307.65,4033.75
1991-10-16,692.06,24334.67,
1991-10-17,695.76,24439.85,4018.43
1991-10-18,696.53,24894.82,4015.91
1991-10-19,698.24,,
1991-10-21,716.67,25016.81,3998.74
1991-10-22,709.89,24954.66,3981.66
1991-10-23,714.36,24799.94,4021.38
1991-10-24,711.29,24949.26,3989.34
1991-10-25,708.07,24906.43,3971.9
1991-10-26,701.81,,
1991-10-28,693.09,24901.72,3988.6
1991-10-29,694.45,25140.61,4000.05
1991-10-30,700.38,24981.18,4020.04
1991-10-31,695.94,25222.28,4038.74
1991-11-01,689.32,25044.24,4037.82
1991-11-02,684.72,,
1991-11-04,669.92,,4083.04
1991-11-05,667.04,24950.86,4146.54
1991-11-06,679.2,24750.2,4173.57
1991-11-07,679.42,24446.76,4184.74
1991-11-08,682.03,24486.49,4236.64
1991-11-09,684.66,,
1991-11-11,679.58,24232.99,4230.91
1991-11-12,677.53,24667.73,4253.02
1991-11-13,675.85,24416.23,4240.28
1991-11-14,673.35,24176.54,4211.32
1991-11-15,667.84,24099.18,4271.34
1991-11-16,665.65,,
1991-11-18,663.75,23400.12,4198.21
1991-11-19,656.01,23326.86,4261.23
1991-11-20,668.13,23199.86,4200.94
1991-11-21,664.68,23177.84,4234.57
1991-11-22,660.64,23117.39,4243.07
1991-11-23,660.57,,
1991-11-25,656.38,22868.69,4220.74
1991-11-26,649.32,23112.09,4202.1
1991-11-27,649.03,22973.28,4179.3
1991-11-28,660.73,22780.42,4145.61
1991-11-29,652.47,22687.35,4149.8
1991-11-30,652.11,,
1991-12-02,651.44,21992.29,4094.42
1991-12-03,643.93,22166.83,4124.38
1991-12-04,631.59,22669.44,4161.59
1991-12-05,621.04,22459.17,4157.15
1991-12-06,635.17,22445.06,4190.04
1991-12-07,619.88,,
1991-12-09,615.7,22352.88,4203.2
1991-12-10,635.76,21953.06,4128.32
1991-12-11,641.15,21502.9,4097.23
1991-12-12,653.4,21712.57,4096.0
1991-12-13,647.37,22754.9,4155.48
1991-12-14,639.72,,
1991-12-16,630.45,22836.67,4171.66
1991-12-17,623.4,22736.29,4185.03
1991-12-18,607.69,22629.9,4177.67
1991-12-19,607.39,21991.19,4182.81
1991-12-20,612.25,21777.12,4142.61
1991-12-21,601.01,,
1991-12-23,586.51,,4146.12
1991-12-24,610.59,21664.53,4192.76
1991-12-25,,22461.17,
1991-12-26,610.92,22555.07,
1991-12-27,,22437.32,4236.2
1991-12-30,,22983.77,4275.2
1991-12-31,,,4297.33
1992-01-02,,,4301.78
1992-01-03,624.23,,4307.13
1992-01-04,650.31,,
1992-01-06,650.1,23801.18,4306.97
1992-01-07,645.27,23566.39,4347.93
1992-01-08,625.85,22715.0,4337.67
1992-01-09,637.11,23113.64,4334.54
1992-01-10,619.47,22381.9,4348.92
1992-01-11,617.92,,
1992-01-13,609.9,21696.86,4325.91
1992-01-14,616.12,21775.13,4367.61
1992-01-15,604.63,,4382.66
1992-01-16,610.19,21612.19,4412.14
1992-01-17,616.72,21321.37,4454.89
1992-01-18,621.21,,
1992-01-20,633.87,20913.82,4510.47
1992-01-21,630.0,20858.3,4522.21
1992-01-22,646.28,21534.12,4550.72
1992-01-23,667.47,21580.72,4625.84
1992-01-24,658.04,21072.15,4600.08
1992-01-25,664.29,,
1992-01-27,675.11,21007.11,4554.73
1992-01-28,665.96,21390.52,4586.33
1992-01-29,659.28,21362.26,4571.13
1992-01-30,664.13,21557.67,4571.47
1992-01-31,680.51,22023.05,4601.78
1992-02-01,691.37,,
1992-02-03,,22139.59,4672.09
1992-02-04,,21999.6,
1992-02-05,,21936.37,
1992-02-06,690.84,22104.92,
1992-02-07,690.9,22107.12,4711.37
1992-02-08,691.48,,
1992-02-10,687.18,21819.52,4733.56
1992-02-11,674.32,,4674.52
1992-02-12,664.23,21541.64,4732.43
1992-02-13,656.49,21391.02,4763.5
1992-02-14,658.63,20883.86,4772.32
1992-02-15,647.71,,
1992-02-17,640.14,21324.98,4719.19
1992-02-18,638.22,20872.03,4747.1
1992-02-19,648.13,20618.3,4725.7
1992-02-20,632.66,20771.92,4716.0
1992-02-21,632.91,21291.81,4736.47
1992-02-22,640.96,,
1992-02-24,637.73,20973.24,4715.62
1992-02-25,632.07,21025.55,4760.2
1992-02-26,621.42,21364.77,4794.71
1992-02-27,624.36,21333.7,4895.13
1992-02-28,614.99,21338.81,4929.06
1992-02-29,612.5,,
1992-03-02,620.65,21487.82,4952.19
1992-03-03,615.92,21051.71,4911.13
1992-03-04,630.47,21105.42,4954.5
1992-03-05,619.23,20864.42,4964.29
1992-03-06,626.09,20992.99,4908.9
1992-03-07,624.49,,
1992-03-09,628.02,20797.68,4848.63
1992-03-10,,20854.59,4918.95
1992-03-11,619.05,20592.14,5005.96
1992-03-12,619.11,20561.88,5042.81
1992-03-13,614.58,20456.06,5071.19
1992-03-14,609.45,,
1992-03-16,608.36,19837.16,5059.86
1992-03-17,615.19,19917.63,5045.39
1992-03-18,614.36,19764.31,5036.07
1992-03-19,612.67,20185.09,4990.59
1992-03-20,615.39,,5015.81
1992-03-21,617.3,,
1992-03-23,624.13,20239.6,5061.14
1992-03-24,,19891.57,5052.32
1992-03-25,607.83,20226.78,5052.23
1992-03-26,611.7,19885.49,5037.71
1992-03-27,617.38,19636.99,5007.58
1992-03-28,602.66,,
1992-03-30,597.69,19669.31,4978.27
1992-03-31,606.32,19345.95,4938.3
1992-04-01,599.0,18581.79,4909.96
1992-04-02,585.67,18286.03,4924.27
1992-04-03,596.39,18559.71,4916.7
1992-04-04,589.83,,
1992-04-06,590.02,18436.37,4896.9
1992-04-07,579.09,17791.55,4926.43
1992-04-08,572.97,17175.53,4827.58
1992-04-09,575.98,16598.15,4729.39
1992-04-10,569.65,17850.66,4921.11
1992-04-11,576.11,,
1992-04-13,578.19,17236.65,4889.14
1992-04-14,575.56,17439.58,4883.53
1992-04-15,578.11,17948.01,4986.11
1992-04-16,587.33,17959.76,5082.69
1992-04-17,587.72,17580.69,
1992-04-18,587.79,,
1992-04-20,587.81,17071.36,
1992-04-21,588.51,16787.33,5093.09
1992-04-22,584.22,16839.12,5189.03
1992-04-23,582.87,17402.05,5287.78
1992-04-24,595.88,17542.45,5330.17
1992-04-25,594.88,,
1992-04-27,608.06,17450.52,5371.77
1992-04-28,597.24,17527.4,5423.39
1992-04-29,612.72,,5362.41
1992-04-30,615.97,17390.71,5369.57
1992-05-01,620.37,17303.39,5484.21
1992-05-02,614.95,,
1992-05-04,620.33,,5613.78
1992-05-05,,,5631.21
1992-05-06,611.85,17878.66,5581.2
1992-05-07,603.34,18410.88,5629.58
1992-05-08,599.25,18375.95,5608.19
1992-05-09,594.62,,
1992-05-11,587.52,18608.09,5632.34
1992-05-12,586.4,18508.53,5705.93
1992-05-13,592.29,18768.57,5757.95
1992-05-14,587.56,18804.6,5746.45
1992-05-15,589.3,18074.27,5704.5
1992-05-16,585.84,,
1992-05-18,588.05,18443.1,5637.09
1992-05-19,587.97,18754.11,5642.24
1992-05-20,579.91,18674.93,5753.76
1992-05-21,573.83,18691.29,5865.61
1992-05-22,582.88,18221.0,5859.68
1992-05-23,575.87,,
1992-05-25,571.39,18555.0,5993.11
1992-05-26,569.51,18204.64,6052.08
1992-05-27,585.23,17822.56,6082.7
1992-05-28,578.63,17931.25,5988.13
1992-05-29,570.93,18347.75,6080.15
1992-05-30,574.2,,
1992-06-01,569.19,18004.11,6056.0
1992-06-02,567.34,18125.55,6059.39
1992-06-03,568.98,18188.68,6037.37
1992-06-04,568.81,17964.07,6035.8
1992-06-05,569.2,17790.04,
1992-06-08,563.65,17655.06,5978.75
1992-06-09,561.76,17845.04,5940.19
1992-06-10,562.87,17742.87,5917.5
1992-06-11,570.5,17709.05,5826.54
1992-06-12,566.2,17383.68,5819.07
1992-06-13,580.8,,
1992-06-15,579.81,16953.23,
1992-06-16,579.95,16953.53,5846.75
1992-06-17,576.72,16445.8,5846.06
1992-06-18,563.85,16045.56,5796.1
1992-06-19,571.02,16519.87,5787.6
1992-06-20,565.29,,
1992-06-22,558.32,15921.22,5819.94
1992-06-23,559.99,16106.99,5897.86
1992-06-24,551.99,15853.67,5965.21
1992-06-25,548.3,16143.72,6078.69
1992-06-26,552.09,15812.73,6113.1
1992-06-27,551.88,,
1992-06-29,551.55,15741.27,6057.9
1992-06-30,552.03,15951.73,6103.92
1992-07-01,551.98,16325.07,6134.75
1992-07-02,548.28,16757.63,6073.74
1992-07-03,547.2,16717.78,6061.85
1992-07-04,545.41,,
1992-07-06,535.72,16657.07,6024.77
1992-07-07,535.34,16459.55,5911.92
1992-07-08,531.79,16600.26,5981.91
1992-07-09,523.07,16848.66,5925.52
1992-07-10,523.88,16783.72,5981.36
1992-07-11,519.5,,
1992-07-13,512.54,17201.73,6085.85
1992-07-14,527.08,17064.63,6097.19
1992-07-15,514.19,17116.92,6125.46
1992-07-16,511.61,16987.66,6162.53
1992-07-17,,16548.07,6128.06
1992-07-18,505.64,,
1992-07-20,505.3,15884.48,5986.49
1992-07-21,511.84,16002.41,6010.44
1992-07-22,526.0,15541.95,
1992-07-23,518.53,16039.94,5917.16
1992-07-24,521.99,15497.79,5772.76
1992-07-25,521.76,,
1992-07-27,517.48,15373.34,5664.39
1992-07-28,514.45,15426.64,5782.63
1992-07-29,508.84,15095.95,5857.29
1992-07-30,509.23,15555.6,5829.83
1992-07-31,509.95,15910.28,5881.13
1992-08-01,506.57,,
1992-08-03,508.63,15709.45,5910.73
1992-08-04,501.48,15692.59,5859.78
1992-08-05,493.33,15983.64,5841.24
1992-08-06,500.04,15926.44,5865.27
1992-08-07,495.22,15518.27,5850.93
1992-08-08,494.35,,
1992-08-10,507.88,15066.34,5867.94
1992-08-11,502.45,14822.56,5886.75
1992-08-12,492.66,14773.79,5879.19
1992-08-13,488.25,14768.17,5857.11
1992-08-14,478.9,14820.25,5822.59
1992-08-17,462.13,14929.55,5667.85
1992-08-18,464.95,14309.41,5675.16
1992-08-19,479.09,14650.74,5620.44
1992-08-20,467.7,15267.76,5481.61
1992-08-21,459.07,16216.88,5509.39
1992-08-22,471.61,,
1992-08-24,483.73,16627.96,5390.93
1992-08-25,494.5,16380.77,5291.49
1992-08-26,513.87,16541.65,5478.81
1992-08-27,520.61,17555.0,5460.72
1992-08-28,518.56,17970.79,5628.6
1992-08-29,539.21,,
1992-08-31,562.8,18061.12,
1992-09-01,558.6,17740.06,5711.57
1992-09-02,562.74,17587.72,5734.45
1992-09-03,563.94,18386.49,5722.46
1992-09-04,544.08,18555.3,5707.51
1992-09-05,534.69,,
1992-09-07,557.59,18440.18,5664.41
1992-09-08,553.35,18282.42,5700.59
1992-09-09,551.12,18875.55,5726.99
1992-09-10,,18908.47,5631.55
1992-09-11,,18107.69,5537.29
1992-09-14,551.31,18471.4,5607.15
1992-09-15,544.82,,5653.84
1992-09-16,539.3,17944.7,5633.13
1992-09-17,533.66,18116.52,5637.9
1992-09-18,535.02,18166.8,5689.32
1992-09-19,540.55,,
1992-09-21,521.54,18066.24,5741.53
1992-09-22,519.16,18282.72,5740.18
1992-09-23,524.35,,5712.64
1992-09-24,523.35,18609.95,5658.73
1992-09-25,525.57,18394.76,5686.16
1992-09-26,524.23,,
1992-09-28,516.04,17972.61,5597.2
1992-09-29,514.11,17748.09,5581.92
1992-09-30,513.82,17399.08,5505.44
1992-10-01,508.76,17369.91,5528.84
1992-10-02,513.12,17324.07,5595.44
1992-10-05,502.22,17101.5,
1992-10-06,507.76,17268.1,5553.12
1992-10-07,524.38,17111.74,5589.03
1992-10-08,518.43,17335.51,5555.53
1992-10-09,524.27,17059.78,5596.71
1992-10-10,525.77,,
1992-10-12,514.9,17302.01,5725.57
1992-10-13,514.39,17490.67,5756.1
1992-10-14,524.96,17344.03,5806.77
1992-10-15,521.85,17628.49,5913.64
1992-10-16,518.91,17369.81,5985.33
1992-10-17,526.45,,
1992-10-19,539.7,16903.81,6089.91
1992-10-20,540.45,16987.66,6088.51
1992-10-21,559.71,17141.52,6200.85
1992-10-22,568.97,17013.04,6329.12
1992-10-23,571.34,17117.65,6262.54
1992-10-24,557.86,,
1992-10-26,582.74,17011.33,6062.47
1992-10-27,584.1,17185.26,6218.01
1992-10-28,585.34,17068.41,6126.98
1992-10-29,605.78,16937.71,6117.5
1992-10-30,610.09,16767.4,6190.69
1992-10-31,615.58,,
1992-11-02,621.97,16853.36,6231.17
1992-11-03,605.52,,6197.44
1992-11-04,619.0,17065.2,6325.37
1992-11-05,631.31,17031.59,6347.77
1992-11-06,644.94,16869.81,6315.01
1992-11-07,664.35,,
1992-11-09,686.81,16417.05,6267.91
1992-11-10,676.86,16437.11,6273.08
1992-11-11,658.96,16318.15,6422.03
1992-11-12,636.99,16376.93,6447.11
1992-11-13,652.97,16330.79,6366.56
1992-11-14,632.28,,
1992-11-16,616.64,16162.99,6294.83
1992-11-17,631.42,15993.48,6088.52
1992-11-18,621.25,16778.84,5848.33
1992-11-19,632.49,16871.31,5855.41
1992-11-20,635.55,17033.6,5878.18
1992-11-21,654.08,,
1992-11-23,669.46,,5894.97
1992-11-24,655.05,17096.09,5972.52
1992-11-25,652.47,17302.01,5918.54
1992-11-26,660.94,17479.04,5913.18
1992-11-27,650.85,17470.61,5986.67
1992-11-28,652.94,,
1992-11-30,663.36,17683.65,5810.63
1992-12-01,659.93,17313.04,5501.71
1992-12-02,650.2,17393.68,5411.65
1992-12-03,638.93,17260.08,4978.21
1992-12-04,635.28,17295.69,5268.1
1992-12-05,623.25,,
1992-12-07,616.21,17207.12,5191.75
1992-12-08,625.61,17281.85,5202.36
1992-12-09,620.74,17406.22,5339.25
1992-12-10,642.03,17501.3,5273.79
1992-12-11,645.7,17441.02,5253.18
1992-12-12,647.28,,
1992-12-14,651.23,17289.97,5267.73
1992-12-15,650.21,17480.74,5315.81
1992-12-16,654.09,17268.71,5415.96
1992-12-17,660.6,17437.91,5329.46
1992-12-18,,17680.74,5192.66
1992-12-19,663.31,,
1992-12-21,653.46,17645.44,5242.48
1992-12-22,657.01,17690.67,5297.74
1992-12-23,670.43,,5317.99
1992-12-24,675.36,17648.85,5442.01
1992-12-25,,17557.04,
1992-12-26,687.93,,
1992-12-28,678.44,17188.62,5531.65
1992-12-29,,17285.64,5444.13
1992-12-30,,16924.95,5467.89
1992-12-31,,,5512.39
1993-01-04,697.41,16994.08,5437.8
1993-01-05,690.79,16842.58,5548.03
1993-01-06,688.4,16782.88,5586.67
1993-01-07,696.95,16780.98,5547.32
1993-01-08,704.5,16634.69,5529.56
1993-01-09,709.77,,
1993-01-11,708.42,16589.55,5673.1
1993-01-12,703.05,16681.05,5671.26
1993-01-13,705.93,16517.91,5778.74
1993-01-14,692.23,16515.6,5890.16
1993-01-15,693.29,,5871.8
1993-01-16,691.31,,
1993-01-18,693.23,16617.24,5882.02
1993-01-19,699.32,16798.64,5897.9
1993-01-20,700.0,16510.18,5877.02
1993-01-21,699.92,16538.68,5914.39
1993-01-22,,16336.81,
1993-01-25,707.61,16287.45,
1993-01-26,702.5,16492.63,5923.73
1993-01-27,694.57,16509.68,5939.89
1993-01-28,687.79,17063.41,5804.5
1993-01-29,679.96,17023.78,5751.4
1993-01-30,670.56,,
1993-02-01,663.57,17133.64,5697.78
1993-02-02,666.18,17186.31,5662.53
1993-02-03,678.34,17222.03,5710.8
1993-02-04,684.04,17190.63,5778.01
1993-02-05,677.31,17332.9,5747.21
1993-02-06,671.42,,
1993-02-08,672.18,17281.73,5786.65
1993-02-09,675.33,17022.27,5789.52
1993-02-10,677.25,17089.9,5835.55
1993-02-11,681.6,,5857.0
1993-02-12,683.4,16851.51,5858.15
1993-02-13,677.33,,
1993-02-15,677.52,17117.99,6049.44
1993-02-16,672.22,16916.32,6065.62
1993-02-17,665.12,17009.63,6087.46
1993-02-18,653.91,16982.14,6186.94
1993-02-19,654.52,17010.03,6170.09
1993-02-20,652.07,,
1993-02-22,674.71,16820.61,6231.88
1993-02-23,676.62,16863.15,6149.19
1993-02-24,672.81,16798.94,6177.69
1993-02-25,655.61,16907.39,6203.88
1993-02-26,644.7,16953.35,6351.99
1993-02-27,642.96,,
1993-03-01,,16879.6,6398.82
1993-03-02,633.73,16864.25,6344.23
1993-03-03,632.99,16853.92,6436.64
1993-03-04,622.22,16759.61,6467.8
1993-03-05,615.57,16817.7,6502.81
1993-03-06,605.93,,
1993-03-08,625.62,17686.47,6482.16
1993-03-09,626.23,17848.3,6508.0
1993-03-10,,17858.63,6488.46
1993-03-11,615.26,17904.79,6371.84
1993-03-12,628.16,18037.52,6170.4
1993-03-13,634.84,,
1993-03-15,645.73,18086.18,5854.61
1993-03-16,637.87,17968.3,5980.04
1993-03-17,663.05,18173.37,5958.33
1993-03-18,666.39,18727.9,6051.26
1993-03-19,668.63,18537.17,6088.34
1993-03-20,668.75,,
1993-03-22,658.75,18784.39,6060.04
1993-03-23,666.95,18491.62,6117.95
1993-03-24,666.66,18450.69,6212.19
1993-03-25,662.69,18764.92,6246.97
1993-03-26,659.02,18788.7,6341.25
1993-03-27,656.48,,
1993-03-29,653.21,19048.38,6322.9
1993-03-30,665.02,18963.16,6406.49
1993-03-31,666.75,18591.45,6388.86
1993-04-01,665.61,19099.09,6408.88
1993-04-02,681.37,19446.94,6404.44
1993-04-03,689.24,,
1993-04-05,,19759.46,
1993-04-06,697.11,19486.8,6340.83
1993-04-07,699.49,19829.23,6281.7
1993-04-08,695.07,19967.27,6285.67
1993-04-09,702.93,19892.18,
1993-04-10,708.33,,
1993-04-12,720.96,19882.14,
1993-04-13,720.52,20740.29,6418.21
1993-04-14,704.92,20533.38,6789.74
1993-04-15,716.76,20675.84,6732.04
1993-04-16,706.86,20297.86,6697.15
1993-04-17,712.3,,
1993-04-19,725.76,20112.34,6680.15
1993-04-20,721.66,19828.43,6638.54
1993-04-21,733.58,19773.01,6768.39
1993-04-22,737.59,19591.31,6759.24
1993-04-23,735.7,19704.15,6750.94
1993-04-24,734.18,,
1993-04-26,730.92,19623.63,6845.75
1993-04-27,722.96,20206.71,6836.88
1993-04-28,728.41,20454.57,6894.9
1993-04-29,724.76,,6884.05
1993-04-30,721.57,20919.18,6830.51
1993-05-01,717.68,,
1993-05-03,718.59,,6790.11
1993-05-04,719.83,,6827.29
1993-05-05,,,6829.33
1993-05-06,710.8,20622.03,6795.52
1993-05-07,703.85,20811.36,6798.34
1993-05-08,703.16,,
1993-05-10,704.22,21054.71,6739.23
1993-05-11,701.36,20940.37,6841.97
1993-05-12,700.08,20615.2,7002.6
1993-05-13,710.61,20532.78,7108.76
1993-05-14,707.01,20474.15,7005.29
1993-05-15,705.38,,
1993-05-17,717.17,20565.51,7124.12
1993-05-18,722.61,20229.39,7149.3
1993-05-19,724.76,20380.79,7093.88
1993-05-20,727.37,20330.39,7118.96
1993-05-21,727.99,20557.47,7169.96
1993-05-22,733.34,,
1993-05-24,733.91,20476.16,7276.39
1993-05-25,727.27,20631.76,7368.18
1993-05-26,729.91,20895.99,7349.72
1993-05-27,737.22,20852.63,7447.24
1993-05-28,,20843.69,7397.91
1993-05-29,738.75,,
1993-05-31,752.31,20552.35,7372.19
1993-06-01,751.97,20591.41,7375.81
1993-06-02,759.81,20691.7,7322.23
1993-06-03,763.15,21076.0,7155.29
1993-06-04,760.15,20882.24,7157.49
1993-06-05,754.59,,
1993-06-07,766.28,20844.19,7124.73
1993-06-08,768.19,20575.24,7259.74
1993-06-09,777.25,,7339.08
1993-06-10,773.39,20493.32,7260.58
1993-06-11,768.48,20500.95,7266.74
1993-06-12,765.86,,
1993-06-14,759.47,20397.35,
1993-06-15,757.84,20045.88,7283.46
1993-06-16,759.26,19902.42,7304.83
1993-06-17,762.54,19925.51,7189.1
1993-06-18,762.09,19804.54,7200.75
1993-06-19,760.2,,
1993-06-21,766.06,19212.43,7003.58
1993-06-22,770.62,19538.3,7046.73
1993-06-23,762.53,19492.52,7062.64
1993-06-24,762.95,19685.07,
1993-06-25,760.01,19659.57,7014.08
1993-06-26,749.27,,
1993-06-28,734.22,19886.76,7148.1
1993-06-29,745.69,19543.42,7107.47
1993-06-30,748.87,19590.0,7099.28
1993-07-01,753.26,19924.61,7205.38
1993-07-02,746.88,19621.46,7217.93
1993-07-03,748.3,,
1993-07-05,752.78,19623.06,7205.41
1993-07-06,750.0,19829.78,7168.34
1993-07-07,753.11,19720.67,7141.11
1993-07-08,760.68,19688.67,7122.39
1993-07-09,770.46,19877.39,7070.61
1993-07-10,769.87,,
1993-07-12,769.07,19980.0,6952.59
1993-07-13,762.94,20180.42,6956.1
1993-07-14,762.96,20139.11,6955.5
1993-07-15,762.4,20158.02,6978.54
1993-07-16,759.17,20331.53,6925.22
1993-07-19,749.38,20150.92,6813.72
1993-07-20,749.86,20038.0,6846.81
1993-07-21,751.94,20080.91,6839.98
1993-07-22,746.56,20115.81,6760.02
1993-07-23,741.81,19734.57,6750.33
1993-07-24,741.83,,
1993-07-26,745.07,19822.08,6858.08
1993-07-27,750.48,19891.39,6865.97
1993-07-28,749.03,19829.58,6903.21
1993-07-29,743.21,20456.85,6899.93
1993-07-30,730.5,20380.14,6988.96
1993-07-31,729.94,,
1993-08-02,719.45,20343.53,7029.03
1993-08-03,721.54,20357.64,7211.83
1993-08-04,720.02,20497.55,7164.2
1993-08-05,732.05,20425.64,7307.54
1993-08-06,721.48,20357.94,7396.77
1993-08-07,716.88,,
1993-08-09,709.59,20493.05,7382.22
1993-08-10,719.44,20493.75,7329.81
1993-08-11,723.65,20732.57,7357.63
1993-08-12,725.94,20765.28,7339.55
1993-08-13,693.57,20745.17,7392.25
1993-08-14,666.67,,
1993-08-16,691.67,20901.49,7489.49
1993-08-17,688.94,20841.98,7528.79
1993-08-18,713.18,20773.18,7560.97
1993-08-19,737.97,20687.47,7605.26
1993-08-20,729.86,20607.26,7545.36
1993-08-21,734.39,,
1993-08-23,727.06,20414.14,7388.42
1993-08-24,715.03,20431.84,7327.68
1993-08-25,705.1,20521.45,7265.58
1993-08-26,695.74,20591.76,7449.08
1993-08-27,685.87,20791.68,7422.98
1993-08-28,689.82,,
1993-08-30,672.12,20912.69,
1993-08-31,664.88,21026.6,7549.73
1993-09-01,674.86,20953.3,7542.19
1993-09-02,678.03,20983.2,7493.45
1993-09-03,680.36,21116.21,7512.13
1993-09-04,665.66,,
1993-09-06,675.77,21060.81,7519.66
1993-09-07,690.95,20962.1,7546.71
1993-09-08,683.6,20918.19,7607.13
1993-09-09,696.14,20825.58,7586.76
1993-09-10,696.76,20817.98,7593.45
1993-09-11,696.61,,
1993-09-13,700.75,21148.11,7475.97
1993-09-14,695.37,20947.79,7473.85
1993-09-15,691.44,,7488.77
1993-09-16,686.39,20502.15,7418.11
1993-09-17,688.34,20391.04,
1993-09-18,685.94,,
1993-09-20,695.12,20266.03,7390.6
1993-09-21,694.66,20466.65,7495.31
1993-09-22,697.56,20174.62,7478.9
1993-09-23,703.49,,7581.0
1993-09-24,702.2,20307.53,7525.05
1993-09-25,703.55,,
1993-09-27,717.83,20094.11,7452.09
1993-09-28,718.87,20172.72,7470.5
1993-09-29,,20077.41,7551.1
1993-09-30,,20105.71,7676.22
1993-10-01,,20283.13,
1993-10-02,719.55,,
1993-10-04,715.05,20264.43,7744.32
1993-10-05,717.71,20321.93,7869.48
1993-10-06,716.9,20500.25,8041.57
1993-10-07,717.82,20265.63,8066.79
1993-10-08,714.58,20378.64,8005.56
1993-10-09,712.35,,
1993-10-11,722.09,,8192.18
1993-10-12,723.57,20137.31,8253.45
1993-10-13,740.39,20038.4,8292.96
1993-10-14,737.77,20082.81,8412.4
1993-10-15,734.67,20174.42,8763.98
1993-10-16,739.14,,
1993-10-18,747.19,20072.21,9031.13
1993-10-19,741.24,20069.91,8861.41
1993-10-20,738.63,20173.42,8902.8
1993-10-21,741.1,20179.42,8882.68
1993-10-22,736.99,20264.83,8719.32
1993-10-23,736.28,,
1993-10-25,742.48,20309.33,8767.5
1993-10-26,747.97,20023.6,8790.9
1993-10-27,744.86,19838.78,8903.2
1993-10-28,742.83,19479.45,9010.27
1993-10-29,742.72,19702.97,9329.09
1993-10-30,750.72,,
1993-11-01,761.76,19438.24,9629.19
1993-11-02,759.42,19381.24,9642.91
1993-11-03,756.87,,9352.11
1993-11-04,766.55,18949.79,9204.88
1993-11-05,773.3,18590.46,8996.93
1993-11-06,769.37,,
1993-11-08,775.47,18625.16,9177.95
1993-11-09,780.2,18125.71,9088.47
1993-11-10,777.89,18121.71,9325.44
1993-11-11,783.35,18158.52,9674.83
1993-11-12,791.47,18493.55,9701.25
1993-11-13,796.65,,
1993-11-15,810.72,18074.61,9733.34
1993-11-16,802.65,18246.12,9683.65
1993-11-17,810.17,18108.71,9506.98
1993-11-18,822.63,18166.32,9335.43
1993-11-19,840.36,17941.19,9263.94
1993-11-20,846.47,,
1993-11-22,834.58,17384.84,9170.64
1993-11-23,817.9,,9036.02
1993-11-24,828.98,17067.11,9238.06
1993-11-25,819.42,17222.92,9286.31
1993-11-26,810.04,16726.37,9274.42
1993-11-27,805.51,,
1993-11-29,804.54,16078.71,9012.77
1993-11-30,811.06,16406.54,9125.21
1993-12-01,808.75,17125.31,9254.03
1993-12-02,801.17,17458.75,9238.2
1993-12-03,806.86,17459.35,9294.35
1993-12-04,821.59,,
1993-12-06,826.49,16840.38,9609.69
1993-12-07,823.17,16903.49,9736.57
1993-12-08,836.71,16507.95,9750.23
1993-12-09,843.95,17061.91,9990.26
1993-12-10,861.72,17257.43,10228.11
1993-12-11,866.88,,
1993-12-13,850.03,17327.33,10248.59
1993-12-14,857.2,17308.73,10021.48
1993-12-15,865.86,17489.15,9945.26
1993-12-16,870.72,17789.28,10339.66
1993-12-17,874.1,18051.91,10568.86
1993-12-18,864.0,,
1993-12-20,848.63,17404.24,10814.78
1993-12-21,865.79,17315.43,10524.28
1993-12-22,868.6,17445.74,10707.96
1993-12-23,858.37,,10881.2
1993-12-24,861.42,17141.11,11039.84
1993-12-27,873.88,16819.88,
1993-12-28,866.18,17131.21,11570.22
1993-12-29,,17272.03,11449.77
1993-12-30,,17417.24,11877.47
1993-12-31,,,11888.39
1994-01-03,879.32,,12086.49
1994-01-04,877.3,17369.74,12201.09
1994-01-05,886.93,17783.48,12167.93
1994-01-06,893.17,17881.99,11374.5
1994-01-07,895.25,18124.01,11001.48
1994-01-08,890.01,,
1994-01-10,873.04,18443.44,11366.94
1994-01-11,881.02,18485.25,11155.81
1994-01-12,886.31,18793.88,10712.73
1994-01-13,898.66,18577.26,10176.51
1994-01-14,879.03,18973.7,10774.25
1994-01-15,868.65,,
1994-01-17,863.25,18725.37,10792.92
1994-01-18,873.06,18514.55,11017.69
1994-01-19,887.16,19039.4,11363.77
1994-01-20,878.29,19183.92,11264.84
1994-01-21,870.2,19307.43,11459.37
1994-01-22,877.75,,
1994-01-24,887.96,18353.24,11600.09
1994-01-25,892.06,18648.36,11490.94
1994-01-26,894.34,19138.21,11239.57
1994-01-27,907.44,18891.79,11470.42
1994-01-28,926.75,18757.88,11377.83
1994-01-29,946.11,,
1994-01-31,945.71,20229.12,11487.02
1994-02-01,960.1,20416.34,11826.89
1994-02-02,974.26,20250.03,11785.83
1994-02-03,955.02,20174.82,11851.13
1994-02-04,964.42,20301.43,12157.57
1994-02-05,942.6,,
1994-02-07,914.88,20014.4,11414.27
1994-02-08,923.0,20251.23,11454.16
1994-02-09,,19841.38,11504.03
1994-02-10,,19990.7,
1994-02-11,,,
1994-02-12,917.15,,
1994-02-14,901.38,19459.25,10988.81
1994-02-15,901.81,18974.6,11012.33
1994-02-16,920.43,19052.11,10634.14
1994-02-17,920.38,18931.39,10786.58
1994-02-18,925.39,18959.6,10825.88
1994-02-19,932.93,,
1994-02-21,946.0,19393.94,10456.45
1994-02-22,953.22,19342.63,10674.01
1994-02-23,950.01,19341.83,10763.23
1994-02-24,932.15,19765.48,10432.02
1994-02-25,919.76,19803.38,10100.25
1994-02-26,926.31,,
1994-02-28,918.88,19997.2,10410.23
1994-03-01,,20216.62,10148.36
1994-03-02,906.66,19744.77,9877.43
1994-03-03,902.16,19605.86,9802.03
1994-03-04,896.55,19966.0,9918.19
1994-03-05,902.77,,
1994-03-07,895.62,19811.88,10061.55
1994-03-08,884.85,19898.39,10294.58
1994-03-09,877.85,19839.18,10224.38
1994-03-10,878.58,20090.71,10129.05
1994-03-11,901.87,20115.31,9905.66
1994-03-12,903.42,,
1994-03-14,912.83,20526.15,9980.07
1994-03-15,911.43,20508.85,9863.56
1994-03-16,906.53,20677.77,9720.61
1994-03-17,898.56,20592.16,9513.13
1994-03-18,893.07,20469.45,9132.31
1994-03-19,893.99,,
1994-03-21,885.65,,8667.03
1994-03-22,877.95,20253.53,9012.17
1994-03-23,879.78,19962.1,9465.53
1994-03-24,875.72,20037.9,9320.75
1994-03-25,868.03,19836.48,9234.21
1994-03-26,872.68,,
1994-03-28,883.24,19941.79,9197.03
1994-03-29,875.62,19709.74,9480.14
1994-03-30,865.68,19559.91,9232.21
1994-03-31,867.22,19111.92,9029.91
1994-04-01,862.61,19277.16,
1994-04-02,855.37,,
1994-04-04,860.47,19122.22,
1994-04-05,,19563.21,
1994-04-06,863.04,19696.74,9234.31
1994-04-07,863.36,19890.98,9285.92
1994-04-08,872.53,19934.99,9298.22
1994-04-09,883.42,,
1994-04-11,894.47,19898.08,9476.77
1994-04-12,880.87,19648.33,9738.09
1994-04-13,882.33,20060.41,9753.76
1994-04-14,883.52,19987.2,9600.63
1994-04-15,889.48,20164.63,9536.06
1994-04-16,893.76,,
1994-04-18,892.15,20277.36,9506.84
1994-04-19,885.85,20192.34,9303.91
1994-04-20,880.84,19882.18,9221.01
1994-04-21,881.97,19799.36,8934.59
1994-04-22,884.85,19964.39,9156.85
1994-04-23,892.73,,
1994-04-25,892.7,19709.14,9136.11
1994-04-26,887.64,19628.93,9328.64
1994-04-27,897.43,19729.15,9113.25
1994-04-28,909.39,19725.25,9163.09
1994-04-29,900.14,,8966.07
1994-04-30,908.72,,
1994-05-02,919.26,19570.21,8799.7
1994-05-03,917.55,,8679.13
1994-05-04,922.33,,8369.44
1994-05-05,,,8412.88
1994-05-06,927.84,19862.47,8620.27
1994-05-07,936.41,,
1994-05-09,940.15,19786.96,8421.7
1994-05-10,947.4,19917.78,8540.09
1994-05-11,948.91,20150.13,8906.16
1994-05-12,952.45,20224.24,8878.86
1994-05-13,950.45,20270.75,9134.72
1994-05-14,942.38,,
1994-05-16,941.66,20188.44,9253.41
1994-05-17,946.87,20133.53,9044.7
1994-05-18,,20152.73,9476.64
1994-05-19,951.73,20221.34,9354.98
1994-05-20,948.5,20342.17,9631.63
1994-05-21,946.19,,
1994-05-23,945.5,20568.71,9589.78
1994-05-24,945.89,20622.12,9490.11
1994-05-25,943.92,20663.63,9521.37
1994-05-26,950.76,20495.8,9481.71
1994-05-27,953.86,20777.16,9470.13
1994-05-28,951.96,,
1994-05-30,945.64,20838.97,9523.63
1994-05-31,939.49,20973.59,9553.56
1994-06-01,932.77,21053.11,9512.07
1994-06-02,937.43,21009.0,9222.34
1994-06-03,942.43,20954.19,9234.27
1994-06-04,930.26,,
1994-06-06,,20726.65,9383.03
1994-06-07,921.72,21042.71,9247.88
1994-06-08,933.02,21261.95,9291.18
1994-06-09,935.79,21402.78,9190.64
1994-06-10,928.94,21395.18,9111.16
1994-06-11,918.6,,
1994-06-13,923.24,21552.81,
1994-06-14,903.72,21353.97,
1994-06-15,890.92,21282.96,9149.52
1994-06-16,901.08,21367.47,9022.92
1994-06-17,918.54,21503.3,9113.96
1994-06-18,926.19,,
1994-06-20,942.5,21152.03,8998.18
1994-06-21,936.83,20813.16,8857.78
1994-06-22,936.39,20581.32,8876.84
1994-06-23,935.57,21040.21,8966.79
1994-06-24,929.45,20766.75,8881.0
1994-06-25,919.96,,
1994-06-27,931.04,20300.96,8647.48
1994-06-28,923.61,20639.23,8673.49
1994-06-29,933.96,20481.0,8640.31
1994-06-30,933.36,20643.93,8758.41
1994-07-01,934.59,20543.41,8634.37
1994-07-02,938.3,,
1994-07-04,951.23,20631.93,8628.28
1994-07-05,960.49,20834.37,8623.19
1994-07-06,953.48,20629.03,8454.92
1994-07-07,945.71,20620.02,8490.86
1994-07-08,948.96,20526.51,8432.96
1994-07-09,956.38,,
1994-07-11,948.84,20473.09,8394.94
1994-07-12,960.59,20400.48,8591.45
1994-07-13,961.97,20540.41,8828.91
1994-07-14,958.72,20718.04,8808.28
1994-07-15,950.24,20770.15,9117.02
1994-07-16,949.73,,
1994-07-18,944.8,20717.64,9193.83
1994-07-19,939.05,20775.16,9145.01
1994-07-20,936.67,20780.76,9188.82
1994-07-21,935.35,20622.92,9117.66
1994-07-22,939.08,20462.89,9152.99
1994-07-23,950.58,,
1994-07-25,939.12,20297.66,9174.62
1994-07-26,935.2,20345.37,9194.36
1994-07-27,934.22,20137.23,9402.18
1994-07-28,926.2,20247.85,9402.66
1994-07-29,933.66,20449.39,9482.81
1994-07-30,927.97,,
1994-08-01,932.69,20271.35,9683.68
1994-08-02,927.55,20660.13,9695.03
1994-08-03,923.47,20632.73,9585.89
1994-08-04,927.49,20676.84,9642.85
1994-08-05,935.82,20521.7,9602.21
1994-08-06,932.17,,
1994-08-08,919.76,20635.83,9537.87
1994-08-09,917.5,20590.22,9446.43
1994-08-10,930.21,20770.25,9618.08
1994-08-11,939.19,20821.36,9524.54
1994-08-12,945.74,20663.83,9464.56
1994-08-13,944.61,,
1994-08-15,,20626.33,9486.13
1994-08-16,939.9,20786.36,9366.62
1994-08-17,942.96,20824.56,9537.98
1994-08-18,946.48,20862.77,9518.89
1994-08-19,943.23,20512.7,9404.44
1994-08-20,947.06,,
1994-08-22,962.96,20394.58,9457.33
1994-08-23,951.51,20380.78,9234.06
1994-08-24,943.64,20511.6,9238.69
1994-08-25,945.41,20443.29,9336.11
1994-08-26,951.38,20471.49,9399.08
1994-08-27,941.18,,
1994-08-29,936.01,20600.42,
1994-08-30,939.85,20592.12,9686.56
1994-08-31,944.23,20628.53,9929.39
1994-09-01,949.23,20642.93,9890.9
1994-09-02,944.52,20653.83,9901.56
1994-09-03,947.88,,
1994-09-05,969.61,20409.18,9962.04
1994-09-06,977.5,20393.98,10035.97
1994-09-07,972.68,20023.8,10165.87
1994-09-08,991.44,19917.78,10150.98
1994-09-09,984.8,19897.88,10145.02
1994-09-10,986.52,,
1994-09-12,995.7,19917.28,9890.37
1994-09-13,995.38,20046.11,9937.01
1994-09-14,999.36,19919.38,9846.4
1994-09-15,988.75,,9862.64
1994-09-16,1000.8,19796.26,9968.52
1994-09-17,1023.61,,
1994-09-19,,19554.11,9801.43
1994-09-20,,19837.27,9824.75
1994-09-21,,19885.38,
1994-09-22,1034.01,19833.67,9668.14
1994-09-23,1030.99,,9632.47
1994-09-24,1037.41,,
1994-09-26,1045.12,19814.36,9643.63
1994-09-27,1052.01,19468.89,9610.24
1994-09-28,1039.79,19507.6,9693.49
1994-09-29,1037.55,19615.12,9700.21
1994-09-30,1050.51,19563.81,9521.24
1994-10-01,1054.23,,
1994-10-03,,19650.03,9492.49
1994-10-04,1064.64,19568.61,9504.12
1994-10-05,1057.29,19751.55,9298.36
1994-10-06,1069.93,19655.23,9276.25
1994-10-07,1065.84,19744.75,9284.88
1994-10-08,1061.96,,
1994-10-10,1068.68,,9248.4
1994-10-11,1078.66,19821.46,9362.32
1994-10-12,1089.66,20089.72,9532.35
1994-10-13,1096.54,20148.83,
1994-10-14,1103.37,19969.29,9550.93
1994-10-15,1096.48,,
1994-10-17,1109.87,19958.29,9455.94
1994-10-18,1113.29,19992.4,9418.57
1994-10-19,1094.76,19868.87,9320.06
1994-10-20,1088.77,19991.9,9388.78
1994-10-21,1095.32,19899.08,9338.59
1994-10-22,1088.9,,
1994-10-24,1081.15,19852.37,9364.29
1994-10-25,1091.02,19732.15,9246.5
1994-10-26,1092.03,19746.35,9252.44
1994-10-27,1084.71,19796.36,9304.58
1994-10-28,1082.58,19805.16,9379.47
1994-10-29,1098.26,,
1994-10-31,1105.62,19989.6,9646.25
1994-11-01,1108.43,19916.48,9573.4
1994-11-02,1105.74,19750.65,9451.76
1994-11-03,1117.73,,9491.96
1994-11-04,1119.52,19811.56,9530.4
1994-11-05,1125.01,,
1994-11-07,1132.99,19619.22,9434.31
1994-11-08,1138.75,19609.02,9416.09
1994-11-09,1138.39,19423.88,9405.48
1994-11-10,1126.87,19264.85,9390.76
1994-11-11,1122.57,19284.36,9367.85
1994-11-12,1116.23,,
1994-11-14,1128.57,19261.45,9378.92
1994-11-15,1125.8,19391.68,9565.66
1994-11-16,1118.75,19306.66,9592.24
1994-11-17,1120.63,19336.57,9518.28
1994-11-18,1118.44,19302.56,9427.44
1994-11-19,1117.58,,
1994-11-21,1117.08,19121.72,9303.24
1994-11-22,1106.7,18962.99,8948.43
1994-11-23,1095.97,,8576.03
1994-11-24,1085.16,18701.24,8647.86
1994-11-25,1079.34,18666.93,8658.83
1994-11-26,1081.45,,
1994-11-28,1069.48,18811.36,8662.37
1994-11-29,1081.26,18926.49,8658.26
1994-11-30,1074.41,19075.62,8466.26
1994-12-01,1066.21,19013.6,8430.8
1994-12-02,1053.63,18998.3,8221.57
1994-12-03,1054.03,,
1994-12-05,1065.03,19305.66,8302.53
1994-12-06,1075.01,19340.47,8332.65
1994-12-07,1068.93,19174.23,8268.5
1994-12-08,1053.7,19180.04,8068.31
1994-12-09,1037.67,18978.3,7789.07
1994-12-10,1033.27,,
1994-12-12,1042.78,18975.1,7707.78
1994-12-13,1025.89,18875.48,7849.75
1994-12-14,1026.62,18931.49,7997.35
1994-12-15,1027.87,19121.12,8259.56
1994-12-16,1036.76,19163.43,8166.39
1994-12-17,1036.54,,
1994-12-19,1028.62,19270.85,8178.34
1994-12-20,1023.99,19406.98,8267.33
1994-12-21,1026.86,19340.67,8331.56
1994-12-22,1040.2,19633.53,8412.66
1994-12-23,1040.55,,8311.88
1994-12-24,1035.82,,
1994-12-26,1024.6,19726.75,
1994-12-27,1025.33,19711.36,
1994-12-28,1027.37,19665.53,8268.22
1994-12-29,,19752.98,8196.02
1994-12-30,,19723.06,8191.04
1995-01-02,,,
1995-01-03,1013.57,,7844.14
1995-01-04,997.01,19684.04,7887.01
1995-01-05,976.06,19616.11,7918.38
1995-01-06,975.32,19519.46,7683.25
1995-01-07,988.8,,
1995-01-09,998.32,19444.92,7528.88
1995-01-10,993.44,19501.45,7541.72
1995-01-11,999.08,19548.47,7392.75
1995-01-12,1000.77,19410.01,7418.05
1995-01-13,976.59,19331.17,7252.34
1995-01-14,969.56,,
1995-01-16,957.88,,7504.24
1995-01-17,956.96,19241.32,7606.51
1995-01-18,966.66,19223.31,7630.2
1995-01-19,974.9,19075.74,7422.0
1995-01-20,973.06,18840.22,7278.1
1995-01-21,955.11,,
1995-01-23,935.38,17785.49,6967.93
1995-01-24,916.83,18060.73,7022.9
1995-01-25,916.85,18159.48,7240.72
1995-01-26,927.85,18070.84,7310.53
1995-01-27,907.05,18104.35,7297.12
1995-01-28,925.56,,
1995-01-30,,18752.88,7342.65
1995-01-31,,18649.82,
1995-02-01,,18739.47,
1995-02-02,943.35,18604.3,
1995-02-03,940.64,18538.97,7478.92
1995-02-04,951.88,,
1995-02-06,945.27,18667.23,7897.8
1995-02-07,942.52,18500.55,8004.01
1995-02-08,958.35,18290.25,7934.83
1995-02-09,963.77,18099.55,8054.88
1995-02-10,955.31,18291.35,8012.82
1995-02-11,953.71,,
1995-02-13,957.1,18313.86,7974.82
1995-02-14,941.49,18138.47,7862.67
1995-02-15,926.09,17991.0,8103.14
1995-02-16,923.49,17780.59,8133.34
1995-02-17,910.22,18020.51,8043.01
1995-02-18,909.44,,
1995-02-20,929.23,17956.48,7906.74
1995-02-21,917.75,18096.25,8082.29
1995-02-22,919.48,18106.65,7909.27
1995-02-23,907.86,17830.02,7976.41
1995-02-24,892.89,17472.94,8218.95
1995-02-25,912.6,,
1995-02-27,894.6,16808.7,8126.65
1995-02-28,885.69,17053.43,8327.52
1995-03-01,,16618.71,8296.96
1995-03-02,903.42,16963.18,8253.33
1995-03-03,907.96,17039.62,8185.15
1995-03-04,919.15,,
1995-03-06,933.44,17040.72,8093.91
1995-03-07,936.13,16955.28,8138.66
1995-03-08,940.08,16621.31,7929.99
1995-03-09,943.75,16763.08,8076.79
1995-03-10,944.37,16358.38,7949.39
1995-03-11,954.2,,
1995-03-13,953.16,16477.64,8111.27
1995-03-14,956.65,16245.82,8094.58
1995-03-15,953.71,16666.83,8365.21
1995-03-16,954.16,16355.68,8347.75
1995-03-17,952.25,16251.23,8534.71
1995-03-18,951.34,,
1995-03-20,956.87,16129.96,8594.43
1995-03-21,946.07,,8580.31
1995-03-22,941.77,15904.85,8509.11
1995-03-23,947.27,15813.41,8467.67
1995-03-24,953.62,15749.77,8484.66
1995-03-25,955.51,,
1995-03-27,953.84,16096.25,8687.54
1995-03-28,947.9,16681.73,8827.93
1995-03-29,936.44,16460.73,8732.75
1995-03-30,926.93,16512.22,8676.17
1995-03-31,931.78,16139.95,8587.72
1995-04-01,934.09,,
1995-04-03,922.53,15381.29,8400.44
1995-04-04,911.61,15630.53,8491.93
1995-04-05,,15882.49,
1995-04-06,905.78,15815.87,8418.18
1995-04-07,914.3,15719.5,8470.28
1995-04-08,908.89,,
1995-04-10,899.39,16163.09,8469.78
1995-04-11,893.27,16268.88,8514.6
1995-04-12,893.47,16344.92,8509.69
1995-04-13,891.2,16438.79,8661.99
1995-04-14,906.06,16047.89,
1995-04-15,911.41,,
1995-04-17,918.89,16304.15,
1995-04-18,917.06,16225.11,8644.97
1995-04-19,909.86,16376.08,8581.86
1995-04-20,908.73,16643.06,8631.37
1995-04-21,903.16,16968.24,8645.39
1995-04-22,891.84,,
1995-04-24,876.89,16804.05,8625.55
1995-04-25,878.78,16910.54,8505.6
1995-04-26,880.73,16826.49,8285.69
1995-04-27,893.88,16883.99,8312.29
1995-04-28,896.84,16806.75,8361.03
1995-04-29,897.0,,
1995-05-01,,16811.46,8226.04
1995-05-02,906.04,17088.66,8212.11
1995-05-03,920.73,,8299.67
1995-05-04,922.05,,8319.75
1995-05-05,,,8332.17
1995-05-06,918.46,,
1995-05-08,910.39,17103.69,8488.36
1995-05-09,903.01,16958.22,8574.08
1995-05-10,891.87,16826.49,8796.88
1995-05-11,884.79,16461.73,9025.66
1995-05-12,886.11,16420.76,9217.83
1995-05-13,890.11,,
1995-05-15,887.11,16609.7,9189.79
1995-05-16,885.33,16388.9,9162.32
1995-05-17,886.2,16471.35,9170.24
1995-05-18,880.4,16312.56,9115.72
1995-05-19,876.01,16140.85,9013.32
1995-05-20,875.68,,
1995-05-22,864.13,15789.12,9058.74
1995-05-23,856.89,15916.15,9302.86
1995-05-24,848.63,15970.75,9258.18
1995-05-25,862.18,15579.44,9390.6
1995-05-26,850.76,15694.25,9329.18
1995-05-27,847.09,,
1995-05-29,887.5,15574.03,9316.17
1995-05-30,881.8,15762.97,9245.3
1995-05-31,882.5,15436.79,9407.38
1995-06-01,891.43,15594.57,9559.74
1995-06-02,894.24,15849.13,
1995-06-03,890.08,,
1995-06-05,899.04,15897.32,9570.37
1995-06-06,,15660.99,9497.83
1995-06-07,899.36,15679.62,9382.58
1995-06-08,890.68,15442.3,9292.78
1995-06-09,886.83,15044.18,9267.62
1995-06-10,886.31,,
1995-06-12,884.4,14813.46,9121.45
1995-06-13,887.32,14599.68,9103.17
1995-06-14,886.56,14660.49,9364.77
1995-06-15,880.91,14867.26,9262.0
1995-06-16,879.24,14703.17,9313.95
1995-06-17,880.67,,
1995-06-19,886.31,14700.06,
1995-06-20,884.35,14665.7,9278.69
1995-06-21,878.82,14951.21,9243.65
1995-06-22,871.18,14926.37,9158.95
1995-06-23,871.96,15265.18,9224.36
1995-06-24,872.46,,
1995-06-26,868.77,15145.36,9201.25
1995-06-27,,14759.05,9199.54
1995-06-28,872.68,14618.07,9151.37
1995-06-29,883.9,14507.17,9200.13
1995-06-30,894.41,14517.4,9206.54
1995-07-01,909.59,,
1995-07-03,914.1,14485.41,9138.21
1995-07-04,907.68,14755.74,9182.47
1995-07-05,904.98,14830.44,9407.27
1995-07-06,914.95,15256.89,9376.87
1995-07-07,942.39,16213.08,9632.25
1995-07-08,946.98,,
1995-07-10,961.84,16242.66,9727.54
1995-07-11,959.99,16588.19,9669.97
1995-07-12,962.22,16605.74,9639.62
1995-07-13,977.29,16505.67,9742.44
1995-07-14,972.02,16517.7,9727.96
1995-07-15,966.48,,
1995-07-17,,16842.47,9633.98
1995-07-18,961.01,16574.35,9616.98
1995-07-19,950.11,16422.44,9418.91
1995-07-20,961.41,16453.42,9423.2
1995-07-21,964.56,16589.09,9410.23
1995-07-22,963.25,,
1995-07-24,965.36,16591.5,9288.04
1995-07-25,953.53,16148.4,9359.1
1995-07-26,945.99,16387.25,9354.95
1995-07-27,940.75,16625.19,9361.33
1995-07-28,932.82,16649.45,9451.69
1995-07-29,928.64,,
1995-07-31,933.57,16677.53,9453.42
1995-08-01,944.6,16358.57,9385.27
1995-08-02,935.7,16720.75,9410.14
1995-08-03,922.95,16893.71,9379.72
1995-08-04,917.47,16741.2,9362.83
1995-08-05,914.16,,
1995-08-07,907.84,16615.46,9318.4
1995-08-08,901.87,16838.97,9303.82
1995-08-09,924.41,16789.33,9301.65
1995-08-10,916.01,16728.97,9142.55
1995-08-11,914.23,16792.34,9006.93
1995-08-12,910.03,,
1995-08-14,908.69,16916.57,8924.27
1995-08-15,,17452.72,8931.31
1995-08-16,904.44,18158.73,8985.05
1995-08-17,902.82,18149.7,8896.66
1995-08-18,906.9,18032.49,8895.82
1995-08-19,911.88,,
1995-08-21,913.31,17871.05,8900.48
1995-08-22,917.79,17877.77,8947.19
1995-08-23,925.81,17731.98,9132.64
1995-08-24,927.82,17921.99,9058.34
1995-08-25,921.1,17770.68,9080.39
1995-08-26,921.69,,
1995-08-28,922.44,17847.29,
1995-08-29,916.46,18135.16,9152.89
1995-08-30,914.71,17983.86,9197.21
1995-08-31,914.06,18117.22,9179.86
1995-09-01,911.36,18120.73,9196.47
1995-09-02,918.82,,
1995-09-04,922.49,17748.52,9252.95
1995-09-05,928.96,17794.04,9222.91
1995-09-06,944.52,17620.38,9194.68
1995-09-07,953.81,17621.18,9278.99
1995-09-08,,18279.55,9393.21
1995-09-11,950.98,18486.11,9438.95
1995-09-12,952.28,18472.17,9434.81
1995-09-13,968.32,18614.26,9581.36
1995-09-14,965.72,18758.55,9680.1
1995-09-15,985.64,,9797.4
1995-09-16,995.57,,
1995-09-18,1000.21,18319.16,9770.05
1995-09-19,992.57,18474.38,9646.14
1995-09-20,1009.47,18198.64,9630.96
1995-09-21,1012.29,18034.79,9536.27
1995-09-22,997.73,17713.93,9541.87
1995-09-23,991.33,,
1995-09-25,985.2,17566.43,9497.88
1995-09-26,983.82,17921.98,9583.34
1995-09-27,980.78,18262.43,9650.6
1995-09-28,985.88,18022.86,9600.56
1995-09-29,987.1,17913.06,9646.34
1995-09-30,982.65,,
1995-10-02,975.79,17739.84,9724.98
1995-10-03,,18142.99,9805.46
1995-10-04,982.89,18145.08,9939.95
1995-10-05,989.05,18220.41,9888.04
1995-10-06,1002.07,18506.28,9873.9
1995-10-07,1003.4,,
1995-10-09,1008.29,18176.27,9863.44
1995-10-10,1004.16,,9730.92
1995-10-11,1011.0,17891.19,9635.06
1995-10-12,1016.66,17971.4,9685.14
1995-10-13,1014.3,17880.83,9883.78
1995-10-14,1016.77,,
1995-10-16,1007.48,18016.44,10009.28
1995-10-17,1005.78,17916.6,10032.93
1995-10-18,1006.7,17895.97,9973.7
1995-10-19,1000.22,17955.36,9981.61
1995-10-20,994.89,18157.33,9895.24
1995-10-21,999.5,,
1995-10-23,976.39,18156.24,9880.53
1995-10-24,992.76,18014.25,9775.66
1995-10-25,997.88,17970.81,9841.06
1995-10-26,1001.15,17726.68,9774.48
1995-10-27,1001.37,17337.19,9680.75
1995-10-28,992.05,,
1995-10-30,982.87,17509.17,9672.39
1995-10-31,990.26,17654.64,9782.39
1995-11-01,997.52,17474.49,
1995-11-02,994.68,18028.8,9749.36
1995-11-03,989.74,,9855.8
1995-11-04,989.97,,
1995-11-06,992.77,18036.97,9736.1
1995-11-07,987.72,18021.22,9732.41
1995-11-08,980.84,17863.29,9562.45
1995-11-09,970.91,17821.04,9497.83
1995-11-10,965.95,17843.56,9411.85
1995-11-11,976.25,,
1995-11-13,954.04,17789.46,9385.22
1995-11-14,948.34,17802.51,9407.37
1995-11-15,937.04,17682.74,9431.38
1995-11-16,933.95,17939.52,9367.65
1995-11-17,952.37,18151.16,9287.9
1995-11-18,946.35,,
1995-11-20,931.64,18383.82,9373.91
1995-11-21,917.97,18384.32,9452.09
1995-11-22,921.03,18239.84,9501.61
1995-11-23,932.58,,9505.67
1995-11-24,944.85,18215.23,9488.75
1995-11-25,942.5,,
1995-11-27,949.23,18543.14,9523.87
1995-11-28,952.89,18688.42,9623.79
1995-11-29,948.31,18533.98,9617.32
1995-11-30,930.92,18744.42,9813.34
1995-12-01,939.0,18833.1,9862.55
1995-12-02,931.23,,
1995-12-04,934.95,18897.37,9940.63
1995-12-05,946.98,18879.53,9975.37
1995-12-06,954.61,19067.86,9898.89
1995-12-07,960.57,19412.32,9863.98
1995-12-08,958.62,19286.97,9863.61
1995-12-09,962.87,,
1995-12-11,947.75,19226.78,9835.17
1995-12-12,943.22,19312.77,9927.79
1995-12-13,929.46,19283.48,9920.88
1995-12-14,908.67,19499.3,9912.84
1995-12-15,899.55,19346.55,9858.65
1995-12-16,884.39,,
1995-12-18,867.18,19311.08,9806.58
1995-12-19,890.79,19140.49,9705.86
1995-12-20,892.04,19448.59,9877.86
1995-12-21,899.84,19653.25,9907.61
1995-12-22,894.67,19744.42,9932.2
1995-12-23,893.11,,
1995-12-25,,19775.41,
1995-12-26,876.37,19904.72,
1995-12-27,882.94,20011.76,9985.23
1995-12-28,,19873.13,9998.17
1995-12-29,,19868.15,10073.39
1996-01-02,,,10204.87
1996-01-03,888.85,,10397.44
1996-01-04,859.97,20618.0,10573.9
1996-01-05,856.62,20669.03,10529.9
1996-01-06,858.36,,
1996-01-08,866.81,20563.58,10466.67
1996-01-09,881.99,20652.08,10427.2
1996-01-10,885.77,20612.32,10304.63
1996-01-11,883.96,20377.92,10429.82
1996-01-12,880.74,20287.42,10540.01
1996-01-13,874.46,,
1996-01-15,865.46,,10634.5
1996-01-16,868.27,20567.07,10671.15
1996-01-17,857.06,20570.26,10593.82
1996-01-18,849.14,20370.04,10536.49
1996-01-19,848.07,20365.76,10764.09
1996-01-20,842.72,,
1996-01-22,842.8,20196.53,10955.33
1996-01-23,850.83,20080.92,10957.22
1996-01-24,865.55,20312.74,10960.21
1996-01-25,868.17,20414.69,11103.08
1996-01-26,867.38,20663.84,11111.87
1996-01-27,864.77,,
1996-01-29,873.15,20589.2,11058.97
1996-01-30,875.45,20722.44,11201.46
1996-01-31,878.82,20812.74,11359.7
1996-02-01,885.13,20935.12,11362.8
1996-02-02,881.48,20904.03,11469.4
1996-02-03,884.63,,
1996-02-05,890.68,20653.38,11484.12
1996-02-06,881.21,20751.15,11391.38
1996-02-07,883.77,20943.49,11388.59
1996-02-08,889.01,21118.3,11331.77
1996-02-09,881.88,20934.82,11310.28
1996-02-10,875.21,,
1996-02-12,865.12,,11256.59
1996-02-13,858.18,20784.23,11200.19
1996-02-14,869.98,20943.59,11364.46
1996-02-15,869.35,20886.19,11471.81
1996-02-16,878.03,20802.77,11594.99
1996-02-17,889.34,,
1996-02-19,,20721.25,
1996-02-20,,20655.67,
1996-02-21,883.23,20372.23,
1996-02-22,881.6,20340.94,11338.45
1996-02-23,876.55,20300.38,11390.41
1996-02-24,868.61,,
1996-02-26,859.05,20480.27,11210.42
1996-02-27,859.87,20000.4,11197.02
1996-02-28,855.21,19919.97,11264.65
1996-02-29,852.83,20125.37,11125.68
1996-03-01,,20168.63,11194.94
1996-03-02,856.51,,
1996-03-04,855.1,20063.88,11254.05
1996-03-05,857.72,20183.87,11454.08
1996-03-06,851.06,20241.18,11378.73
1996-03-07,842.22,19957.15,11194.48
1996-03-08,849.15,20155.87,11217.79
1996-03-09,863.63,,
1996-03-11,848.26,19796.29,10397.45
1996-03-12,844.42,19950.27,10602.45
1996-03-13,838.87,19734.7,10249.48
1996-03-14,844.43,19923.66,10451.75
1996-03-15,856.47,20190.85,10557.58
1996-03-16,856.58,,
1996-03-18,854.46,20285.13,10601.28
1996-03-19,860.13,20442.6,10880.5
1996-03-20,869.98,,10836.53
1996-03-21,868.2,20727.53,11027.96
1996-03-22,872.04,20700.92,11026.73
1996-03-23,868.76,,
1996-03-25,863.27,20915.44,11111.76
1996-03-26,859.07,21014.77,10984.47
1996-03-27,857.21,21329.98,11066.57
1996-03-28,856.56,21295.82,11030.58
1996-03-29,866.76,21406.85,10957.2
1996-03-30,874.16,,
1996-04-01,880.16,21560.39,10926.84
1996-04-02,884.47,21600.08,11144.64
1996-04-03,884.75,21464.73,11139.88
1996-04-04,881.5,21471.16,
1996-04-05,,21695.84,
1996-04-06,876.86,,
1996-04-08,877.03,21424.24,
1996-04-09,869.82,21744.17,11107.37
1996-04-10,869.17,21791.7,11077.55
1996-04-11,,21694.43,10892.57
1996-04-12,889.82,21660.47,10849.8
1996-04-13,895.57,,
1996-04-15,908.09,21883.04,10949.57
1996-04-16,907.73,21868.17,11032.98
1996-04-17,922.4,21816.22,10962.69
1996-04-18,936.89,21812.5,10909.29
1996-04-19,948.37,21883.84,10818.49
1996-04-20,941.69,,
1996-04-22,950.61,22123.89,10909.98
1996-04-23,940.55,22119.88,10889.05
1996-04-24,956.61,22282.05,10898.69
1996-04-25,964.69,22230.1,10753.38
1996-04-26,964.57,22235.03,10732.79
1996-04-27,968.45,,
1996-04-29,985.03,,10835.75
1996-04-30,980.9,22041.3,10964.53
1996-05-01,,21815.01,10907.01
1996-05-02,961.52,21662.38,10929.9
1996-05-03,965.67,,10734.24
1996-05-04,964.65,,
1996-05-06,974.1,,10697.54
1996-05-07,986.84,21495.28,10702.17
1996-05-08,976.75,21728.6,10617.32
1996-05-09,959.14,21411.88,10573.0
1996-05-10,965.83,21420.12,10597.73
1996-05-11,970.64,,
1996-05-13,978.73,21171.82,10746.0
1996-05-14,964.11,21301.05,10817.88
1996-05-15,958.17,22055.97,10863.83
1996-05-16,940.96,22147.21,10833.41
1996-05-17,937.51,21916.6,10816.85
1996-05-18,928.8,,
1996-05-20,935.07,21979.0,10987.59
1996-05-21,919.88,22091.74,11088.77
1996-05-22,924.0,21958.0,11082.79
1996-05-23,918.11,21724.08,11030.84
1996-05-24,,21798.43,11019.16
1996-05-25,911.76,,
1996-05-27,920.43,21699.76,11081.69
1996-05-28,906.21,21944.53,11107.02
1996-05-29,894.29,22021.5,11200.56
1996-05-30,898.56,21886.35,11157.07
1996-05-31,903.09,21956.19,11264.73
1996-06-01,907.98,,
1996-06-03,897.22,21588.52,11059.81
1996-06-04,909.43,21858.12,11086.91
1996-06-05,913.25,21881.43,11092.51
1996-06-06,,21804.46,11225.83
1996-06-07,907.83,21751.81,11196.55
1996-06-08,903.32,,
1996-06-10,892.17,21719.15,11143.24
1996-06-11,888.66,21817.62,10993.55
1996-06-12,873.31,22104.8,10958.67
1996-06-13,874.68,22082.4,10866.02
1996-06-14,862.53,22289.39,10864.99
1996-06-15,859.49,,
1996-06-17,856.43,22245.38,
1996-06-18,862.31,22332.4,10952.78
1996-06-19,869.56,22367.36,10904.47
1996-06-20,861.72,22437.3,
1996-06-21,864.27,22530.65,10855.29
1996-06-22,856.36,,
1996-06-24,842.48,22603.2,10959.72
1996-06-25,836.94,22597.17,10982.77
1996-06-26,823.63,22666.8,11059.92
1996-06-27,820.05,22501.61,11002.45
1996-06-28,823.53,22530.75,11020.9
1996-06-29,817.43,,
1996-07-01,833.79,22455.49,11002.61
1996-07-02,837.93,22347.97,11084.43
1996-07-03,838.24,22379.02,11063.28
1996-07-04,841.51,22292.91,11181.82
1996-07-05,845.12,22232.42,11177.13
1996-07-06,850.39,,
1996-07-08,847.99,21924.94,10890.05
1996-07-09,858.05,21919.82,10929.63
1996-07-10,858.79,21778.94,10911.76
1996-07-11,847.39,21892.58,10921.35
1996-07-12,839.82,21656.45,10802.68
1996-07-13,835.3,,
1996-07-15,814.11,21753.42,10800.13
1996-07-16,812.66,21406.35,10627.98
1996-07-17,,21412.88,10609.1
1996-07-18,816.47,21566.42,10711.24
1996-07-19,837.39,21476.29,10845.3
1996-07-20,840.05,,
1996-07-22,838.75,21005.63,10798.29
1996-07-23,838.78,21163.69,10865.31
1996-07-24,832.48,20631.03,10699.86
1996-07-25,820.29,20883.84,10706.97
1996-07-26,814.03,21124.9,10705.57
1996-07-27,804.55,,
1996-07-29,805.15,20967.54,10651.8
1996-07-30,807.28,20880.33,10585.86
1996-07-31,821.71,20692.83,10681.42
1996-08-01,835.27,20984.83,10789.87
1996-08-02,826.23,20940.41,10961.97
1996-08-03,824.08,,
1996-08-05,824.3,21077.47,11071.43
1996-08-06,828.05,20744.88,11134.6
1996-08-07,834.03,20477.59,11127.54
1996-08-08,837.2,20731.31,11164.36
1996-08-09,832.61,20551.05,11104.03
1996-08-10,836.77,,
1996-08-12,837.99,20666.6,11181.88
1996-08-13,833.43,20864.95,11165.67
1996-08-14,825.84,20981.11,11166.77
1996-08-15,,20968.25,11158.39
1996-08-16,814.96,20834.0,11175.98
1996-08-17,810.69,,
1996-08-19,800.52,21106.41,11213.48
1996-08-20,793.91,21127.01,11312.51
1996-08-21,789.12,21275.02,11436.5
1996-08-22,779.63,21363.24,11478.77
1996-08-23,781.42,21228.8,11424.64
1996-08-24,782.13,,
1996-08-26,766.89,20883.74,
1996-08-27,761.75,20910.27,11338.93
1996-08-28,753.35,20709.81,11379.49
1996-08-29,766.16,20553.16,11328.21
1996-08-30,782.87,20166.9,11159.02
1996-08-31,781.49,,
1996-09-02,774.26,20107.11,11106.57
1996-09-03,769.8,20198.15,10957.18
1996-09-04,791.64,20201.87,11076.95
1996-09-05,787.14,20379.82,11040.51
1996-09-06,784.05,20152.53,11025.59
1996-09-07,785.26,,
1996-09-09,797.38,20202.27,11212.6
1996-09-10,803.04,20559.59,11223.62
1996-09-11,801.45,20571.04,11236.36
1996-09-12,797.57,20443.93,11251.72
1996-09-13,785.19,20842.64,11369.04
1996-09-14,781.73,,
1996-09-16,781.88,,11567.9
1996-09-17,781.76,21310.59,11621.61
1996-09-18,782.1,21156.75,11594.03
1996-09-19,773.15,21322.85,11586.68
1996-09-20,759.35,21112.24,11592.36
1996-09-21,768.37,,
1996-09-23,769.2,,11622.13
1996-09-24,777.91,21171.99,11546.7
1996-09-25,793.21,21350.67,11603.53
1996-09-26,,21461.37,11636.13
1996-09-27,,21547.02,11759.39
1996-09-30,789.67,21556.4,11902.43
1996-10-01,789.47,21462.97,11921.22
1996-10-02,794.01,21498.6,11951.88
1996-10-03,,21331.5,12014.56
1996-10-04,776.43,21148.03,11905.51
1996-10-05,777.31,,
1996-10-07,795.33,21161.01,12133.07
1996-10-08,797.62,21038.53,12106.76
1996-10-09,817.78,20870.83,12250.57
1996-10-10,830.21,,12242.47
1996-10-11,833.43,20968.16,12218.4
1996-10-12,840.8,,
1996-10-14,842.28,21029.25,12330.35
1996-10-15,828.61,21429.93,12490.7
1996-10-16,835.17,21397.19,12396.18
1996-10-17,839.73,21423.74,12436.8
1996-10-18,830.25,21612.3,12510.05
1996-10-19,831.18,,
1996-10-21,832.62,21302.95,
1996-10-22,819.22,21123.68,12444.66
1996-10-23,811.98,21082.15,12492.37
1996-10-24,804.44,21003.49,12473.56
1996-10-25,793.78,20739.97,12388.38
1996-10-26,791.81,,
1996-10-28,780.08,20885.41,12262.77
1996-10-29,766.32,20958.08,12192.17
1996-10-30,757.09,20681.67,12405.47
1996-10-31,757.59,20466.86,12477.56
1996-11-01,767.87,20633.06,12529.27
1996-11-02,765.73,,
1996-11-04,747.42,,12559.4
1996-11-05,733.65,20592.33,12502.7
1996-11-06,747.29,20991.52,12775.47
1996-11-07,741.76,20771.11,12735.26
1996-11-08,739.11,21201.04,12751.16
1996-11-09,730.82,,
1996-11-11,729.53,21065.08,12771.86
1996-11-12,752.54,21206.43,12806.31
1996-11-13,747.32,20979.44,12943.69
1996-11-14,743.03,21031.04,13004.8
1996-11-15,750.29,20929.73,12889.37
1996-11-16,756.67,,
1996-11-18,750.82,20796.37,13042.8
1996-11-19,747.05,20956.18,13056.93
1996-11-20,744.14,21189.96,13167.16
1996-11-21,744.91,21143.34,13099.56
1996-11-22,731.44,21216.11,13116.79
1996-11-25,716.45,21293.57,13239.39
1996-11-26,715.97,21418.25,13485.33
1996-11-27,722.62,21345.28,13530.95
1996-11-28,736.92,21035.54,13310.76
1996-11-29,733.5,21020.36,13393.93
1996-11-30,726.48,,
1996-12-02,727.83,20674.69,13517.56
1996-12-03,725.59,20630.56,13456.26
1996-12-04,715.87,20659.91,13434.24
1996-12-05,706.3,20943.9,13491.56
1996-12-06,699.89,20276.7,13102.73
1996-12-07,696.11,,
1996-12-09,692.17,20603.71,13144.23
1996-12-10,702.83,20822.12,13342.46
1996-12-11,704.68,20568.38,13189.6
1996-12-12,689.38,20501.2,13053.28
1996-12-13,689.07,20341.39,12784.07
1996-12-14,687.34,,
1996-12-16,673.92,20422.04,12937.48
1996-12-17,663.35,20413.46,12815.37
1996-12-18,661.39,20093.03,12766.02
1996-12-19,690.97,19570.67,12846.56
1996-12-20,700.87,19690.46,13131.41
1996-12-21,693.14,,
1996-12-23,684.81,,13331.48
1996-12-24,677.76,19161.71,13341.61
1996-12-25,,19549.41,
1996-12-26,659.01,19291.58,
1996-12-27,651.22,19369.04,13404.14
1996-12-30,,19361.35,13480.75
1996-12-31,,,13451.45
1997-01-02,,,13203.44
1997-01-03,653.79,,13222.79
1997-01-04,643.41,,
1997-01-06,626.87,19446.0,13443.93
1997-01-07,611.05,18896.19,13420.16
1997-01-08,621.41,18680.38,13454.93
1997-01-09,639.87,18073.87,13198.11
1997-01-10,648.69,17303.65,13191.5
1997-01-11,659.54,,
1997-01-13,659.54,18118.79,13289.21
1997-01-14,686.59,18093.13,13293.87
1997-01-15,699.76,,13766.65
1997-01-16,711.86,18144.34,13830.68
1997-01-17,701.18,18090.04,13856.4
1997-01-18,694.23,,
1997-01-20,718.46,17480.34,13868.24
1997-01-21,690.54,17358.16,13732.79
1997-01-22,678.94,18013.88,13692.79
1997-01-23,676.91,17909.46,13610.33
1997-01-24,679.56,17689.36,13379.55
1997-01-25,685.11,,
1997-01-27,664.7,17334.9,13294.9
1997-01-28,662.85,17796.57,13403.29
1997-01-29,663.56,18335.3,13285.43
1997-01-30,676.52,17864.04,13288.4
1997-01-31,685.84,18330.01,13321.79
1997-02-01,683.13,,
1997-02-03,687.25,18085.95,13451.07
1997-02-04,695.95,18314.33,13548.43
1997-02-05,698.6,18185.97,13660.5
1997-02-06,700.22,18038.43,
1997-02-07,,17867.04,
1997-02-10,709.79,18181.17,13643.54
1997-02-11,713.43,,13454.21
1997-02-12,712.5,18409.96,13462.61
1997-02-13,716.71,18688.06,13239.95
1997-02-14,721.0,18722.0,13113.26
1997-02-15,722.32,,
1997-02-17,712.93,18750.65,13144.62
1997-02-18,706.94,18470.75,13102.94
1997-02-19,713.67,18599.12,13106.32
1997-02-20,711.13,19051.71,13411.33
1997-02-21,686.72,19034.54,13444.85
1997-02-22,681.24,,
1997-02-24,676.59,18896.99,13375.69
1997-02-25,682.81,19070.07,13520.26
1997-02-26,679.71,18990.92,13541.83
1997-02-27,669.41,19021.56,13546.6
1997-02-28,676.53,18557.0,13398.72
1997-03-03,679.64,18429.13,13507.28
1997-03-04,679.97,18564.78,13450.08
1997-03-05,674.9,18273.51,13410.76
1997-03-06,678.11,18041.33,13416.36
1997-03-07,681.22,18198.74,13337.35
1997-03-08,675.07,,
1997-03-10,667.35,18113.89,13268.76
1997-03-11,655.95,18267.72,13252.2
1997-03-12,663.9,18183.27,13119.13
1997-03-13,657.9,17900.48,12917.09
1997-03-14,642.08,17923.64,12736.53
1997-03-15,641.83,,
1997-03-17,658.9,18053.5,12838.53
1997-03-18,657.97,18445.2,12748.91
1997-03-19,646.29,18493.71,12651.42
1997-03-20,642.86,,12472.33
1997-03-21,627.63,18633.16,12489.3
1997-03-22,623.13,,
1997-03-24,617.26,18043.82,12749.14
1997-03-25,638.9,18439.61,12832.53
1997-03-26,656.62,18472.45,12776.39
1997-03-27,651.65,18210.42,12534.32
1997-03-28,652.87,18189.72,
1997-03-29,667.19,,
1997-03-31,677.34,18003.4,
1997-04-01,672.99,17869.59,12074.19
1997-04-02,678.86,18037.3,12136.32
1997-04-03,678.74,18129.31,12055.17
1997-04-04,687.42,17860.59,12204.59
1997-04-07,694.9,17715.67,12287.84
1997-04-08,694.97,18021.7,12398.57
1997-04-09,698.66,17703.37,12426.68
1997-04-10,688.04,17485.75,12358.7
1997-04-11,693.94,17846.98,12516.6
1997-04-12,696.95,,
1997-04-14,704.2,17692.47,12295.97
1997-04-15,701.39,17933.59,12342.02
1997-04-16,702.42,18031.2,12581.31
1997-04-17,694.76,18093.41,12516.23
1997-04-18,695.67,18352.14,12541.18
1997-04-19,700.65,,
1997-04-21,697.34,18551.66,12626.04
1997-04-22,687.96,18544.45,12580.85
1997-04-23,693.05,18735.47,12707.04
1997-04-24,690.8,18698.07,12726.83
1997-04-25,692.48,18612.86,12645.76
1997-04-26,699.76,,
1997-04-28,704.16,18670.37,12610.17
1997-04-29,704.05,,12600.42
1997-04-30,703.23,19151.12,12903.3
1997-05-01,,19275.33,13020.78
1997-05-02,706.1,19514.75,13081.7
1997-05-03,704.87,,
1997-05-05,,,13399.34
1997-05-06,701.57,20180.92,13579.34
1997-05-07,689.1,20048.9,13605.91
1997-05-08,684.69,20061.81,13740.3
1997-05-09,687.62,19802.78,13930.8
1997-05-10,678.98,,
1997-05-12,672.1,20143.51,13987.8
1997-05-13,683.86,20129.11,13906.46
1997-05-14,,20209.72,14153.58
1997-05-15,699.95,20056.31,14041.9
1997-05-16,699.53,20324.73,14062.37
1997-05-17,706.25,,
1997-05-19,721.2,20489.75,14108.82
1997-05-20,734.67,20332.83,14236.2
1997-05-21,737.71,19841.98,14235.52
1997-05-22,724.38,19877.39,14212.0
1997-05-23,730.53,20009.0,14331.68
1997-05-24,725.17,,
1997-05-26,718.99,20043.5,14574.64
1997-05-27,723.35,19889.89,14540.16
1997-05-28,738.12,20351.34,14556.48
1997-05-29,742.5,20312.23,14416.57
1997-05-30,746.36,20068.81,14757.81
1997-05-31,756.77,,
1997-06-02,758.39,20451.85,14990.9
1997-06-03,766.06,20563.16,14760.17
1997-06-04,763.25,20611.56,14831.58
1997-06-05,765.67,20488.15,14795.52
1997-06-06,,20485.75,14655.13
1997-06-07,762.77,,
1997-06-09,775.01,20223.82,
1997-06-10,769.83,20532.55,14439.71
1997-06-11,765.79,20289.93,14421.52
1997-06-12,774.66,20564.46,13924.34
1997-06-13,789.15,20528.35,14112.55
1997-06-14,791.97,,
1997-06-16,789.05,20681.07,14394.6
1997-06-17,792.29,20593.66,14307.15
1997-06-18,773.21,20497.85,14203.89
1997-06-19,770.95,20507.85,14506.49
1997-06-20,770.22,20385.54,15154.36
1997-06-21,760.4,,
1997-06-23,753.05,20436.14,15021.23
1997-06-24,753.7,20341.93,14890.96
1997-06-25,744.99,20679.27,15065.02
1997-06-26,744.34,20624.76,15128.02
1997-06-27,738.43,20523.75,15196.79
1997-06-28,746.89,,
1997-06-30,745.4,20604.96,
1997-07-01,758.03,20175.52,
1997-07-02,777.29,20196.42,
1997-07-03,775.26,20121.41,15055.74
1997-07-04,781.7,19968.0,14822.97
1997-07-05,779.24,,
1997-07-07,773.51,19705.17,14858.58
1997-07-08,767.74,19853.89,14792.17
1997-07-09,771.99,19697.17,14703.73
1997-07-10,767.77,19754.78,14839.23
1997-07-11,768.3,19875.49,15225.29
1997-07-12,767.27,,
1997-07-14,764.45,20228.72,15370.94
1997-07-15,755.05,20069.41,15487.24
1997-07-16,739.72,20358.74,15446.02
1997-07-17,,20519.25,15706.29
1997-07-18,747.37,20249.32,15570.4
1997-07-19,742.15,,
1997-07-21,740.93,,15536.3
1997-07-22,725.98,20157.02,15446.78
1997-07-23,730.58,20130.51,15738.81
1997-07-24,739.04,20286.23,15709.23
1997-07-25,733.64,20389.54,15658.12
1997-07-26,732.32,,
1997-07-28,733.92,20575.26,15666.59
1997-07-29,732.68,20402.74,15772.06
1997-07-30,726.89,20212.82,15983.18
1997-07-31,726.12,20331.43,16365.71
1997-08-01,731.45,19804.38,16379.22
1997-08-02,730.43,,
1997-08-04,734.19,19668.07,16259.59
1997-08-05,740.86,19514.45,16371.52
1997-08-06,745.65,19702.07,16541.6
1997-08-07,745.35,19475.85,16673.27
1997-08-08,752.01,19604.46,16647.54
1997-08-09,760.84,,
1997-08-11,765.07,18824.18,16460.47
1997-08-12,762.92,19099.11,16383.41
1997-08-13,762.73,19008.6,16482.93
1997-08-14,755.78,19222.62,16497.71
1997-08-15,,19326.03,16096.88
1997-08-16,748.41,,
1997-08-18,747.29,19041.1,
1997-08-19,741.29,18961.0,15477.26
1997-08-20,746.23,19252.23,15855.67
1997-08-21,739.47,19157.12,15654.03
1997-08-22,736.62,18650.17,15429.75
1997-08-23,742.58,,
1997-08-25,741.76,18656.17,15598.88
1997-08-26,734.03,18814.98,15547.22
1997-08-27,730.28,18441.94,15533.95
1997-08-28,716.86,18451.45,14876.1
1997-08-29,704.27,18229.42,14135.25
1997-08-30,695.37,,
1997-09-01,682.2,17974.3,13425.65
1997-09-02,688.78,18232.52,13735.33
1997-09-03,688.63,18735.17,14713.99
1997-09-04,687.99,18615.06,14199.17
1997-09-05,700.92,18650.17,14563.55
1997-09-06,702.91,,
1997-09-08,697.98,18633.86,14806.49
1997-09-09,688.97,18695.97,14996.66
1997-09-10,691.62,18704.77,14805.44
1997-09-11,695.37,18282.23,14308.3
1997-09-12,699.33,17965.8,14470.46
1997-09-13,699.74,,
1997-09-15,,,14630.65
1997-09-16,,17974.5,14411.19
1997-09-17,,17683.27,
1997-09-18,701.39,17930.09,14419.45
1997-09-19,689.16,18058.21,14384.13
1997-09-20,679.97,,
1997-09-22,668.45,18201.32,14108.08
1997-09-23,654.37,,14094.38
1997-09-24,655.75,18420.08,14205.44
1997-09-25,647.0,18341.96,14636.59
1997-09-26,638.26,17994.71,14710.87
1997-09-27,629.42,,
1997-09-29,625.07,17987.21,14864.37
1997-09-30,647.11,17887.71,15049.3
1997-10-01,644.92,17842.16,
1997-10-02,636.65,17455.04,
1997-10-03,,17647.45,15128.02
1997-10-04,646.15,,
1997-10-06,644.21,17824.78,14776.78
1997-10-07,630.03,17511.19,14810.76
1997-10-08,610.44,17619.18,14838.52
1997-10-09,609.36,17376.92,14273.12
1997-10-10,609.84,,
1997-10-11,620.23,,
1997-10-13,613.0,17204.7,14072.9
1997-10-14,620.68,17306.39,13836.56
1997-10-15,604.74,17331.37,13384.24
1997-10-16,579.25,17707.49,13567.26
1997-10-17,585.49,17478.42,13601.01
1997-10-18,584.71,,
1997-10-20,565.64,17294.51,12970.88
1997-10-21,566.85,17210.09,12403.1
1997-10-22,601.32,17687.61,11637.77
1997-10-23,604.06,17151.55,10426.3
1997-10-24,570.91,17363.74,11144.34
1997-10-25,548.47,,
1997-10-27,530.47,17038.36,10498.2
1997-10-28,495.28,16312.69,9059.89
1997-10-29,506.64,16857.04,10765.3
1997-10-30,485.08,16364.94,10362.86
1997-10-31,470.79,16458.94,10623.78
1997-11-01,497.22,,
1997-11-03,511.66,,11255.11
1997-11-04,542.13,16500.1,10780.78
1997-11-05,555.74,16448.05,10681.75
1997-11-06,553.87,16533.87,10412.56
1997-11-07,515.63,15836.36,10104.5
1997-11-08,495.7,,
1997-11-10,525.32,15697.2,9992.84
1997-11-11,522.11,15867.23,10004.13
1997-11-12,517.49,15434.17,9607.91
1997-11-13,519.47,15427.27,9720.78
1997-11-14,520.01,15082.52,9957.33
1997-11-15,519.37,,
1997-11-17,496.98,16283.32,10419.75
1997-11-18,494.66,16726.57,10245.18
1997-11-19,502.59,15842.46,10154.36
1997-11-20,488.41,16308.49,10050.68
1997-11-21,506.07,16721.58,10548.2
1997-11-22,485.43,,
1997-11-24,450.64,,10586.36
1997-11-25,439.59,15867.53,10325.56
1997-11-26,438.7,16045.55,10590.11
1997-11-27,433.1,16603.2,10583.1
1997-11-28,411.91,16636.26,10526.92
1997-11-29,407.86,,
1997-12-01,393.16,17007.59,10750.88
1997-12-02,376.87,16910.29,11216.35
1997-12-03,379.31,16585.51,11207.58
1997-12-04,405.81,16306.79,11474.94
1997-12-05,434.12,16424.48,11527.6
1997-12-06,435.73,,
1997-12-08,414.83,16131.57,11722.94
1997-12-09,388.0,16686.51,11490.66
1997-12-10,399.85,16478.12,11022.41
1997-12-11,377.37,16050.15,10420.22
1997-12-12,350.68,15904.3,10614.66
1997-12-13,359.82,,
1997-12-15,385.8,15909.39,10435.15
1997-12-16,404.26,15985.21,10346.38
1997-12-17,418.49,16541.06,10692.7
1997-12-18,,16161.64,10754.11
1997-12-19,397.02,15314.89,10405.81
1997-12-20,400.19,,
1997-12-22,396.06,14799.4,10172.47
1997-12-23,366.36,,10368.1
1997-12-24,351.45,14924.98,10342.44
1997-12-25,,15300.1,
1997-12-26,375.15,14802.6,
1997-12-27,376.31,,
1997-12-29,,14775.22,10502.99
1997-12-30,,15258.74,10755.21
1997-12-31,,,10722.76
1998-01-02,,,10680.57
1998-01-03,385.49,,
1998-01-05,396.49,14956.84,10303.54
1998-01-06,406.34,14896.4,10135.51
1998-01-07,409.42,15028.17,9538.61
1998-01-08,423.96,15019.18,9254.53
1998-01-09,414.0,14995.1,8894.64
1998-01-10,440.78,,
1998-01-12,456.2,14664.44,8121.06
1998-01-13,463.74,14755.94,8720.0
1998-01-14,475.13,15121.98,9226.55
1998-01-15,505.98,,8578.98
1998-01-16,488.1,16046.45,8900.04
1998-01-17,495.91,,
1998-01-19,528.77,16262.04,9400.42
1998-01-20,533.55,16366.53,9433.7
1998-01-21,506.66,16684.42,9246.8
1998-01-22,483.99,16405.69,8883.73
1998-01-23,486.86,16789.11,8920.2
1998-01-24,509.53,,
1998-01-26,518.64,17073.33,8973.86
1998-01-27,,16981.62,9252.36
1998-01-28,,16973.83,
1998-01-29,,17014.59,
1998-01-30,558.33,16628.47,
1998-01-31,567.38,,
1998-02-02,543.68,16776.82,10578.6
1998-02-03,550.21,17022.98,10525.51
1998-02-04,547.28,16882.62,10302.61
1998-02-05,528.05,17003.3,10442.13
1998-02-06,540.45,17040.06,10485.86
1998-02-07,542.7,,
1998-02-09,554.24,17205.0,10873.15
1998-02-10,541.77,17205.09,10859.67
1998-02-11,520.14,,10793.41
1998-02-12,512.49,17174.93,10620.03
1998-02-13,506.2,16791.01,10274.6
1998-02-14,484.12,,
1998-02-16,476.98,16775.52,10124.03
1998-02-17,471.73,16790.71,10232.03
1998-02-18,487.73,16613.89,10670.95
1998-02-19,513.45,16616.48,10581.27
1998-02-20,522.13,16756.24,10599.79
1998-02-21,528.95,,
1998-02-23,543.06,16609.49,10685.21
1998-02-24,540.89,16198.0,10683.34
1998-02-25,516.38,16360.64,10886.74
1998-02-26,524.98,16501.7,11224.78
1998-02-27,548.42,16831.67,11480.69
1998-02-28,558.98,,
1998-03-02,574.35,17264.34,11318.84
1998-03-03,570.89,17168.33,11425.46
1998-03-04,572.76,17095.6,11350.81
1998-03-05,535.68,16848.55,10803.68
1998-03-06,522.55,17131.97,10919.53
1998-03-07,525.98,,
1998-03-09,507.71,16972.53,10994.09
1998-03-10,525.56,16982.82,10898.57
1998-03-11,531.05,16756.14,11118.85
1998-03-12,535.84,16575.22,10902.47
1998-03-13,536.16,17060.14,11057.03
1998-03-14,533.56,,
1998-03-16,528.88,16861.14,11181.54
1998-03-17,515.51,16997.2,11255.54
1998-03-18,518.08,16619.68,11121.65
1998-03-19,521.73,16679.02,11445.04
1998-03-20,525.95,16830.47,11564.23
1998-03-21,521.62,,
1998-03-23,511.9,16868.83,11594.33
1998-03-24,508.43,16606.39,11645.43
1998-03-25,510.14,16658.34,11810.63
1998-03-26,501.13,16980.62,11757.88
1998-03-27,503.08,16739.26,11735.5
1998-03-28,496.26,,
1998-03-30,482.33,16263.04,11503.76
1998-03-31,481.04,16527.17,11518.68
1998-04-01,468.22,16241.66,11331.42
1998-04-02,453.66,15702.9,11189.71
1998-04-03,434.45,15517.78,11052.68
1998-04-04,442.45,,
1998-04-06,435.92,15705.99,
1998-04-07,459.58,15978.72,11049.43
1998-04-08,455.53,16376.62,11314.46
1998-04-09,468.11,16536.66,11342.02
1998-04-10,468.29,16481.12,
1998-04-11,490.63,,
1998-04-13,494.89,16317.58,
1998-04-14,467.63,16277.32,11420.34
1998-04-15,467.87,16299.3,11371.06
1998-04-16,454.15,15883.77,11187.78
1998-04-17,450.23,15703.8,11001.32
1998-04-18,441.68,,
1998-04-20,435.73,15697.1,11151.63
1998-04-21,439.21,15825.67,10968.26
1998-04-22,431.81,15761.54,10977.47
1998-04-23,416.54,15761.69,10918.94
1998-04-24,414.56,16011.24,10879.93
1998-04-25,411.63,,
1998-04-27,406.25,15649.95,10593.71
1998-04-28,402.39,15395.43,10678.61
1998-04-29,417.05,,10471.15
1998-04-30,421.22,15641.26,10383.68
1998-05-01,,15601.1,10563.68
1998-05-02,406.53,,
1998-05-04,391.8,,10439.42
1998-05-05,,,10153.66
1998-05-06,376.23,15243.84,10109.14
1998-05-07,379.47,15143.03,9971.93
1998-05-08,373.04,15149.0,10060.38
1998-05-09,374.76,,
1998-05-11,361.58,15381.9,10096.37
1998-05-12,351.86,15322.48,9841.51
1998-05-13,356.58,15343.81,9469.29
1998-05-14,362.94,15307.69,9591.95
1998-05-15,352.83,15242.86,9538.39
1998-05-16,352.32,,
1998-05-18,359.0,15384.47,9411.97
1998-05-19,362.53,15551.65,9449.11
1998-05-20,369.17,15652.95,9549.18
1998-05-21,362.3,15845.25,9670.45
1998-05-22,353.67,15801.65,9555.98
1998-05-23,356.05,,
1998-05-25,331.9,15783.12,9544.53
1998-05-26,311.99,15884.82,9482.21
1998-05-27,313.48,15664.29,8983.43
1998-05-28,323.09,15796.55,8877.94
1998-05-29,336.63,15670.78,8934.56
1998-05-30,332.03,,
1998-06-01,336.7,15321.03,8612.01
1998-06-02,324.1,15554.45,8598.17
1998-06-03,332.46,15347.0,8819.22
1998-06-04,,15426.47,8558.43
1998-06-05,341.53,15323.43,8569.47
1998-06-08,345.88,15294.71,8586.63
1998-06-09,339.22,15530.17,8391.46
1998-06-10,324.54,15339.26,7979.37
1998-06-11,328.7,15014.04,7886.07
1998-06-12,302.09,15022.33,7915.44
1998-06-13,302.81,,
1998-06-15,288.21,14825.17,7462.5
1998-06-16,280.0,14720.38,7526.45
1998-06-17,303.81,14715.38,8004.35
1998-06-18,325.49,15361.54,8515.97
1998-06-19,313.26,15267.98,8591.91
1998-06-20,315.75,,
1998-06-22,311.27,15309.09,8204.21
1998-06-23,303.31,15054.6,8219.67
1998-06-24,301.72,15123.18,8296.77
1998-06-25,300.57,15132.22,8665.83
1998-06-26,298.54,15210.04,8607.86
1998-06-27,301.9,,
1998-06-29,298.6,15365.73,8460.71
1998-06-30,297.88,15830.27,8543.1
1998-07-01,315.56,16362.89,
1998-07-02,311.77,16471.58,8866.16
1998-07-03,308.53,16511.24,8639.31
1998-07-04,307.85,,
1998-07-06,309.61,16350.45,8484.12
1998-07-07,317.5,16416.28,8444.18
1998-07-08,318.79,16530.97,8629.18
1998-07-09,319.02,16446.95,8433.78
1998-07-10,309.28,16090.06,8205.77
1998-07-11,304.98,,
1998-07-13,301.37,16360.39,8099.2
1998-07-14,306.73,16488.91,8178.93
1998-07-15,313.42,16614.14,8456.22
1998-07-16,330.35,16731.92,8586.57
1998-07-17,,16570.78,8628.93
1998-07-18,344.18,,
1998-07-20,365.18,,8493.25
1998-07-21,364.76,16556.69,8564.55
1998-07-22,362.07,16293.06,8420.72
1998-07-23,341.46,16188.01,8176.25
1998-07-24,343.79,16361.89,8257.46
1998-07-25,328.44,,
1998-07-27,329.8,15944.36,7984.43
1998-07-28,335.33,16114.54,7926.1
1998-07-29,344.41,16158.09,7808.83
1998-07-30,344.91,16201.6,7906.16
1998-07-31,343.33,16378.97,7936.2
1998-08-01,337.49,,
1998-08-03,329.47,16165.08,7552.77
1998-08-04,333.2,16023.58,7580.8
1998-08-05,322.83,15992.16,7466.43
1998-08-06,320.57,15876.22,7254.36
1998-08-07,321.71,15829.17,7018.41
1998-08-08,314.31,,
1998-08-10,311.95,15626.42,7034.62
1998-08-11,311.25,15406.99,6779.95
1998-08-12,305.35,15378.97,6859.48
1998-08-13,303.01,15382.02,6660.42
1998-08-14,304.61,15123.93,7224.69
1998-08-17,301.62,14794.66,
1998-08-18,291.15,15063.79,7210.92
1998-08-19,301.9,15406.34,7622.58
1998-08-20,316.59,15391.41,7742.53
1998-08-21,316.62,15298.2,7527.61
1998-08-22,305.33,,
1998-08-24,305.15,14988.36,7845.48
1998-08-25,310.23,15072.93,7890.09
1998-08-26,317.56,14866.03,7834.4
1998-08-27,313.92,14413.79,7922.97
1998-08-28,309.32,13915.63,7829.74
1998-08-29,304.79,,
1998-08-31,310.16,14107.89,7275.04
1998-09-01,309.71,14369.63,7062.47
1998-09-02,314.4,14376.62,7355.67
1998-09-03,314.78,14261.24,7318.59
1998-09-04,314.22,14042.91,7488.47
1998-09-05,315.83,,
1998-09-07,328.22,14790.06,8076.76
1998-09-08,326.35,14913.49,8189.25
1998-09-09,329.22,14755.54,7905.45
1998-09-10,338.95,14666.03,7849.96
1998-09-11,320.61,13916.98,7578.48
1998-09-12,320.33,,
1998-09-14,314.24,14227.37,7661.86
1998-09-15,310.29,,7733.47
1998-09-16,313.17,14197.7,7860.68
1998-09-17,310.88,13859.14,7576.57
1998-09-18,302.21,13983.12,7445.96
1998-09-19,301.23,,
1998-09-21,297.45,13597.3,7170.23
1998-09-22,292.61,13789.81,7373.51
1998-09-23,291.93,,7504.39
1998-09-24,310.75,14205.78,7834.61
1998-09-25,303.79,13723.84,7701.61
1998-09-26,306.3,,
1998-09-28,305.73,13909.37,7946.04
1998-09-29,312.33,13821.43,7837.61
1998-09-30,310.32,13406.39,7883.46
1998-10-01,305.64,13197.12,
1998-10-02,308.25,13223.69,
1998-10-05,,12948.12,7564.54
1998-10-06,,13021.64,
1998-10-07,313.49,13825.61,7744.72
1998-10-08,305.22,13026.06,7939.51
1998-10-09,327.96,12879.97,8506.79
1998-10-10,338.43,,
1998-10-12,352.17,13555.01,8990.27
1998-10-13,346.08,13242.79,9008.83
1998-10-14,346.13,13070.73,8840.01
1998-10-15,368.74,12995.37,8970.42
1998-10-16,374.01,13280.54,9777.01
1998-10-17,383.47,,
1998-10-19,373.97,13567.2,9599.05
1998-10-20,388.35,13808.05,9642.75
1998-10-21,380.8,14216.33,9662.12
1998-10-22,382.52,14295.56,9658.58
1998-10-23,378.83,14144.7,9817.75
1998-10-24,380.81,,
1998-10-26,373.32,13843.46,9778.91
1998-10-27,360.43,13820.68,9927.05
1998-10-28,363.91,13516.07,
1998-10-29,370.3,13668.72,9931.46
1998-10-30,384.75,13564.51,10154.94
1998-10-31,403.44,,
1998-11-02,404.61,13952.75,10170.08
1998-11-03,407.64,,10358.52
1998-11-04,413.47,14527.81,10508.25
1998-11-05,418.2,14341.37,10221.98
1998-11-06,416.3,14121.97,10139.75
1998-11-07,417.06,,
1998-11-09,424.45,14194.54,9851.93
1998-11-10,403.24,14108.09,9721.33
1998-11-11,400.7,14428.02,10137.32
1998-11-12,403.52,14075.06,9948.18
1998-11-13,404.3,14268.21,9997.99
1998-11-14,414.22,,
1998-11-16,422.21,14428.27,10298.09
1998-11-17,424.43,14413.0,10148.69
1998-11-18,423.74,14599.23,10213.42
1998-11-19,441.06,14354.46,10313.3
1998-11-20,452.93,14779.94,10233.36
1998-11-21,457.4,,
1998-11-23,453.95,,10514.53
1998-11-24,460.78,15164.64,10851.71
1998-11-25,464.01,15073.47,10720.99
1998-11-26,446.59,15207.77,10778.92
1998-11-27,447.0,15069.39,10742.11
1998-11-28,455.66,,
1998-11-30,451.88,14883.7,10402.32
1998-12-01,445.96,14835.41,9975.85
1998-12-02,446.35,14986.62,10055.78
1998-12-03,448.11,14697.08,10046.15
1998-12-04,466.34,14639.97,9963.14
1998-12-05,490.71,,
1998-12-07,514.52,14723.49,10428.82
1998-12-08,509.85,14808.2,10351.08
1998-12-09,526.52,14931.9,10361.29
1998-12-10,567.61,14807.8,10315.44
1998-12-11,555.17,14405.64,9952.0
1998-12-14,559.3,14111.62,9825.21
1998-12-15,579.86,14011.19,9952.84
1998-12-16,545.97,14096.3,9939.39
1998-12-17,528.89,14126.99,10083.31
1998-12-18,524.85,14194.29,10226.23
1998-12-21,565.27,14152.95,10396.01
1998-12-22,547.75,13779.45,10322.56
1998-12-23,553.53,,10158.75
1998-12-24,555.36,13706.73,10292.2
1998-12-25,,13797.95,
1998-12-28,562.46,13709.06,10170.14
1998-12-29,,13846.9,10225.97
1998-12-30,,13842.17,10121.44
1998-12-31,,,10048.58
1999-01-04,587.57,13415.89,9809.17
1999-01-05,598.55,13232.74,9891.06
1999-01-06,612.36,13468.46,10233.8
1999-01-07,637.59,13536.56,10693.57
1999-01-08,626.33,13391.81,10722.7
1999-01-11,640.95,13368.48,10634.27
1999-01-12,631.19,13360.97,10711.56
1999-01-13,633.03,13403.6,10273.77
1999-01-14,604.42,13738.86,10183.13
1999-01-15,614.57,,10147.4
1999-01-18,622.52,13805.06,10402.54
1999-01-19,618.12,13770.44,10290.11
1999-01-20,613.43,14028.05,10314.91
1999-01-21,582.04,14245.42,10048.57
1999-01-22,550.58,14154.4,9738.52
1999-01-25,539.76,14208.81,9499.5
1999-01-26,531.23,14382.01,9509.83
1999-01-27,565.2,14450.06,9719.66
1999-01-28,571.47,14342.32,9360.96
1999-01-29,571.43,14499.25,9506.9
1999-02-01,581.67,14465.18,9599.55
1999-02-02,567.28,14349.83,9502.72
1999-02-03,553.33,14161.31,9419.85
1999-02-04,550.15,14086.85,9438.65
1999-02-05,551.39,13898.08,9190.2
1999-02-08,545.38,13992.49,9139.6
1999-02-09,523.38,13902.66,9244.49
1999-02-10,524.49,13952.4,9076.33
1999-02-11,523.99,,9146.8
1999-02-12,551.77,13973.69,9425.42
1999-02-15,,14054.72,9402.39
1999-02-16,,14232.64,
1999-02-17,,14158.67,
1999-02-18,536.41,14146.79,
1999-02-19,522.18,14098.04,9254.12
1999-02-22,508.49,14256.67,9229.34
1999-02-23,502.88,14500.65,9433.99
1999-02-24,498.42,14355.45,9677.57
1999-02-25,499.14,14470.45,9658.07
1999-02-26,520.06,14367.54,9858.49
1999-03-01,,14221.75,10020.46
1999-03-02,533.97,13921.06,9913.58
1999-03-03,534.49,14170.36,9922.4
1999-03-04,532.29,14183.45,9912.76
1999-03-05,538.19,14894.0,10241.12
1999-03-08,571.84,14779.05,10263.99
1999-03-09,572.85,15096.7,10532.95
1999-03-10,569.27,15480.0,10749.01
1999-03-11,582.0,15502.14,10662.81
1999-03-12,590.8,15488.86,10801.76
1999-03-15,592.02,15779.6,10836.86
1999-03-16,601.83,16072.82,10911.25
1999-03-17,600.52,16268.11,10940.07
1999-03-18,578.98,15717.92,10659.32
1999-03-19,604.22,16378.78,11082.92
1999-03-22,607.74,,11107.24
1999-03-23,614.34,16019.1,11041.01
1999-03-24,611.48,15515.47,10711.34
1999-03-25,611.07,15986.04,10826.13
1999-03-26,609.79,16016.99,10803.31
1999-03-29,601.07,16008.84,10688.47
1999-03-30,618.05,15859.12,10940.21
1999-03-31,618.98,15836.59,10942.2
1999-04-01,636.89,16327.56,11072.98
1999-04-02,646.78,16290.19,
1999-04-05,,16334.78,
1999-04-06,666.73,16479.71,
1999-04-07,673.36,16554.5,11614.87
1999-04-08,681.19,16846.69,11727.84
1999-04-09,687.42,16855.63,11914.1
1999-04-12,689.64,16507.4,11744.74
1999-04-13,689.8,16715.16,11899.69
1999-04-14,687.41,16764.68,11834.13
1999-04-15,722.01,16727.08,11962.23
1999-04-16,725.14,16851.58,12490.3
1999-04-19,766.59,16674.21,12766.44
1999-04-20,770.43,16697.11,12409.78
1999-04-21,743.26,16495.02,12543.76
1999-04-22,740.4,16665.88,12933.54
1999-04-23,750.99,16923.25,12905.3
1999-04-26,776.3,16918.51,13127.02
1999-04-27,793.98,16957.27,13364.79
1999-04-28,790.03,16942.24,13133.39
1999-04-29,752.61,,13179.7
1999-04-30,752.59,16701.53,13333.2
1999-05-03,756.53,,13337.07
1999-05-04,771.17,,13559.69
1999-05-05,,,13586.21
1999-05-06,810.54,17300.61,13570.24
1999-05-07,810.62,16946.52,12997.43
1999-05-10,814.24,16977.01,13163.2
1999-05-11,781.41,16743.18,12874.37
1999-05-12,773.13,16947.36,13012.97
1999-05-13,742.37,16851.25,13053.67
1999-05-14,737.83,16810.39,12855.52
1999-05-17,717.83,16421.02,12588.6
1999-05-18,729.29,16378.62,12627.1
1999-05-19,734.98,16128.18,12403.14
1999-05-20,708.6,16199.99,12375.42
1999-05-21,710.49,16292.98,12272.14
1999-05-24,695.6,16390.49,12436.86
1999-05-25,698.69,16214.23,12346.91
1999-05-26,720.05,16230.52,12409.16
1999-05-27,726.66,16177.19,12308.53
1999-05-28,732.24,15972.68,12059.25
1999-05-31,736.02,16111.65,12147.12
1999-06-01,753.72,16408.5,12363.56
1999-06-02,775.0,16417.99,12458.64
1999-06-03,778.21,16227.5,12471.61
1999-06-04,797.5,16300.75,12415.54
1999-06-07,842.32,16475.89,12837.39
1999-06-08,853.6,16562.92,12864.86
1999-06-09,803.46,16622.5,12874.42
1999-06-10,856.06,17102.62,12839.21
1999-06-11,848.61,17198.55,12992.76
1999-06-14,821.91,17188.82,13007.57
1999-06-15,803.72,17282.0,12935.41
1999-06-16,829.53,17210.18,13155.12
1999-06-17,832.26,17470.45,13408.27
1999-06-18,837.73,17431.26,
1999-06-21,869.0,17738.85,13994.23
1999-06-22,875.97,17777.62,14004.88
1999-06-23,888.63,17586.75,13976.04
1999-06-24,877.3,17628.32,13780.12
1999-06-25,882.08,17436.52,13784.51
1999-06-28,903.05,17610.58,13840.29
1999-06-29,897.45,17782.79,13765.49
1999-06-30,883.0,17529.74,13532.14
1999-07-01,919.98,17860.75,
1999-07-02,933.42,17932.47,14184.58
1999-07-05,962.84,18135.06,14506.74
1999-07-06,989.43,18050.73,14372.61
1999-07-07,1005.98,17958.9,14257.44
1999-07-08,999.11,17967.65,14226.3
1999-07-09,1027.93,17937.73,14222.57
1999-07-12,1004.25,18274.18,14061.84
1999-07-13,987.5,18181.09,13980.93
1999-07-14,953.67,18357.86,13575.57
1999-07-15,982.14,18431.86,13758.89
1999-07-16,1020.82,18248.3,13545.24
1999-07-19,1024.58,18532.58,13447.13
1999-07-20,998.45,,13600.4
1999-07-21,965.11,18257.52,13419.66
1999-07-22,976.66,17730.34,13369.06
1999-07-23,904.96,17534.44,13093.7
1999-07-26,872.94,17491.34,12866.52
1999-07-27,928.85,17462.72,13075.09
1999-07-28,944.46,17579.91,13140.42
1999-07-29,998.71,17869.92,13117.84
1999-07-30,969.72,17861.86,13186.86
1999-08-02,959.81,17825.7,13435.43
1999-08-03,973.33,17969.93,13473.84
1999-08-04,975.45,17685.38,13591.02
1999-08-05,939.07,17358.19,13254.34
1999-08-06,938.26,17084.24,13167.06
1999-08-09,948.97,17190.45,12945.47
1999-08-10,968.66,17202.09,12596.71
1999-08-11,944.08,17211.16,12437.8
1999-08-12,949.35,17422.97,12779.75
1999-08-13,917.47,17435.17,12608.18
1999-08-16,907.28,17826.03,12894.78
1999-08-17,873.7,17860.09,12783.16
1999-08-18,868.94,17892.26,12993.1
1999-08-19,871.18,17879.74,13403.59
1999-08-20,878.39,18098.11,13566.74
1999-08-23,917.58,18233.55,13573.66
1999-08-24,932.41,18095.41,13633.87
1999-08-25,963.0,17855.16,13479.13
1999-08-26,959.88,17666.29,13608.38
1999-08-27,960.28,17599.37,13383.13
1999-08-30,942.57,17918.97,13688.66
1999-08-31,937.88,17436.56,13482.77
1999-09-01,905.52,17802.48,13544.19
1999-09-02,898.97,17631.25,13367.56
1999-09-03,910.62,17629.99,13178.31
1999-09-06,943.22,17756.51,13385.16
1999-09-07,943.92,17707.5,13396.09
1999-09-08,936.93,17641.38,13356.63
1999-09-09,950.53,17677.56,13854.88
1999-09-10,961.98,17711.02,13855.93
1999-09-13,980.91,17909.29,13860.85
1999-09-14,968.54,17777.22,13804.03
1999-09-15,952.69,,13430.6
1999-09-16,916.16,17291.59,
1999-09-17,925.2,17342.27,13484.84
1999-09-20,933.88,17575.26,13472.37
1999-09-21,957.42,17932.79,13420.46
1999-09-22,941.57,17325.76,13187.62
1999-09-23,,,13214.44
1999-09-24,,16871.73,13032.07
1999-09-27,903.79,16821.06,12760.46
1999-09-28,900.73,17325.7,12844.93
1999-09-29,868.88,17282.28,12834.89
1999-09-30,836.18,17605.46,12733.24
1999-10-01,839.35,17712.56,
1999-10-04,818.37,17763.71,12875.86
1999-10-05,791.55,17784.15,12998.89
1999-10-06,835.31,17896.42,13017.98
1999-10-07,851.15,18136.55,13113.2
1999-10-08,839.41,18062.18,13112.42
1999-10-11,834.39,,12992.72
1999-10-12,856.25,18090.81,12759.35
1999-10-13,855.52,17754.49,12475.87
1999-10-14,866.02,17780.26,12486.82
1999-10-15,862.63,17601.57,12299.08
1999-10-18,826.25,17275.33,
1999-10-19,811.44,17254.17,12134.13
1999-10-20,830.69,17534.71,12498.56
1999-10-21,818.51,17448.27,12523.0
1999-10-22,819.52,17438.8,12863.08
1999-10-25,798.84,17648.79,13034.18
1999-10-26,797.01,17671.79,12797.38
1999-10-27,793.42,17382.36,12709.07
1999-10-28,820.95,17413.71,12758.88
1999-10-29,833.51,17942.08,13256.95
1999-11-01,876.55,17996.92,13322.11
1999-11-02,890.18,17991.96,13335.84
1999-11-03,887.15,,13257.33
1999-11-04,911.82,18348.13,13651.51
1999-11-05,913.09,18354.9,13610.27
1999-11-08,907.6,18240.98,13521.11
1999-11-09,943.46,18292.16,13669.7
1999-11-10,938.76,18567.87,13975.54
1999-11-11,947.42,18327.28,14105.71
1999-11-12,969.26,18258.55,14189.67
1999-11-15,974.73,18198.09,14562.22
1999-11-16,1007.72,18155.14,14689.46
1999-11-17,967.64,18274.82,14704.48
1999-11-18,970.19,18532.81,14721.74
1999-11-19,993.11,18570.84,15073.1
1999-11-22,977.88,18822.12,15285.03
1999-11-23,974.05,,15393.2
1999-11-24,969.29,18896.21,15307.28
1999-11-25,972.71,18721.78,14998.77
1999-11-26,949.16,18914.5,15274.53
1999-11-29,964.26,18850.27,15461.11
1999-11-30,996.66,18558.23,15377.19
1999-12-01,999.16,18495.95,15422.52
1999-12-02,967.9,18514.41,15603.04
1999-12-03,966.59,18368.14,15840.41
1999-12-06,998.11,18507.2,16168.62
1999-12-07,999.92,18593.96,16073.09
1999-12-08,988.32,18401.2,15989.38
1999-12-09,980.54,18260.72,16370.95
1999-12-10,1018.17,18271.85,16380.21
1999-12-13,1013.65,18205.08,16442.11
1999-12-14,1002.64,18165.55,16282.7
1999-12-15,963.58,18138.36,15825.31
1999-12-16,948.57,18111.31,15571.36
1999-12-17,949.26,18095.12,15986.35
1999-12-20,967.05,18175.49,16212.39
1999-12-21,958.8,18080.38,16248.74
1999-12-22,967.83,18461.93,16192.4
1999-12-23,974.16,,16296.08
1999-12-24,991.63,18584.95,16833.28
1999-12-27,1005.73,18546.9,
1999-12-28,1028.07,18783.52,16928.29
1999-12-29,,18810.58,16660.82
1999-12-30,,18934.34,16962.1
1999-12-31,,,
2000-01-03,,,17369.63
2000-01-04,1059.04,19002.86,17072.82
2000-01-05,986.31,18542.55,15846.72
2000-01-06,960.79,18168.27,15153.23
2000-01-07,948.65,18193.41,15405.63
2000-01-10,987.24,,15848.15
2000-01-11,981.33,18850.92,15862.1
2000-01-12,955.01,18677.42,15714.2
2000-01-13,951.05,18833.29,15633.96
2000-01-14,948.03,18956.55,15542.23
2000-01-17,983.27,19437.23,15574.56
2000-01-18,981.53,19196.57,15789.2
2000-01-19,938.78,18897.75,15275.34
2000-01-20,945.9,19008.01,15215.31
2000-01-21,925.16,18878.09,15108.41
2000-01-24,926.77,19056.71,15167.55
2000-01-25,891.22,18895.53,15103.04
2000-01-26,885.54,19111.19,15427.72
2000-01-27,909.23,19209.72,15917.81
2000-01-28,941.67,19434.78,16185.94
2000-01-31,943.88,19539.7,15532.34
2000-02-01,928.75,19423.38,15653.86
2000-02-02,943.59,19578.91,15789.82
2000-02-03,950.22,19786.42,15968.12
2000-02-04,,19763.13,
2000-02-07,973.13,19945.43,
2000-02-08,961.22,19868.88,16228.73
2000-02-09,976.05,20007.77,16819.46
2000-02-10,966.18,19710.02,16845.17
2000-02-11,953.22,,17380.3
2000-02-14,910.87,19556.46,17188.96
2000-02-15,879.7,19367.83,16688.16
2000-02-16,879.5,19599.18,17043.39
2000-02-17,897.52,19791.4,16981.23
2000-02-18,879.14,19789.03,16599.16
2000-02-21,845.32,19543.75,16322.37
2000-02-22,850.02,19390.58,16255.17
2000-02-23,880.67,19519.55,16376.79
2000-02-24,867.37,19571.44,17058.66
2000-02-25,864.76,19817.88,17200.98
2000-02-28,819.01,19720.1,16984.44
2000-02-29,828.38,19959.52,17169.44
2000-03-01,,20081.67,16843.59
2000-03-02,894.66,20065.11,16936.81
2000-03-03,894.83,19927.54,17285.24
2000-03-06,909.33,19796.35,17758.76
2000-03-07,907.34,19944.24,17865.36
2000-03-08,915.94,19766.8,17951.43
2000-03-09,884.59,19662.33,17637.03
2000-03-10,891.36,19750.4,17831.86
2000-03-13,854.66,19189.93,17096.68
2000-03-14,846.74,19141.84,16929.16
2000-03-15,837.53,19078.6,16747.2
2000-03-16,841.22,19253.23,16359.0
2000-03-17,855.57,19566.32,17082.99
2000-03-20,850.51,,17234.46
2000-03-21,863.41,19602.36,17199.98
2000-03-22,882.43,19733.59,17547.04
2000-03-23,867.62,19704.6,17710.58
2000-03-24,889.24,19958.08,17784.57
2000-03-27,886.71,20281.03,18292.86
2000-03-28,891.29,20374.34,18301.69
2000-03-29,908.51,20706.65,18096.37
2000-03-30,889.95,20441.5,17467.15
2000-03-31,860.94,20337.32,17406.54
2000-04-03,846.44,20726.99,16892.93
2000-04-04,830.16,20594.93,
2000-04-05,,20462.77,16318.44
2000-04-06,804.35,20223.61,16491.39
2000-04-07,837.38,20252.81,16941.68
2000-04-10,870.17,20619.06,16850.74
2000-04-11,855.05,20522.52,16487.66
2000-04-12,837.01,20833.21,16577.09
2000-04-13,,20526.42,16352.56
2000-04-14,800.89,20434.68,16142.76
2000-04-17,707.72,19008.64,14762.37
2000-04-18,747.3,18969.52,15278.32
2000-04-19,755.08,19086.62,15427.2
2000-04-20,761.25,18959.32,15367.14
2000-04-21,767.16,18252.68,
2000-04-24,747.58,18480.15,
2000-04-25,737.2,18272.33,15380.01
2000-04-26,713.23,18134.31,15227.39
2000-04-27,692.07,18019.17,15192.87
2000-04-28,725.39,17973.7,15519.3
2000-05-01,,18403.08,
2000-05-02,752.59,18439.36,15817.76
2000-05-03,752.76,,15577.47
2000-05-04,751.29,,15314.07
2000-05-05,,,15268.64
2000-05-08,770.24,18199.96,14901.0
2000-05-09,760.85,17844.54,14776.9
2000-05-10,759.51,17701.47,14492.92
2000-05-11,,16882.46,
2000-05-12,740.3,17357.86,15111.94
2000-05-15,728.67,17313.69,14881.3
2000-05-16,746.77,17551.25,15160.29
2000-05-17,727.18,17404.03,14827.81
2000-05-18,712.95,17031.63,14322.6
2000-05-19,730.68,16858.17,14478.26
2000-05-22,691.61,16386.01,14140.73
2000-05-23,679.76,16318.73,14257.18
2000-05-24,674.95,16044.44,13933.98
2000-05-25,699.53,16247.82,13921.06
2000-05-26,656.66,16008.14,13722.7
2000-05-29,655.93,16245.44,13975.07
2000-05-30,691.26,16228.9,13990.9
2000-05-31,731.88,16332.45,14713.86
2000-06-01,738.49,16694.3,14941.19
2000-06-02,760.69,16800.06,15284.1
2000-06-05,794.21,17201.79,15861.68
2000-06-06,,17170.08,
2000-06-07,822.54,17144.96,15900.06
2000-06-08,800.11,17004.34,15876.93
2000-06-09,836.4,16861.91,16120.26
2000-06-12,845.81,16980.61,16055.05
2000-06-13,804.45,16914.95,15692.94
2000-06-14,819.27,16654.42,15857.07
2000-06-15,770.95,16338.7,16080.34
2000-06-16,759.04,16318.31,16434.38
2000-06-19,755.38,16591.35,16267.47
2000-06-20,785.32,16907.55,16086.74
2000-06-21,781.87,17210.08,16238.14
2000-06-22,782.24,17106.01,15952.36
2000-06-23,778.94,16963.21,15738.08
2000-06-26,791.55,16925.4,15978.91
2000-06-27,809.87,17279.06,16155.77
2000-06-28,818.73,17370.17,16438.42
2000-06-29,818.9,17475.9,16286.8
2000-06-30,821.22,17411.05,16155.78
2000-07-03,835.21,17614.66,16124.97
2000-07-04,818.53,17470.15,16235.76
2000-07-05,830.4,17435.95,16474.27
2000-07-06,837.63,17282.37,16489.59
2000-07-07,841.74,17398.24,16829.96
2000-07-10,851.47,17572.68,17238.67
2000-07-11,836.86,17504.36,17359.66
2000-07-12,839.76,17342.13,17552.26
2000-07-13,845.75,17036.9,17449.5
2000-07-14,827.95,17142.9,17586.16
2000-07-17,,17286.83,17834.78
2000-07-18,812.33,16945.07,17440.83
2000-07-19,797.3,16983.57,17710.07
2000-07-20,778.9,,17758.51
2000-07-21,783.06,16811.49,17920.86
2000-07-24,737.89,16547.12,17659.69
2000-07-25,737.64,16573.59,17375.34
2000-07-26,743.84,16502.61,17620.23
2000-07-27,727.68,16182.01,17450.09
2000-07-28,692.65,15838.57,17183.93
2000-07-31,705.97,15727.49,16840.98
2000-08-01,727.1,16099.67,16897.45
2000-08-02,728.33,16206.19,17277.39
2000-08-03,722.08,15814.44,17274.28
2000-08-04,710.0,15667.36,17425.7
2000-08-07,675.59,16002.71,17727.25
2000-08-08,666.08,15820.11,17211.84
2000-08-09,710.23,16034.6,17181.99
2000-08-10,729.28,15975.65,17333.21
2000-08-11,722.21,16117.5,17214.42
2000-08-14,733.25,16153.91,16998.06
2000-08-15,,16298.29,17463.53
2000-08-16,751.14,16356.03,17734.15
2000-08-17,743.49,16161.03,17622.01
2000-08-18,728.32,16280.49,17440.0
2000-08-21,722.58,16040.18,17501.48
2000-08-22,738.61,16454.74,17668.28
2000-08-23,719.79,16436.65,17427.4
2000-08-24,718.86,16670.82,17439.7
2000-08-25,729.8,16911.33,17236.74
2000-08-28,731.81,17181.12,17019.76
2000-08-29,731.56,17141.75,17240.11
2000-08-30,718.93,16901.67,17095.88
2000-08-31,688.62,16861.26,17097.51
2000-09-01,692.19,16739.78,17333.61
2000-09-04,681.3,16688.21,17726.17
2000-09-05,679.24,16452.27,17595.22
2000-09-06,676.69,16399.87,17605.23
2000-09-07,656.37,16300.46,17431.95
2000-09-08,653.68,16501.55,17275.45
2000-09-11,,16130.9,17007.98
2000-09-12,,16040.23,16629.78
2000-09-13,,16190.52,
2000-09-14,650.14,16213.28,16395.43
2000-09-15,628.2,,16249.53
2000-09-18,577.56,16061.16,15560.16
2000-09-19,571.17,16124.19,15677.2
2000-09-20,606.08,16458.31,15665.62
2000-09-21,595.99,16311.05,15164.45
2000-09-22,553.25,15818.25,14612.88
2000-09-25,584.63,15992.9,15428.95
2000-09-26,587.6,15928.62,15290.85
2000-09-27,599.31,15639.95,15444.13
2000-09-28,605.85,15626.96,15415.75
2000-09-29,613.22,15747.26,15648.98
2000-10-02,589.22,15902.51,
2000-10-03,,15912.09,15725.96
2000-10-04,598.42,16149.08,15878.89
2000-10-05,606.79,16099.26,16184.68
2000-10-06,608.85,15994.24,
2000-10-09,589.18,,15693.5
2000-10-10,588.34,15827.72,15554.11
2000-10-11,557.18,15513.57,15127.0
2000-10-12,534.71,15550.64,15074.8
2000-10-13,524.6,15330.31,14680.5
2000-10-16,550.1,15512.32,14973.4
2000-10-17,512.85,15340.22,14873.43
2000-10-18,514.17,14872.48,14458.52
2000-10-19,515.04,14811.08,14422.52
2000-10-20,545.97,15198.73,15044.53
2000-10-23,528.37,15097.96,15102.36
2000-10-24,545.05,15148.19,14925.93
2000-10-25,542.33,14840.47,15061.14
2000-10-26,523.67,14858.43,14996.24
2000-10-27,515.34,14582.2,14902.46
2000-10-30,504.73,14464.56,14799.9
2000-10-31,514.48,14539.6,14895.34
2000-11-01,548.76,14872.39,15349.01
2000-11-02,558.1,14837.78,15291.54
2000-11-03,560.41,,15594.12
2000-11-06,556.66,15371.44,15671.15
2000-11-07,553.35,15340.33,15820.79
2000-11-08,558.09,15399.64,15654.13
2000-11-09,560.66,15060.05,15504.8
2000-11-10,565.18,14988.54,15389.39
2000-11-13,538.94,14664.64,14815.69
2000-11-14,552.99,14660.04,15177.52
2000-11-15,557.48,14799.14,15127.4
2000-11-16,555.04,14587.03,15298.35
2000-11-17,551.26,14544.3,15180.85
2000-11-20,537.4,14531.65,15346.66
2000-11-21,531.45,14408.46,15188.3
2000-11-22,522.33,14301.31,14772.51
2000-11-23,514.31,,14563.51
2000-11-24,530.84,14315.35,14376.9
2000-11-27,554.04,14720.39,14602.76
2000-11-28,536.94,14658.87,14566.22
2000-11-29,516.44,14507.64,14169.06
2000-11-30,509.23,14648.51,13984.39
2000-12-01,514.46,14835.33,14441.43
2000-12-04,501.73,14954.73,14559.24
2000-12-05,516.96,14695.05,14573.21
2000-12-06,517.89,14889.37,15098.95
2000-12-07,523.78,14720.36,15011.52
2000-12-08,534.81,14696.51,15189.33
2000-12-11,554.8,15015.7,15408.54
2000-12-12,543.08,15114.64,15329.6
2000-12-13,557.84,15168.68,15621.73
2000-12-14,547.38,14927.19,15496.99
2000-12-15,534.0,14552.29,14975.53
2000-12-18,539.27,14483.9,15024.53
2000-12-19,530.8,14132.37,15188.04
2000-12-20,514.21,13914.43,14930.72
2000-12-21,511.9,13423.21,14659.32
2000-12-22,500.6,13427.08,14738.21
2000-12-25,,13931.61,
2000-12-26,504.62,14007.85,
2000-12-27,,13981.49,14748.36
2000-12-28,,13946.96,14796.55
2000-12-29,,13785.69,15095.53
2001-01-02,520.95,,14869.94
2001-01-03,521.43,,14589.58
2001-01-04,558.02,13691.49,15235.03
2001-01-05,580.85,13867.61,15447.61
2001-01-08,586.65,,15436.53
2001-01-09,589.92,13610.51,15500.59
2001-01-10,560.81,13432.65,15435.79
2001-01-11,561.79,13201.07,15090.77
2001-01-12,587.87,13347.74,15295.42
2001-01-15,599.0,13506.23,15293.76
2001-01-16,603.42,13584.45,15363.15
2001-01-17,595.83,13667.63,15261.48
2001-01-18,604.05,13873.92,15528.75
2001-01-19,619.78,13989.12,15933.55
2001-01-22,627.45,14032.42,16099.27
2001-01-23,,13984.66,16044.21
2001-01-24,,13893.58,
2001-01-25,,13803.38,
2001-01-26,591.73,13696.06,
2001-01-29,596.54,13845.28,16099.82
2001-01-30,591.34,13826.65,15893.07
2001-01-31,617.91,13843.55,16102.35
2001-02-01,612.3,13779.55,16163.99
2001-02-02,608.48,13703.63,16071.29
2001-02-05,579.16,13385.52,15830.84
2001-02-06,586.58,13269.85,15913.24
2001-02-07,576.19,13366.01,16049.47
2001-02-08,591.57,13138.23,15909.4
2001-02-09,595.47,13422.83,15873.28
2001-02-12,599.2,,15693.11
2001-02-13,598.78,13274.7,15842.72
2001-02-14,603.83,13284.06,15860.42
2001-02-15,603.63,13327.39,15756.37
2001-02-16,604.92,13175.49,15630.31
2001-02-19,596.67,13119.59,15490.96
2001-02-20,608.74,13248.36,15527.36
2001-02-21,594.53,13100.08,15351.51
2001-02-22,583.41,13073.36,15098.64
2001-02-23,583.52,13246.0,15280.56
2001-02-26,585.32,13201.14,15230.22
2001-02-27,577.57,13059.86,14834.73
2001-02-28,578.1,12883.54,14787.87
2001-03-01,,12681.66,14360.56
2001-03-02,559.44,12261.8,13966.43
2001-03-05,565.38,12322.16,14135.26
2001-03-06,568.15,12687.74,14321.05
2001-03-07,568.64,12723.89,14177.36
2001-03-08,579.28,12650.56,14208.95
2001-03-09,565.76,12627.9,14194.35
2001-03-12,545.05,12171.37,13776.72
2001-03-13,527.97,11819.7,13493.03
2001-03-14,543.28,11843.59,13330.84
2001-03-15,541.83,12152.83,13504.17
2001-03-16,538.67,12232.98,13522.04
2001-03-19,534.33,12190.97,13457.69
2001-03-20,531.59,,13223.86
2001-03-21,532.59,13103.94,13154.44
2001-03-22,527.05,12853.97,12621.85
2001-03-23,537.97,13214.54,12583.36
2001-03-26,545.98,13862.31,12950.49
2001-03-27,532.9,13638.33,12707.9
2001-03-28,528.79,13765.51,12851.41
2001-03-29,523.8,13072.36,12677.89
2001-03-30,523.22,12999.7,12760.64
2001-04-02,515.2,12937.86,12727.3
2001-04-03,503.26,13124.47,12584.22
2001-04-04,493.69,13242.78,12063.71
2001-04-05,,13381.38,
2001-04-06,506.22,13383.76,12386.61
2001-04-09,497.46,12841.76,12202.1
2001-04-10,491.21,12620.27,12213.67
2001-04-11,507.53,13174.93,12706.43
2001-04-12,514.21,13352.44,12989.47
2001-04-13,516.1,13385.72,
2001-04-16,508.35,13254.89,
2001-04-17,513.97,13067.09,12606.45
2001-04-18,540.0,13641.79,12972.8
2001-04-19,563.31,13868.28,13548.95
2001-04-20,556.29,13765.67,13448.13
2001-04-23,560.94,13715.6,13311.5
2001-04-24,555.64,13743.18,13274.61
2001-04-25,566.34,13827.5,13249.55
2001-04-26,561.62,13973.03,13293.11
2001-04-27,556.63,13934.32,13386.04
2001-04-30,577.36,,
2001-05-01,,14425.46,
2001-05-02,583.7,14421.64,13814.24
2001-05-03,584.4,,13718.14
2001-05-04,585.6,,13390.99
2001-05-07,596.5,14529.41,13600.78
2001-05-08,590.91,14289.05,13540.81
2001-05-09,578.84,14084.85,13585.14
2001-05-10,581.38,14017.79,13604.8
2001-05-11,583.06,14043.92,13636.61
2001-05-14,584.08,13873.02,13259.17
2001-05-15,581.3,14054.03,13250.09
2001-05-16,572.4,13694.27,13335.95
2001-05-17,596.39,13910.67,13637.87
2001-05-18,600.54,13877.77,13459.18
2001-05-21,618.96,14176.83,13721.27
2001-05-22,617.99,14091.19,13877.95
2001-05-23,622.6,14067.7,13839.1
2001-05-24,622.28,13895.79,13810.6
2001-05-25,624.11,13765.92,13753.99
2001-05-28,618.47,13737.77,13739.07
2001-05-29,632.05,13773.89,13629.61
2001-05-30,628.42,13493.35,13420.13
2001-05-31,612.16,13262.14,13174.41
2001-06-01,607.07,13261.84,13141.38
2001-06-04,610.91,13312.35,13207.49
2001-06-05,597.66,13182.0,13451.87
2001-06-06,,13174.84,13576.01
2001-06-07,601.14,13277.51,13703.43
2001-06-08,621.78,13430.22,13808.89
2001-06-11,608.23,13226.48,13675.49
2001-06-12,607.15,12840.1,13526.68
2001-06-13,614.05,12823.45,13523.31
2001-06-14,613.75,12846.66,13248.89
2001-06-15,618.96,12790.38,13102.5
2001-06-18,608.78,12697.79,12948.78
2001-06-19,608.91,12574.26,13133.66
2001-06-20,595.72,12674.64,12918.71
2001-06-21,595.53,12962.43,13187.45
2001-06-22,599.08,13044.61,13174.02
2001-06-25,598.02,12896.47,
2001-06-26,588.71,12978.82,12961.97
2001-06-27,584.76,12828.98,13004.21
2001-06-28,583.27,12679.88,12827.82
2001-06-29,595.13,12969.05,13042.53
2001-07-02,596.74,12751.18,
2001-07-03,594.31,12817.41,13184.75
2001-07-04,597.25,12629.02,13207.53
2001-07-05,593.61,12607.3,12999.48
2001-07-06,578.54,12306.08,
2001-07-09,560.0,12239.68,12690.68
2001-07-10,558.6,12300.41,12713.9
2001-07-11,553.65,12005.11,12527.9
2001-07-12,559.95,12407.95,12660.2
2001-07-13,548.49,12355.15,12612.79
2001-07-16,548.93,12343.37,12624.53
2001-07-17,,12128.57,12495.25
2001-07-18,540.53,11892.58,12427.19
2001-07-19,545.74,11908.39,12279.82
2001-07-20,537.71,,12301.68
2001-07-23,524.21,11609.63,12236.45
2001-07-24,526.62,11883.25,12214.1
2001-07-25,526.08,11891.61,
2001-07-26,529.22,11858.56,12039.82
2001-07-27,541.13,11798.08,12182.17
2001-07-30,533.53,11579.27,12086.66
2001-07-31,541.55,11860.77,12316.69
2001-08-01,562.79,11959.33,12478.74
2001-08-02,567.46,12399.2,12466.37
2001-08-03,568.69,12241.97,12269.08
2001-08-06,569.37,12243.9,12148.81
2001-08-07,567.5,12319.46,12007.19
2001-08-08,565.94,12163.67,11958.01
2001-08-09,549.67,11754.56,11716.77
2001-08-10,555.34,11735.06,11765.81
2001-08-13,562.0,11477.56,11694.29
2001-08-14,577.15,11917.95,11991.01
2001-08-15,,11755.4,12141.63
2001-08-16,580.95,11515.02,11832.44
2001-08-17,580.99,11445.54,11754.81
2001-08-20,567.09,11257.94,11458.7
2001-08-21,568.68,11280.38,11440.35
2001-08-22,574.87,11396.43,11188.57
2001-08-23,570.07,11126.92,11345.38
2001-08-24,569.31,11166.31,11110.3
2001-08-27,578.74,11275.01,11234.72
2001-08-28,576.51,11189.4,11300.53
2001-08-29,565.63,10979.76,11242.41
2001-08-30,564.36,10938.45,11315.63
2001-08-31,545.11,10713.51,11090.48
2001-09-03,541.83,10409.68,10902.64
2001-09-04,558.79,10772.59,11136.86
2001-09-05,551.91,10598.79,10943.14
2001-09-06,552.59,10650.33,10664.32
2001-09-07,555.08,10516.79,10384.2
2001-09-10,550.73,10195.69,10366.32
2001-09-11,540.57,10292.95,10417.36
2001-09-12,475.6,9610.1,9493.62
2001-09-13,499.25,9613.09,9569.21
2001-09-14,482.29,10008.89,9655.45
2001-09-17,468.76,9504.41,9319.35
2001-09-18,484.93,9679.88,9307.9
2001-09-19,486.75,9939.6,9558.15
2001-09-20,480.27,9785.16,9317.98
2001-09-21,472.31,9554.99,8934.2
2001-09-24,482.19,,9284.5
2001-09-25,472.13,9693.97,9210.06
2001-09-26,472.85,9641.7,9371.75
2001-09-27,472.38,9696.53,9600.79
2001-09-28,479.68,9774.68,9950.7
2001-10-01,,9972.28,
2001-10-02,,10136.56,
2001-10-03,,9924.23,9897.14
2001-10-04,500.64,10205.48,10286.39
2001-10-05,501.92,10205.87,10277.38
2001-10-08,496.13,,9967.83
2001-10-09,507.61,10011.77,10358.93
2001-10-10,503.46,9964.88,10298.24
2001-10-11,517.05,10347.01,10522.61
2001-10-12,516.4,10632.35,10274.13
2001-10-15,513.99,10452.54,10130.59
2001-10-16,521.91,10637.82,10148.49
2001-10-17,528.29,10755.45,10260.81
2001-10-18,524.21,10474.85,9880.61
2001-10-19,528.04,10538.79,9825.84
2001-10-22,528.7,10565.41,9797.54
2001-10-23,530.5,10861.56,10219.84
2001-10-24,541.49,10802.15,10243.46
2001-10-25,542.19,10880.1,
2001-10-26,543.41,10795.16,10404.74
2001-10-29,547.87,10612.31,10178.09
2001-10-30,533.87,10512.82,10076.43
2001-10-31,537.81,10366.34,10073.97
2001-11-01,544.09,10347.28,10158.85
2001-11-02,550.57,10383.78,10186.06
2001-11-05,561.62,10447.54,10430.72
2001-11-06,565.47,10633.72,10356.05
2001-11-07,562.03,10284.98,10269.79
2001-11-08,573.04,10431.79,10538.62
2001-11-09,576.75,10215.71,10609.25
2001-11-12,584.48,10081.56,10592.45
2001-11-13,588.83,10030.56,10662.84
2001-11-14,606.68,10086.76,10950.04
2001-11-15,606.44,10489.89,11239.39
2001-11-16,610.88,10649.09,11287.37
2001-11-19,626.43,10727.94,11360.26
2001-11-20,616.33,10575.62,11225.79
2001-11-21,615.45,10661.08,11173.92
2001-11-22,624.56,10696.82,11253.3
2001-11-23,645.18,,11322.36
2001-11-26,674.56,11064.3,11391.96
2001-11-27,670.1,10948.89,11261.54
2001-11-28,632.02,10624.81,11066.19
2001-11-29,628.86,10655.96,11090.74
2001-11-30,643.89,10697.44,11279.25
2001-12-03,650.66,10370.62,11155.15
2001-12-04,649.9,10452.65,11427.28
2001-12-05,688.31,10713.81,11678.44
2001-12-06,686.61,10857.28,11745.84
2001-12-07,704.5,10796.89,11832.18
2001-12-10,668.77,10571.01,11784.92
2001-12-11,670.08,10473.91,11693.05
2001-12-12,681.43,10801.52,11847.06
2001-12-13,676.59,10433.45,11529.54
2001-12-14,665.2,10511.65,11466.11
2001-12-17,648.28,10323.35,11465.78
2001-12-18,643.76,10432.17,11486.93
2001-12-19,647.05,10471.93,11565.23
2001-12-20,664.51,10434.52,11601.14
2001-12-21,644.71,10335.45,11158.1
2001-12-24,646.49,,11209.78
2001-12-25,,10254.81,
2001-12-26,653.87,10192.57,
2001-12-27,668.55,10457.61,11359.5
2001-12-28,693.7,10542.62,11431.59
2001-12-31,,,11397.21
2002-01-02,724.95,,11350.85
2002-01-03,727.66,,11423.52
2002-01-04,747.72,10871.49,11702.15
2002-01-07,751.48,10942.36,11892.64
2002-01-08,734.76,10695.6,11713.71
2002-01-09,751.61,10663.98,11440.72
2002-01-10,728.23,10538.43,11256.07
2002-01-11,727.36,10441.59,11166.46
2002-01-14,744.03,,11209.43
2002-01-15,718.64,10208.05,11013.59
2002-01-16,710.95,10177.58,10964.09
2002-01-17,713.5,10128.18,11013.84
2002-01-18,708.47,10293.32,10972.96
2002-01-21,717.35,10280.25,11000.25
2002-01-22,724.36,10050.98,10797.69
2002-01-23,742.62,10040.91,10762.14
2002-01-24,757.71,10074.05,10741.46
2002-01-25,774.68,10144.14,10772.96
2002-01-28,780.24,10220.85,10767.46
2002-01-29,774.03,10026.03,11014.24
2002-01-30,749.45,9919.48,10756.96
2002-01-31,748.07,9997.8,10725.3
2002-02-01,742.42,9791.43,10691.25
2002-02-04,730.21,9631.93,10721.32
2002-02-05,739.91,9475.6,10609.19
2002-02-06,741.55,9420.85,10592.39
2002-02-07,727.71,9583.27,10409.68
2002-02-08,739.66,9686.06,10518.99
2002-02-11,,,10832.74
2002-02-12,,9877.99,
2002-02-13,,9968.35,
2002-02-14,796.18,10081.09,
2002-02-15,783.59,10048.1,10961.88
2002-02-18,790.37,10093.25,11002.81
2002-02-19,782.27,9847.16,10840.49
2002-02-20,776.89,9834.13,10749.06
2002-02-21,787.62,10295.42,10788.9
2002-02-22,792.0,10356.78,10664.94
2002-02-25,791.48,10296.47,10496.02
2002-02-26,801.14,10202.63,10547.13
2002-02-27,822.11,10573.09,10648.71
2002-02-28,819.99,10587.83,10482.55
2002-03-01,,10812.0,10425.31
2002-03-04,834.21,11450.22,10704.12
2002-03-05,841.95,11348.45,10985.84
2002-03-06,843.06,11358.53,11003.0
2002-03-07,829.44,11648.34,11188.07
2002-03-08,825.27,11885.79,11233.23
2002-03-11,827.02,11919.3,11318.87
2002-03-12,846.03,11607.33,11273.86
2002-03-13,849.13,11415.31,11217.5
2002-03-14,856.86,11568.82,11303.7
2002-03-15,860.36,11648.01,11210.25
2002-03-18,869.71,11498.38,11230.64
2002-03-19,889.98,11792.82,11222.83
2002-03-20,887.48,11526.78,11036.6
2002-03-21,885.64,,10829.73
2002-03-22,895.98,11345.08,10863.07
2002-03-25,879.41,11261.09,10836.64
2002-03-26,881.03,11207.92,10786.92
2002-03-27,902.46,11323.68,10987.88
2002-03-28,892.67,11333.11,11032.92
2002-03-29,895.58,11024.94,
2002-04-01,875.83,11028.7,
2002-04-02,905.34,11204.49,10878.04
2002-04-03,918.59,11400.71,10833.96
2002-04-04,918.01,11379.2,10831.37
2002-04-05,,11335.49,
2002-04-08,900.69,11352.89,10723.68
2002-04-09,888.67,11114.49,10733.69
2002-04-10,856.03,11218.58,10643.14
2002-04-11,862.86,11147.27,10744.91
2002-04-12,875.69,10962.98,10710.48
2002-04-15,894.28,11137.3,10727.98
2002-04-16,901.29,11346.66,10788.53
2002-04-17,930.51,11543.71,11090.58
2002-04-18,937.61,11575.73,11217.15
2002-04-19,923.94,11512.01,11252.18
2002-04-22,920.89,11721.64,11139.42
2002-04-23,925.7,11736.83,11345.18
2002-04-24,915.69,11672.88,11396.57
2002-04-25,872.58,11648.72,11409.29
2002-04-26,869.65,11541.39,11385.08
2002-04-29,838.51,,11361.49
2002-04-30,842.34,11492.54,11497.58
2002-05-01,,11552.79,
2002-05-02,859.86,11551.01,11780.11
2002-05-03,856.72,,11797.22
2002-05-06,826.87,,11736.2
2002-05-07,826.34,11316.04,11795.98
2002-05-08,844.67,11520.75,11768.31
2002-05-09,838.67,11633.3,11700.76
2002-05-10,817.93,11531.11,11645.9
2002-05-13,821.89,11336.95,11733.43
2002-05-14,837.37,11356.19,11690.31
2002-05-15,862.62,11642.97,11838.36
2002-05-16,858.04,11738.69,11832.77
2002-05-17,875.03,11847.32,11974.61
2002-05-20,865.78,11856.54,
2002-05-21,837.56,11801.16,11753.29
2002-05-22,863.06,11961.98,11795.2
2002-05-23,845.51,11979.85,11624.75
2002-05-24,854.57,11976.28,11626.78
2002-05-27,840.57,11976.35,11564.73
2002-05-28,848.8,11936.08,11581.58
2002-05-29,835.19,11853.0,11430.66
2002-05-30,815.61,11770.03,11380.61
2002-05-31,796.4,11763.7,11301.94
2002-06-03,804.93,11901.39,11359.8
2002-06-04,806.33,11653.07,11312.55
2002-06-05,809.59,11663.87,11402.38
2002-06-06,,11574.94,11380.77
2002-06-07,795.16,11438.53,11284.71
2002-06-10,811.9,11370.21,11288.84
2002-06-11,815.33,11449.44,11215.02
2002-06-12,823.06,11327.06,11147.97
2002-06-13,,11144.84,11119.33
2002-06-14,822.01,10920.63,10955.52
2002-06-17,809.16,10664.11,10832.26
2002-06-18,809.4,10839.93,10852.04
2002-06-19,776.37,10476.18,10673.11
2002-06-20,776.81,10612.98,10754.41
2002-06-21,778.53,10354.35,10591.86
2002-06-24,767.92,10471.32,10657.34
2002-06-25,755.92,10496.67,10608.98
2002-06-26,701.87,10074.56,10355.92
2002-06-27,710.43,10261.6,10518.09
2002-06-28,742.72,10621.84,10598.55
2002-07-01,,10595.44,
2002-07-02,746.23,10622.32,10491.76
2002-07-03,753.36,10812.3,10579.19
2002-07-04,768.74,10632.81,10765.58
2002-07-05,787.83,10826.09,10806.16
2002-07-08,783.35,10769.2,10803.45
2002-07-09,801.99,10960.25,10843.15
2002-07-10,794.71,10752.66,10787.54
2002-07-11,764.88,10485.74,10558.81
2002-07-12,792.93,10601.45,10648.3
2002-07-15,783.52,10375.15,10581.66
2002-07-16,771.45,10250.42,10421.49
2002-07-17,,10296.02,10335.12
2002-07-18,773.85,10498.26,10452.55
2002-07-19,754.62,10202.36,10325.46
2002-07-22,720.9,10189.01,10110.25
2002-07-23,743.52,10215.63,10313.89
2002-07-24,721.41,9947.72,9971.99
2002-07-25,723.52,9929.91,9884.78
2002-07-26,697.84,9591.03,9773.12
2002-07-29,700.35,9666.67,9975.99
2002-07-30,724.08,10003.72,10155.25
2002-07-31,717.99,9877.94,10267.36
2002-08-01,707.8,9793.51,10180.02
2002-08-02,700.68,9709.66,9991.72
2002-08-05,675.76,9704.93,9862.33
2002-08-06,673.78,9501.02,9700.69
2002-08-07,679.37,9834.4,9977.74
2002-08-08,684.49,9799.57,9962.24
2002-08-09,692.45,9999.79,10014.06
2002-08-12,695.39,9747.82,9959.92
2002-08-13,708.63,9688.61,10100.06
2002-08-14,711.24,9638.41,9961.35
2002-08-15,,9795.57,10219.71
2002-08-16,718.29,9788.13,10265.04
2002-08-19,717.58,9599.1,10246.96
2002-08-20,736.7,9620.69,10408.01
2002-08-21,745.12,9642.61,10402.26
2002-08-22,745.75,9814.02,10424.0
2002-08-23,740.51,9867.45,10245.69
2002-08-26,734.79,10067.74,10226.33
2002-08-27,724.17,9907.3,10185.52
2002-08-28,724.05,9766.73,10130.25
2002-08-29,724.94,9620.14,10061.15
2002-08-30,736.4,9619.3,10043.87
2002-09-02,751.98,9521.63,9896.98
2002-09-03,740.59,9217.04,9790.68
2002-09-04,723.05,9075.09,9820.33
2002-09-05,720.98,9222.12,9726.03
2002-09-06,708.73,9129.07,9720.86
2002-09-09,697.89,9306.26,9723.67
2002-09-10,713.3,9309.31,9885.77
2002-09-11,724.71,9400.08,9882.35
2002-09-12,739.22,9415.23,9896.33
2002-09-13,718.17,9241.93,9650.97
2002-09-16,704.38,,9505.13
2002-09-17,726.8,9543.94,9707.25
2002-09-18,703.87,9472.06,9474.07
2002-09-19,704.12,9669.62,9427.79
2002-09-20,,9481.08,9328.22
2002-09-23,679.43,,9314.87
2002-09-24,672.28,9321.64,9197.68
2002-09-25,657.96,9165.41,9124.91
2002-09-26,662.41,9320.92,9270.71
2002-09-27,663.72,9530.44,9294.46
2002-09-30,646.42,9383.29,9072.21
2002-10-01,652.13,9162.26,
2002-10-02,648.1,9049.33,9109.35
2002-10-03,,8936.43,8984.32
2002-10-04,650.92,9027.55,9051.37
2002-10-07,627.4,8688.0,8931.4
2002-10-08,634.84,8708.9,8977.41
2002-10-09,619.94,8539.34,8977.35
2002-10-10,584.04,8439.62,8858.69
2002-10-11,587.51,8529.61,8965.73
2002-10-14,614.27,,
2002-10-15,629.57,8836.73,9336.39
2002-10-16,636.25,8884.87,9459.14
2002-10-17,644.66,8959.88,9576.15
2002-10-18,670.79,9086.13,9613.07
2002-10-21,652.67,8978.41,9570.36
2002-10-22,639.27,8689.39,9548.94
2002-10-23,657.43,8714.52,9804.65
2002-10-24,654.98,8614.3,9787.49
2002-10-25,655.88,8726.29,9722.54
2002-10-28,678.14,8757.51,9853.74
2002-10-29,673.18,8708.76,9634.67
2002-10-30,658.03,8756.59,9560.46
2002-10-31,658.92,8640.48,9441.25
2002-11-01,647.65,8685.72,9407.68
2002-11-04,672.68,,9720.83
2002-11-05,664.9,8937.56,9655.36
2002-11-06,682.56,8953.29,9773.98
2002-11-07,681.27,8920.44,9844.38
2002-11-08,674.85,8690.77,9770.68
2002-11-11,657.78,8460.37,9580.88
2002-11-12,654.43,8464.77,9613.84
2002-11-13,653.85,8438.52,9616.62
2002-11-14,652.15,8303.39,9740.84
2002-11-15,672.95,8503.59,9865.65
2002-11-18,667.13,8346.01,9920.09
2002-11-19,671.44,8365.26,9965.03
2002-11-20,682.0,8459.62,9971.15
2002-11-21,690.38,8668.06,10003.54
2002-11-22,692.87,8772.56,10065.32
2002-11-25,705.86,8944.44,10100.77
2002-11-26,702.27,8823.99,9995.52
2002-11-27,708.07,8875.88,9944.59
2002-11-28,714.54,9176.78,10147.84
2002-11-29,724.8,9215.56,10069.87
2002-12-02,730.16,9174.47,10205.16
2002-12-03,736.57,9205.11,10227.01
2002-12-04,714.5,9006.73,9995.73
2002-12-05,722.76,8917.57,10009.88
2002-12-06,718.09,8863.26,9973.75
2002-12-09,709.11,8828.05,9868.48
2002-12-10,702.44,8804.52,9857.99
2002-12-11,698.61,8727.66,9784.57
2002-12-12,715.38,8708.69,9813.78
2002-12-13,708.13,8516.07,9728.43
2002-12-16,692.42,8450.94,9656.46
2002-12-17,704.49,8510.73,9715.74
2002-12-18,709.22,8344.01,9548.65
2002-12-19,,8387.57,9557.86
2002-12-20,709.44,8406.88,9628.69
2002-12-23,691.38,,9570.93
2002-12-24,677.82,8512.37,9561.63
2002-12-25,,8501.14,
2002-12-26,671.89,8700.1,
2002-12-27,656.92,8714.05,9445.26
2002-12-30,627.55,8578.95,9272.33
2002-12-31,,,9321.29
2003-01-02,635.17,,9365.52
2003-01-03,661.1,,9583.85
2003-01-06,666.71,8713.33,9665.96
2003-01-07,652.2,8656.5,9652.4
2003-01-08,651.72,8517.8,9688.21
2003-01-09,630.4,8497.93,9675.41
2003-01-10,628.36,8470.45,9721.5
2003-01-13,648.06,,9834.08
2003-01-14,650.05,8553.06,9796.31
2003-01-15,648.29,8611.75,9873.49
2003-01-16,648.69,8609.17,9743.23
2003-01-17,636.46,8690.25,9614.59
2003-01-20,634.5,8558.82,9552.02
2003-01-21,632.86,8708.58,9568.47
2003-01-22,622.49,8611.04,9560.29
2003-01-23,625.18,8790.92,9584.7
2003-01-24,609.43,8731.65,9460.6
2003-01-27,593.09,8609.47,9298.67
2003-01-28,600.56,8525.39,9325.6
2003-01-29,583.35,8331.08,9240.79
2003-01-30,591.86,8316.81,9258.95
2003-01-31,,8339.94,
2003-02-03,600.41,8500.79,
2003-02-04,603.78,8484.9,9252.71
2003-02-05,600.68,8549.85,9180.47
2003-02-06,589.5,8484.19,9126.15
2003-02-07,577.48,8448.16,9150.95
2003-02-10,577.25,8484.93,9232.14
2003-02-11,575.98,,9194.91
2003-02-12,583.29,8664.17,9314.9
2003-02-13,575.67,8599.66,9173.43
2003-02-14,575.24,8701.92,9201.76
2003-02-17,601.87,8771.89,9383.68
2003-02-18,603.45,8692.97,9397.05
2003-02-19,600.83,8678.44,9427.63
2003-02-20,605.51,8650.92,9390.48
2003-02-21,603.6,8513.54,9250.86
2003-02-24,616.29,8564.95,9239.47
2003-02-25,592.25,8360.49,9148.48
2003-02-26,590.26,8356.81,9116.28
2003-02-27,582.46,8359.38,9134.24
2003-02-28,575.43,8363.04,9122.66
2003-03-03,590.04,8490.4,9268.77
2003-03-04,576.58,8480.22,9181.89
2003-03-05,560.26,8472.62,9109.18
2003-03-06,555.33,8369.15,8962.26
2003-03-07,546.02,8144.12,8907.1
2003-03-10,544.24,8042.26,8861.87
2003-03-11,532.53,7862.43,8859.93
2003-03-12,531.81,7943.04,8874.99
2003-03-13,531.78,7868.56,8787.45
2003-03-14,537.65,8002.69,8956.17
2003-03-17,515.24,7871.64,8804.16
2003-03-18,537.31,7954.46,9041.51
2003-03-19,541.78,8051.04,9158.59
2003-03-20,568.46,8195.05,9194.56
2003-03-21,575.77,,9179.19
2003-03-24,569.85,8435.07,9108.45
2003-03-25,554.98,8238.76,9062.15
2003-03-26,554.79,8351.92,9047.09
2003-03-27,549.26,8368.67,8872.32
2003-03-28,556.33,8280.16,8863.36
2003-03-31,535.7,7972.71,8634.45
2003-04-01,538.56,7986.72,8596.89
2003-04-02,542.92,8069.85,8706.19
2003-04-03,545.24,8017.75,8648.16
2003-04-04,558.01,8074.12,8822.45
2003-04-07,585.9,8249.98,8962.21
2003-04-08,587.32,8131.41,8806.66
2003-04-09,569.47,8057.61,8636.85
2003-04-10,577.73,7980.12,8625.72
2003-04-11,582.97,7816.49,8645.65
2003-04-14,594.4,7752.1,8533.55
2003-04-15,604.99,7838.83,8632.1
2003-04-16,621.34,7879.49,8675.14
2003-04-17,612.72,7821.9,8579.14
2003-04-18,624.77,7874.51,
2003-04-21,620.83,7969.08,
2003-04-22,603.32,7790.46,8571.91
2003-04-23,598.09,7793.38,8519.6
2003-04-24,588.35,7854.57,8442.11
2003-04-25,566.63,7699.5,8409.01
2003-04-28,569.02,7607.88,8435.04
2003-04-29,597.36,,8744.22
2003-04-30,599.35,7831.42,8717.22
2003-05-01,,7863.29,
2003-05-02,597.44,7907.19,8808.18
2003-05-05,,,8916.49
2003-05-06,604.33,8083.56,8889.22
2003-05-07,618.08,8109.77,8901.05
2003-05-08,,8031.55,
2003-05-09,619.11,8152.16,9084.16
2003-05-12,631.04,8221.12,9155.57
2003-05-13,614.07,8190.26,9119.04
2003-05-14,609.97,8244.91,9103.69
2003-05-15,619.35,8123.4,9126.07
2003-05-16,610.81,8117.29,9093.18
2003-05-19,596.36,8039.13,9087.37
2003-05-20,602.08,8059.48,9050.4
2003-05-21,600.57,8018.51,9059.8
2003-05-22,595.38,8051.66,9131.49
2003-05-23,611.51,8184.76,9303.73
2003-05-26,617.65,8227.32,9492.71
2003-05-27,614.3,8120.24,9420.81
2003-05-28,628.36,8234.18,9510.62
2003-05-29,632.43,8375.36,9508.55
2003-05-30,633.42,8424.51,9487.38
2003-06-02,648.71,8547.17,9637.53
2003-06-03,636.94,8564.49,9662.82
2003-06-04,640.27,8557.86,
2003-06-05,642.38,8657.23,9639.01
2003-06-06,,8785.87,9694.63
2003-06-09,650.35,8822.73,9733.51
2003-06-10,649.75,8789.09,9703.72
2003-06-11,651.29,8890.3,9662.06
2003-06-12,657.95,8918.6,9736.84
2003-06-13,665.24,8980.64,9855.64
2003-06-16,657.82,8839.83,9862.28
2003-06-17,674.66,9033.0,10030.37
2003-06-18,675.75,9092.97,9970.3
2003-06-19,690.49,9110.51,9980.11
2003-06-20,686.22,9120.39,9930.31
2003-06-23,674.59,9137.14,9734.29
2003-06-24,664.01,8919.26,9629.35
2003-06-25,674.03,8932.26,9628.99
2003-06-26,675.75,8923.41,9606.11
2003-06-27,677.28,9104.06,9657.21
2003-06-30,669.93,9083.11,9577.12
2003-07-01,674.75,9278.49,
2003-07-02,685.8,9592.24,9602.62
2003-07-03,686.83,9624.8,9646.1
2003-07-04,693.25,9547.73,9636.81
2003-07-07,704.29,9795.16,9892.4
2003-07-08,708.34,9898.72,9992.87
2003-07-09,705.5,9990.95,10027.41
2003-07-10,700.51,9955.62,9983.31
2003-07-11,704.15,9635.35,9911.5
2003-07-14,720.1,9755.63,10122.4
2003-07-15,713.45,9751.0,10135.55
2003-07-16,716.48,9735.97,10207.17
2003-07-17,,9498.86,10096.72
2003-07-18,699.35,9527.73,10140.84
2003-07-21,693.5,,10102.86
2003-07-22,699.7,9485.97,10008.71
2003-07-23,695.74,9615.34,9900.56
2003-07-24,702.94,9671.0,9923.14
2003-07-25,705.09,9648.01,9939.2
2003-07-28,717.8,9839.91,10134.88
2003-07-29,722.33,9834.31,10198.6
2003-07-30,714.15,9632.66,10121.22
2003-07-31,713.52,9563.21,10134.83
2003-08-01,727.26,9611.67,10248.6
2003-08-04,718.54,9452.79,10183.14
2003-08-05,721.84,9382.58,10177.38
2003-08-06,707.88,9323.91,9987.54
2003-08-07,709.81,9265.56,9958.05
2003-08-08,704.14,9327.53,9945.22
2003-08-11,704.58,9487.8,10093.54
2003-08-12,701.3,9564.81,10184.17
2003-08-13,713.08,9752.75,10301.47
2003-08-14,727.01,9913.47,10374.02
2003-08-15,,9863.47,10424.56
2003-08-18,730.1,10032.97,10525.04
2003-08-19,740.13,10174.1,10509.29
2003-08-20,737.2,10292.06,10475.33
2003-08-21,754.34,10362.69,10643.63
2003-08-22,754.72,10281.17,10760.73
2003-08-25,756.73,10276.64,10764.22
2003-08-26,753.0,10332.57,10753.93
2003-08-27,758.98,10308.99,10678.55
2003-08-28,752.81,10225.22,10760.12
2003-08-29,759.47,10343.55,10908.99
2003-09-01,764.11,10670.18,10903.4
2003-09-02,766.5,10690.08,10939.94
2003-09-03,766.32,10715.69,11102.36
2003-09-04,764.15,10646.95,11138.62
2003-09-05,761.55,10650.77,11170.61
2003-09-08,760.25,10683.76,11165.28
2003-09-09,767.46,10922.04,11046.82
2003-09-10,,10856.32,10810.31
2003-09-11,,10546.33,10883.52
2003-09-12,,10712.81,
2003-09-15,753.61,,10992.73
2003-09-16,763.63,10887.03,11071.38
2003-09-17,766.59,10990.11,11140.05
2003-09-18,758.18,11033.32,11069.22
2003-09-19,748.25,10938.42,10968.42
2003-09-22,714.89,10475.1,10873.27
2003-09-23,718.84,,10944.36
2003-09-24,724.7,10502.29,11295.89
2003-09-25,713.52,10310.04,11286.52
2003-09-26,697.4,10318.44,11290.15
2003-09-29,696.06,10229.57,11141.28
2003-09-30,697.52,10219.05,11229.87
2003-10-01,704.29,10361.24,
2003-10-02,715.24,10593.53,11546.12
2003-10-03,,10709.29,11608.72
2003-10-06,723.13,10740.14,11734.48
2003-10-07,727.09,10820.33,11723.92
2003-10-08,722.76,10542.2,11720.8
2003-10-09,736.16,10531.44,11800.37
2003-10-10,757.89,10786.04,11935.83
2003-10-13,757.02,,11961.97
2003-10-14,766.52,10966.43,11856.02
2003-10-15,764.23,10899.95,12056.18
2003-10-16,776.97,11025.15,12027.57
2003-10-17,767.75,11037.89,12044.49
2003-10-20,776.44,11161.71,12147.89
2003-10-21,779.89,11031.52,12250.69
2003-10-22,779.28,10889.62,12238.63
2003-10-23,754.14,10335.16,11737.18
2003-10-24,748.17,10335.7,11736.37
2003-10-27,761.61,10454.12,11749.72
2003-10-28,775.36,10561.01,12091.88
2003-10-29,779.66,10739.22,12130.51
2003-10-30,785.94,10695.56,12143.35
2003-10-31,782.36,10559.59,12190.1
2003-11-03,791.96,,12386.81
2003-11-04,796.06,10847.97,12440.72
2003-11-05,805.51,10837.54,12438.92
2003-11-06,790.04,10552.3,12150.09
2003-11-07,804.05,10628.98,12215.17
2003-11-10,796.56,10504.54,12156.68
2003-11-11,787.77,10207.04,12003.62
2003-11-12,796.31,10226.22,11971.48
2003-11-13,813.11,10337.67,12227.57
2003-11-14,809.89,10167.06,12203.53
2003-11-17,794.47,9786.83,11997.02
2003-11-18,800.97,9897.05,12027.26
2003-11-19,771.7,9614.6,11872.99
2003-11-20,769.45,9865.7,11845.41
2003-11-21,770.78,9852.83,11839.8
2003-11-24,753.65,,11848.56
2003-11-25,768.11,9960.2,12008.07
2003-11-26,782.65,10144.83,12086.67
2003-11-27,781.68,10163.38,12075.99
2003-11-28,796.18,10100.57,12317.47
2003-12-01,807.39,10403.27,12456.99
2003-12-02,807.78,10410.15,12412.23
2003-12-03,808.34,10326.39,12361.18
2003-12-04,805.13,10429.99,12342.65
2003-12-05,789.41,10373.46,12314.73
2003-12-08,784.8,10045.34,12177.44
2003-12-09,787.35,10124.28,12393.64
2003-12-10,794.64,9910.56,12398.38
2003-12-11,791.13,10075.14,12554.58
2003-12-12,806.08,10169.66,12594.42
2003-12-15,822.16,10490.77,12520.17
2003-12-16,810.79,10271.6,12260.33
2003-12-17,800.09,10092.64,12193.12
2003-12-18,807.5,10104.0,12240.25
2003-12-19,811.2,10284.54,12371.75
2003-12-22,804.54,10372.51,12487.99
2003-12-23,801.88,,12420.51
2003-12-24,792.55,10371.27,12456.7
2003-12-25,,10365.35,
2003-12-26,788.85,10417.41,
2003-12-29,792.44,10500.62,12464.29
2003-12-30,810.71,10676.64,12526.74
2003-12-31,,,12575.94
2004-01-02,821.26,,12801.48
2004-01-05,824.1,10825.17,13005.33
2004-01-06,823.43,10813.99,13036.32
2004-01-07,827.07,10757.82,13157.68
2004-01-08,824.15,10837.65,13203.59
2004-01-09,845.27,10965.05,13385.8
2004-01-12,850.79,,13352.22
2004-01-13,848.43,10849.68,13396.65
2004-01-14,849.62,10863.0,13320.88
2004-01-15,845.66,10665.15,13249.81
2004-01-16,847.95,10857.2,13167.76
2004-01-19,856.8,11036.33,13253.31
2004-01-20,861.37,11103.1,13570.43
2004-01-21,,11002.39,13750.58
2004-01-22,,11000.7,
2004-01-23,,11069.01,
2004-01-26,869.04,10972.6,13727.27
2004-01-27,863.03,10928.03,13761.88
2004-01-28,859.59,10852.47,13431.78
2004-01-29,853.47,10779.44,13334.01
2004-01-30,848.5,10783.61,13289.37
2004-02-02,854.89,10776.73,12999.98
2004-02-03,839.87,10641.92,13090.01
2004-02-04,835.5,10447.25,13086.73
2004-02-05,840.92,10464.6,13030.94
2004-02-06,850.23,10460.92,13309.6
2004-02-09,864.77,10402.61,13576.68
2004-02-10,866.8,10365.4,13515.66
2004-02-11,876.34,,13524.76
2004-02-12,877.95,10459.26,13625.13
2004-02-13,882.18,10557.69,13739.8
2004-02-16,881.28,10548.72,13831.53
2004-02-17,884.8,10701.13,13815.44
2004-02-18,877.1,10676.81,13928.38
2004-02-19,881.65,10753.8,13867.22
2004-02-20,877.49,10720.69,13868.37
2004-02-23,877.52,10868.96,13765.07
2004-02-24,864.59,10644.13,13756.41
2004-02-25,866.87,10658.73,13599.47
2004-02-26,864.86,10815.29,13674.64
2004-02-27,883.42,11041.92,13907.03
2004-03-01,,11271.12,13918.65
2004-03-02,899.21,11361.51,13731.35
2004-03-03,895.81,11351.92,13454.09
2004-03-04,907.43,11401.79,13451.56
2004-03-05,905.38,11537.29,13454.76
2004-03-08,900.1,11502.86,13573.54
2004-03-09,891.58,11532.04,13397.25
2004-03-10,876.02,11433.24,13214.2
2004-03-11,869.93,11297.04,13024.06
2004-03-12,848.8,11162.75,12932.23
2004-03-15,852.26,11317.9,12919.41
2004-03-16,850.13,11242.29,12932.62
2004-03-17,872.38,11436.86,12975.72
2004-03-18,872.82,11484.28,12816.19
2004-03-19,883.33,11418.51,12790.58
2004-03-22,863.69,11318.51,12550.91
2004-03-23,866.17,11281.09,12588.36
2004-03-24,861.72,11364.99,12678.13
2004-03-25,853.38,11530.91,12520.21
2004-03-26,863.95,11770.65,12483.24
2004-03-29,874.67,11718.24,12427.34
2004-03-30,873.46,11693.68,12641.39
2004-03-31,880.5,11715.39,12681.67
2004-04-01,882.75,11683.42,12676.25
2004-04-02,883.69,11815.95,12731.76
2004-04-05,,11958.32,
2004-04-06,906.19,12079.7,12886.97
2004-04-07,909.93,12019.62,12920.05
2004-04-08,916.86,12092.59,12909.37
2004-04-09,905.44,11897.51,
2004-04-12,918.86,12042.7,
2004-04-13,917.63,12127.82,13031.81
2004-04-14,916.31,12098.18,12669.86
2004-04-15,,11800.4,12479.26
2004-04-16,898.88,11824.56,12458.38
2004-04-19,902.1,11764.21,12450.0
2004-04-20,918.9,11952.26,12394.37
2004-04-21,929.95,11944.3,12227.3
2004-04-22,924.01,11980.1,12167.7
2004-04-23,936.06,12120.66,12383.94
2004-04-26,919.74,12163.89,12132.68
2004-04-27,915.47,12044.88,12154.91
2004-04-28,901.83,12004.29,12165.31
2004-04-29,875.41,,12005.58
2004-04-30,862.84,11761.79,11942.96
2004-05-03,866.11,,11950.62
2004-05-04,867.48,,12098.3
2004-05-05,,,11950.46
2004-05-06,837.68,11571.34,12010.31
2004-05-07,838.74,11438.82,11910.76
2004-05-10,790.68,10884.7,11485.5
2004-05-11,791.02,10907.18,11508.09
2004-05-12,817.09,11153.58,11528.18
2004-05-13,790.13,10825.1,11396.94
2004-05-14,768.46,10849.63,11276.86
2004-05-17,728.98,10505.05,10967.65
2004-05-18,741.99,10711.09,11072.39
2004-05-19,777.95,10967.74,11469.41
2004-05-20,767.79,10862.04,11339.62
2004-05-21,786.36,11070.25,11576.01
2004-05-24,799.64,11101.64,11662.97
2004-05-25,784.06,10962.93,11692.56
2004-05-26,,11152.09,
2004-05-27,802.46,11166.03,11983.9
2004-05-28,816.51,11309.57,12116.87
2004-05-31,803.84,11236.37,12198.24
2004-06-01,815.77,11296.76,12105.55
2004-06-02,804.39,11242.34,12201.75
2004-06-03,770.06,11027.05,11929.93
2004-06-04,780.74,11128.05,12022.64
2004-06-07,809.45,11439.92,12326.85
2004-06-08,809.31,11521.93,12344.16
2004-06-09,794.53,11449.74,12339.94
2004-06-10,782.3,11575.97,12422.87
2004-06-11,751.53,11526.82,12396.39
2004-06-14,738.79,11491.66,12076.57
2004-06-15,752.1,11387.7,12050.69
2004-06-16,752.34,11641.72,12161.78
2004-06-17,760.09,11607.9,12082.86
2004-06-18,741.73,11382.08,11855.55
2004-06-21,749.3,11600.16,11845.59
2004-06-22,746.48,11581.27,
2004-06-23,738.93,11580.56,11849.77
2004-06-24,763.13,11744.15,12163.68
2004-06-25,779.03,11780.4,12185.52
2004-06-28,770.95,11884.06,12194.6
2004-06-29,778.72,11860.81,12116.3
2004-06-30,785.79,11858.87,12285.75
2004-07-01,778.03,11896.01,
2004-07-02,755.42,11721.49,12220.13
2004-07-05,756.72,11541.71,12252.11
2004-07-06,758.47,11475.27,12284.08
2004-07-07,761.88,11384.86,12320.26
2004-07-08,743.64,11322.23,12119.75
2004-07-09,747.46,11423.53,12202.26
2004-07-12,746.27,11582.28,12191.01
2004-07-13,750.95,11608.62,12078.33
2004-07-14,736.57,11356.65,11932.83
2004-07-15,732.74,11409.14,11939.41
2004-07-16,739.39,11436.0,12059.2
2004-07-19,750.4,,12166.95
2004-07-20,737.0,11258.37,12123.63
2004-07-21,753.32,11433.86,12395.11
2004-07-22,742.63,11285.04,12320.21
2004-07-23,737.51,11187.33,12352.99
2004-07-26,736.21,11159.55,12319.83
2004-07-27,738.51,11031.54,12301.32
2004-07-28,744.42,11204.37,12320.27
2004-07-29,730.61,11116.84,12183.1
2004-07-30,735.34,11325.78,12238.03
2004-08-02,719.59,11222.24,12201.39
2004-08-03,726.44,11140.57,12357.12
2004-08-04,729.41,11010.02,12280.26
2004-08-05,743.35,11060.89,12491.92
2004-08-06,733.95,10972.57,12478.68
2004-08-09,742.13,10908.7,12467.41
2004-08-10,748.62,10953.55,12408.04
2004-08-11,753.06,11049.46,12343.13
2004-08-12,766.7,11028.07,12413.43
2004-08-13,776.02,10757.2,12359.83
2004-08-16,773.85,10687.81,12219.75
2004-08-17,771.03,10725.97,12256.12
2004-08-18,773.19,10774.26,12228.54
2004-08-19,788.53,10903.53,12396.67
2004-08-20,787.64,10889.14,12376.9
2004-08-23,787.65,10960.97,12431.77
2004-08-24,792.34,10985.33,12646.49
2004-08-25,803.97,11130.02,12793.03
2004-08-26,810.21,11129.33,12784.39
2004-08-27,810.3,11209.59,12818.42
2004-08-30,805.19,11184.53,12877.78
2004-08-31,803.57,11081.79,12850.28
2004-09-01,817.36,11127.35,13023.87
2004-09-02,823.83,11152.75,12999.07
2004-09-03,820.69,11022.49,12948.1
2004-09-06,824.21,11244.37,13104.34
2004-09-07,818.8,11298.94,13136.04
2004-09-08,815.85,11279.19,13049.96
2004-09-09,821.88,11170.96,12942.2
2004-09-10,836.34,11083.23,13003.99
2004-09-13,851.91,11253.11,13139.57
2004-09-14,851.42,11295.58,13148.06
2004-09-15,850.63,11158.58,13084.4
2004-09-16,855.38,11139.36,13209.84
2004-09-17,848.11,11082.49,13224.93
2004-09-20,856.87,,13221.33
2004-09-21,857.15,11080.87,13304.48
2004-09-22,835.1,11019.41,13272.23
2004-09-23,829.68,,13280.43
2004-09-24,832.1,10895.16,13066.84
2004-09-27,,10859.32,13021.9
2004-09-28,,10815.57,12950.8
2004-09-29,,10786.1,
2004-09-30,835.09,10823.57,13120.03
2004-10-01,846.01,10985.17,
2004-10-04,880.84,11279.63,13359.25
2004-10-05,884.84,11281.83,13331.1
2004-10-06,887.45,11385.38,13271.57
2004-10-07,885.33,11354.59,13321.73
2004-10-08,881.38,11349.35,13241.46
2004-10-11,881.11,,13305.13
2004-10-12,858.09,11201.81,13251.59
2004-10-13,856.18,11195.99,13171.58
2004-10-14,846.63,11034.29,13035.38
2004-10-15,841.94,10982.95,13059.43
2004-10-18,848.27,10965.62,13034.74
2004-10-19,855.77,11064.86,13154.55
2004-10-20,828.61,10882.18,12999.13
2004-10-21,820.63,10789.23,13015.2
2004-10-22,828.17,10857.13,
2004-10-25,808.14,10659.15,12818.1
2004-10-26,813.7,10672.46,12852.35
2004-10-27,809.91,10691.95,12838.71
2004-10-28,833.54,10853.12,13113.15
2004-10-29,834.84,10771.42,13054.66
2004-11-01,835.66,10734.71,13094.25
2004-11-02,846.67,10887.81,13308.74
2004-11-03,861.05,,13397.67
2004-11-04,851.2,10946.27,13369.09
2004-11-05,860.68,11061.77,13494.95
2004-11-08,846.11,10983.83,13561.49
2004-11-09,844.15,10964.87,13516.67
2004-11-10,860.54,10994.96,13672.37
2004-11-11,861.26,10846.92,13624.51
2004-11-12,876.67,11019.98,13784.46
2004-11-15,882.33,11227.57,13932.22
2004-11-16,876.61,11161.75,13746.08
2004-11-17,885.42,11131.29,13824.98
2004-11-18,875.84,11082.42,13799.82
2004-11-19,867.03,11082.84,13787.68
2004-11-22,849.99,10849.39,13800.6
2004-11-23,860.4,,14023.29
2004-11-24,872.56,10872.33,13997.02
2004-11-25,872.49,10900.34,13926.61
2004-11-26,858.12,10833.75,13895.03
2004-11-29,865.4,10977.89,14066.91
2004-11-30,878.06,10899.25,14060.05
2004-12-01,876.8,10784.25,14162.8
2004-12-02,884.1,10973.07,14261.79
2004-12-03,882.55,11074.89,14211.84
2004-12-06,870.75,10981.96,14256.86
2004-12-07,861.07,10873.63,14235.78
2004-12-08,871.74,10941.37,14022.32
2004-12-09,861.31,10776.63,14008.82
2004-12-10,844.85,10756.8,13901.81
2004-12-13,844.2,10789.25,13886.16
2004-12-14,849.4,10915.58,14043.52
2004-12-15,868.84,10956.46,14078.54
2004-12-16,873.7,10924.37,14024.63
2004-12-17,875.13,11078.32,13992.44
2004-12-20,884.31,11103.42,14214.04
2004-12-21,882.82,11125.92,14180.79
2004-12-22,883.38,11209.44,14151.08
2004-12-23,876.88,,14235.3
2004-12-24,879.92,11365.48,14194.9
2004-12-27,876.98,11362.35,
2004-12-28,878.43,11424.13,14196.95
2004-12-29,884.27,11381.56,14266.38
2004-12-30,895.92,11488.76,14163.55
2004-12-31,,,14230.14
2005-01-03,893.71,,14237.42
2005-01-04,886.9,11517.75,14045.9
2005-01-05,885.19,11437.52,13764.36
2005-01-06,871.28,11492.26,13712.04
2005-01-07,870.84,11433.24,13574.86
2005-01-10,874.18,,13531.39
2005-01-11,884.29,11539.99,13509.25
2005-01-12,880.03,11453.39,13565.31
2005-01-13,885.54,11358.22,13573.28
2005-01-14,905.1,11438.39,13494.78
2005-01-17,923.08,11487.1,13621.65
2005-01-18,920.57,11423.26,13604.22
2005-01-19,916.27,11405.34,13678.63
2005-01-20,909.37,11284.77,13543.59
2005-01-21,919.61,11238.37,13481.02
2005-01-24,923.11,11289.49,13386.99
2005-01-25,915.1,11276.91,13584.06
2005-01-26,927.0,11376.57,13623.68
2005-01-27,924.87,11341.31,13628.91
2005-01-28,921.59,11320.58,13650.06
2005-01-31,932.7,11387.59,13721.69
2005-02-01,923.69,11384.4,13578.26
2005-02-02,921.44,11407.14,13555.8
2005-02-03,928.79,11389.35,13515.33
2005-02-04,933.55,11360.4,13585.17
2005-02-07,949.19,11499.86,13795.0
2005-02-08,,11490.43,13845.63
2005-02-09,,11473.35,
2005-02-10,,11553.56,
2005-02-11,947.23,,
2005-02-14,964.79,11632.2,14017.23
2005-02-15,968.88,11646.49,13995.83
2005-02-16,971.56,11601.68,14015.49
2005-02-17,972.56,11582.72,13967.82
2005-02-18,984.1,11660.12,14087.87
2005-02-21,988.71,11651.02,14111.65
2005-02-22,977.8,11597.71,14090.52
2005-02-23,968.43,11500.18,13957.94
2005-02-24,987.1,11531.15,14060.91
2005-02-25,996.95,11658.25,14157.09
2005-02-28,1011.36,11740.6,14195.35
2005-03-01,,11780.53,14061.15
2005-03-02,1007.48,11813.71,13850.78
2005-03-03,1010.92,11856.46,13892.37
2005-03-04,1012.96,11873.05,13730.78
2005-03-07,1007.5,11925.36,13771.95
2005-03-08,1000.28,11886.91,13881.71
2005-03-09,1008.79,11966.69,13941.47
2005-03-10,998.66,11864.91,13856.02
2005-03-11,1022.79,11923.89,13890.93
2005-03-14,1019.69,11850.25,13906.85
2005-03-15,993.13,11821.09,13816.75
2005-03-16,993.13,11873.18,13832.52
2005-03-17,980.05,11775.5,13817.99
2005-03-18,979.72,11879.81,13828.37
2005-03-21,979.27,,13834.35
2005-03-22,980.41,11841.97,13776.47
2005-03-23,966.81,11739.12,13603.61
2005-03-24,956.33,11745.97,13597.1
2005-03-25,965.3,11761.1,
2005-03-28,977.7,11792.3,
2005-03-29,958.96,11599.82,13411.88
2005-03-30,955.45,11565.88,13425.75
2005-03-31,965.68,11668.95,13516.88
2005-04-01,981.9,11723.63,13491.35
2005-04-04,982.5,11667.54,13513.41
2005-04-05,,11774.31,
2005-04-06,988.0,11827.16,13562.26
2005-04-07,988.9,11810.99,13602.35
2005-04-08,992.17,11874.75,13666.72
2005-04-11,985.94,11745.64,13659.93
2005-04-12,981.79,11670.3,13658.05
2005-04-13,981.31,11637.52,13799.62
2005-04-14,953.92,11563.17,13772.4
2005-04-15,947.22,11370.69,13638.75
2005-04-18,925.0,10938.44,13355.23
2005-04-19,932.45,11065.86,13444.09
2005-04-20,937.36,11088.58,13501.63
2005-04-21,939.14,10984.39,13597.31
2005-04-22,940.79,11045.95,13693.55
2005-04-25,946.17,11073.77,13750.23
2005-04-26,944.46,11035.83,13859.58
2005-04-27,930.16,11005.42,13839.64
2005-04-28,917.73,11008.9,13909.42
2005-04-29,911.3,,13908.97
2005-05-02,918.42,11002.11,
2005-05-03,913.82,,13893.98
2005-05-04,929.35,,13945.05
2005-05-05,,,14061.7
2005-05-06,940.85,11192.17,14033.96
2005-05-09,935.2,11171.32,14085.09
2005-05-10,934.28,11159.46,14018.38
2005-05-11,923.38,11120.7,13939.8
2005-05-12,921.21,11077.94,13968.28
2005-05-13,923.19,11049.11,13866.81
2005-05-16,929.04,10947.22,
2005-05-17,927.16,10825.39,13667.03
2005-05-18,930.36,10835.41,13627.01
2005-05-19,952.09,11077.16,13698.93
2005-05-20,952.19,11037.29,13717.42
2005-05-23,951.05,11158.65,13699.13
2005-05-24,951.61,11133.65,13719.32
2005-05-25,941.3,11014.43,13562.06
2005-05-26,943.91,11027.94,13569.99
2005-05-27,960.91,11192.33,13714.78
2005-05-30,969.04,11266.33,13845.1
2005-05-31,970.21,11276.59,13867.07
2005-06-01,969.51,11329.67,13873.07
2005-06-02,970.88,11280.05,13814.58
2005-06-03,976.09,11300.05,13818.45
2005-06-06,,11270.62,13860.55
2005-06-07,970.88,11217.45,13837.29
2005-06-08,976.22,11281.03,13898.55
2005-06-09,987.58,11160.88,13898.31
2005-06-10,990.79,11304.23,13934.76
2005-06-13,990.49,11311.51,13952.02
2005-06-14,983.75,11335.92,13904.81
2005-06-15,1001.94,11415.88,13914.3
2005-06-16,1003.14,11416.38,13833.53
2005-06-17,1003.68,11514.03,13912.03
2005-06-20,994.65,11483.35,13945.77
2005-06-21,989.99,11488.74,13979.35
2005-06-22,1002.15,11547.28,14161.02
2005-06-23,1010.8,11576.75,14190.44
2005-06-24,1002.43,11537.03,14230.29
2005-06-27,991.11,11414.28,14176.04
2005-06-28,994.74,11513.83,14287.44
2005-06-29,999.08,11577.44,14277.28
2005-06-30,1008.16,11584.01,14201.06
2005-07-01,1018.02,11630.13,
2005-07-04,1021.71,11651.55,14177.87
2005-07-05,1018.81,11616.7,14124.8
2005-07-06,1019.01,11603.53,14149.93
2005-07-07,1026.82,11590.14,14030.81
2005-07-08,1021.95,11565.99,13964.47
2005-07-11,1040.43,11674.79,14157.24
2005-07-12,1043.88,11692.14,14146.95
2005-07-13,1050.16,11659.84,14307.3
2005-07-14,1061.93,11764.26,14491.54
2005-07-15,1059.6,11758.68,14504.29
2005-07-18,1062.43,,14567.0
2005-07-19,1075.48,11764.84,14567.74
2005-07-20,1074.4,11789.35,14602.7
2005-07-21,1074.65,11786.73,14620.14
2005-07-22,1074.22,11695.05,14786.46
2005-07-25,1089.7,11762.65,14794.03
2005-07-26,1090.6,11737.96,14769.93
2005-07-27,1093.03,11835.08,14801.86
2005-07-28,1104.72,11858.31,14813.32
2005-07-29,1111.29,11899.6,14880.98
2005-08-01,1115.98,11946.92,14978.88
2005-08-02,1118.83,11940.2,15137.08
2005-08-03,1117.11,11981.8,15118.5
2005-08-04,1111.39,11883.31,15111.54
2005-08-05,1089.36,11766.48,15051.32
2005-08-08,1086.64,11778.98,15108.94
2005-08-09,1099.77,11900.32,15047.84
2005-08-10,1104.86,12098.08,15346.41
2005-08-11,1123.77,12263.32,15445.2
2005-08-12,1130.22,12261.68,15450.95
2005-08-15,,12256.55,15466.06
2005-08-16,1116.93,12315.67,15443.62
2005-08-17,1113.25,12273.12,15449.58
2005-08-18,1092.71,12307.37,15148.09
2005-08-19,1089.88,12291.73,15038.61
2005-08-22,1116.68,12452.51,15218.63
2005-08-23,1115.84,12472.93,14973.89
2005-08-24,1094.21,12502.26,14873.85
2005-08-25,1097.29,12405.16,14889.1
2005-08-26,1086.55,12439.48,14982.89
2005-08-29,1063.16,12309.83,14836.97
2005-08-30,1072.61,12453.14,14922.22
2005-08-31,1083.33,12413.6,14903.55
2005-09-01,1106.37,12506.97,15143.75
2005-09-02,1115.83,12600.0,15221.89
2005-09-05,1114.5,12634.88,15227.83
2005-09-06,1122.65,12599.43,15160.78
2005-09-07,1142.99,12607.59,15224.57
2005-09-08,1145.26,12533.89,15166.17
2005-09-09,1152.5,12692.04,15165.77
2005-09-12,1158.36,12896.43,15199.79
2005-09-13,1158.12,12901.95,15070.56
2005-09-14,1170.77,12834.25,15086.62
2005-09-15,1169.59,12986.78,15041.02
2005-09-16,1174.13,12958.68,14983.2
2005-09-19,,,
2005-09-20,1190.93,13148.57,15241.86
2005-09-21,1196.67,13196.57,15223.62
2005-09-22,1199.97,13159.36,15179.95
2005-09-23,1175.88,,15143.97
2005-09-26,1206.41,13392.63,15274.31
2005-09-27,1209.63,13310.04,15189.88
2005-09-28,1228.57,13435.91,15221.46
2005-09-29,1231.22,13617.24,15431.25
2005-09-30,1221.01,13574.3,15428.52
2005-10-03,,13525.28,15394.39
2005-10-04,1242.78,13738.84,15382.21
2005-10-05,1227.4,13689.89,15161.03
2005-10-06,1202.49,13359.51,14839.3
2005-10-07,1201.01,13227.74,14847.79
2005-10-10,1227.18,,14898.77
2005-10-11,1244.27,13556.71,
2005-10-12,1217.06,13463.74,14575.02
2005-10-13,1193.44,13449.24,14621.83
2005-10-14,1190.17,13420.54,14485.88
2005-10-17,1176.36,13400.29,14541.35
2005-10-18,1186.22,13352.24,14597.4
2005-10-19,1153.13,13129.49,14372.76
2005-10-20,1162.23,13190.46,14408.94
2005-10-21,1183.48,13199.95,14487.85
2005-10-24,1184.6,13106.18,14402.35
2005-10-25,1181.28,13280.62,14424.88
2005-10-26,1179.0,13395.02,14458.14
2005-10-27,1166.36,13417.08,14381.06
2005-10-28,1140.72,13346.54,14215.83
2005-10-31,1158.11,13606.5,14386.37
2005-11-01,1188.95,13867.86,14572.26
2005-11-02,1208.38,13894.78,14597.48
2005-11-03,1217.97,,14601.59
2005-11-04,1221.98,14075.96,14585.79
2005-11-07,1218.47,14061.6,14365.79
2005-11-08,1226.71,14036.73,14403.2
2005-11-09,1227.59,14072.2,14597.55
2005-11-10,1234.43,14080.88,14633.33
2005-11-11,1256.12,14155.06,14740.6
2005-11-14,1257.63,14116.04,14629.49
2005-11-15,1253.86,14091.77,14627.41
2005-11-16,1267.16,14170.87,14650.54
2005-11-17,1269.35,14411.79,14787.98
2005-11-18,1272.25,14623.12,14883.32
2005-11-21,1268.8,14680.43,14885.57
2005-11-22,1244.5,14708.32,14885.65
2005-11-23,1282.02,,15062.35
2005-11-24,1291.71,14742.58,15084.39
2005-11-25,1293.22,14784.29,15081.47
2005-11-28,1293.74,14986.94,15100.0
2005-11-29,1279.38,14927.7,15028.76
2005-11-30,1297.44,14872.15,14937.14
2005-12-01,1305.98,15130.5,15068.03
2005-12-02,1310.12,15421.6,15200.38
2005-12-05,1315.15,15551.31,15158.82
2005-12-06,1321.06,15423.38,14990.61
2005-12-07,1324.75,15484.66,15134.95
2005-12-08,1324.2,15183.36,14879.16
2005-12-09,1317.42,15404.05,14910.51
2005-12-12,1333.23,15738.7,14984.4
2005-12-13,1336.48,15778.86,14942.62
2005-12-14,1334.27,15464.58,14976.26
2005-12-15,1337.68,15254.44,15059.02
2005-12-16,1321.04,15173.07,15029.81
2005-12-19,1339.4,15391.48,15182.89
2005-12-20,1341.0,15641.26,15169.17
2005-12-21,1354.16,15957.57,15221.42
2005-12-22,1350.87,15941.37,15182.53
2005-12-23,1359.53,,15183.58
2005-12-26,1367.57,16107.67,
2005-12-27,1373.55,15969.4,
2005-12-28,1368.16,16194.61,15101.54
2005-12-29,1379.37,16344.2,15045.59
2005-12-30,,16111.43,14876.43
2006-01-02,1389.27,,
2006-01-03,1394.87,,14944.77
2006-01-04,1402.11,16361.54,15200.06
2006-01-05,1395.51,16425.37,15271.13
2006-01-06,1412.78,16428.21,15344.44
2006-01-09,1408.33,,15547.43
2006-01-10,1396.29,16124.35,15569.91
2006-01-11,1394.09,16363.59,15650.88
2006-01-12,1402.58,16445.19,15719.37
2006-01-13,1416.28,16454.95,15787.97
2006-01-16,1421.79,16268.03,15777.72
2006-01-17,1389.58,15805.95,15576.2
2006-01-18,1352.91,15341.18,15481.21
2006-01-19,1360.64,15696.28,15670.42
2006-01-20,1324.78,15696.69,15662.08
2006-01-23,1297.43,15360.65,15464.77
2006-01-24,1326.83,15648.89,15530.57
2006-01-25,1342.59,15651.0,15520.39
2006-01-26,1352.75,15891.02,15520.07
2006-01-27,1384.56,16460.68,15753.14
2006-01-30,,16551.23,
2006-01-31,1399.83,16649.82,
2006-02-01,1375.97,16480.09,15742.3
2006-02-02,1374.44,16710.55,15691.69
2006-02-03,1333.5,16659.64,15429.73
2006-02-06,1341.64,16747.76,15548.06
2006-02-07,1332.28,16720.99,15517.01
2006-02-08,1310.99,16272.68,15373.44
2006-02-09,1321.66,16439.67,15413.43
2006-02-10,1335.23,16257.83,15425.95
2006-02-13,1320.79,15877.66,15312.09
2006-02-14,1328.21,16184.87,15420.32
2006-02-15,1303.84,15932.83,15423.26
2006-02-16,1314.32,16043.67,15450.88
2006-02-17,1332.73,15713.45,15475.69
2006-02-20,1348.25,15437.93,15598.67
2006-02-21,1346.49,15894.94,15627.24
2006-02-22,1340.58,15781.78,15635.72
2006-02-23,1361.23,16096.1,15812.53
2006-02-24,1365.82,16101.91,15856.05
2006-02-27,1374.88,16192.95,15949.89
2006-02-28,1371.59,16205.43,15918.48
2006-03-01,,15964.46,15818.09
2006-03-02,1367.7,15909.76,15882.45
2006-03-03,1328.95,15663.34,15802.0
2006-03-06,1344.76,15901.16,15811.83
2006-03-07,1316.67,15726.02,15602.36
2006-03-08,1314.05,15627.49,15493.09
2006-03-09,1311.21,16036.91,15510.13
2006-03-10,1320.07,16115.63,15445.05
2006-03-13,1338.28,16361.51,15542.07
2006-03-14,1326.3,16238.36,15519.76
2006-03-15,1333.98,16319.04,15720.36
2006-03-16,1335.98,16096.21,15729.04
2006-03-17,1341.12,16339.73,15801.66
2006-03-20,1346.69,16624.8,15929.95
2006-03-21,1336.65,,15922.75
2006-03-22,1309.83,16495.48,15642.81
2006-03-23,1312.26,16489.37,15771.17
2006-03-24,1321.23,16560.87,15716.46
2006-03-27,1330.34,16650.1,15815.87
2006-03-28,1331.31,16690.24,15856.58
2006-03-29,1332.72,16938.41,15745.11
2006-03-30,1338.14,17045.34,15880.69
2006-03-31,1359.6,17059.66,15805.04
2006-04-03,1379.75,17333.31,16063.75
2006-04-04,1385.64,17292.91,16100.09
2006-04-05,1388.77,17243.98,
2006-04-06,1397.0,17489.33,16411.13
2006-04-07,1402.36,17563.37,16471.78
2006-04-10,1398.29,17456.58,16521.59
2006-04-11,1386.08,17418.13,16475.81
2006-04-12,1383.59,17162.55,16310.76
2006-04-13,1405.72,17199.15,16429.45
2006-04-14,1432.72,17233.82,
2006-04-17,1422.63,17000.36,
2006-04-18,1427.0,17232.86,16637.53
2006-04-19,1437.84,17350.12,16830.44
2006-04-20,1434.15,17317.53,16944.34
2006-04-21,1451.31,17403.96,16912.15
2006-04-24,1430.94,16914.4,16705.67
2006-04-25,1431.15,16970.29,16577.77
2006-04-26,1451.22,17055.93,16672.66
2006-04-27,1452.53,17114.54,16742.85
2006-04-28,1419.73,16906.23,16661.3
2006-05-01,,16925.71,
2006-05-02,1434.9,17153.77,16868.04
2006-05-03,1435.17,,17026.98
2006-05-04,1441.02,,17013.93
2006-05-05,,,
2006-05-08,1452.23,17291.67,17301.79
2006-05-09,1450.44,17190.91,17133.99
2006-05-10,1451.09,16951.93,17080.59
2006-05-11,1464.7,16862.14,17140.78
2006-05-12,1445.2,16601.78,16901.85
2006-05-15,1413.98,16486.91,16494.84
2006-05-16,1382.11,16158.42,16393.11
2006-05-17,1401.47,16307.67,16615.55
2006-05-18,1365.15,16087.18,16266.52
2006-05-19,1372.29,16155.45,16313.36
2006-05-22,1338.59,15857.87,15805.52
2006-05-23,1329.86,15599.2,15864.56
2006-05-24,1333.38,15907.2,15822.64
2006-05-25,1295.76,15693.75,15696.89
2006-05-26,1322.43,15970.76,15895.1
2006-05-29,1329.22,15915.68,15963.77
2006-05-30,1317.7,15859.45,15857.89
2006-05-31,,15467.33,
2006-06-01,1295.09,15503.74,15645.27
2006-06-02,1309.04,15789.31,15912.71
2006-06-05,1301.62,15668.31,16016.23
2006-06-06,,15384.86,15973.11
2006-06-07,1266.84,15096.01,15816.55
2006-06-08,1223.13,14633.03,15450.11
2006-06-09,1235.65,14750.84,15628.69
2006-06-12,1239.84,14833.01,15621.44
2006-06-13,1203.86,14218.6,15234.42
2006-06-14,1221.73,14309.56,15247.92
2006-06-15,1219.4,14470.76,15435.08
2006-06-16,1262.19,14879.34,15842.65
2006-06-19,1251.67,14860.35,15768.86
2006-06-20,1225.83,14648.41,15608.97
2006-06-21,1227.19,14644.26,15659.36
2006-06-22,1238.83,15135.69,15826.7
2006-06-23,1228.62,15124.04,15808.81
2006-06-26,1238.05,15152.4,15804.81
2006-06-27,1247.54,15171.81,15774.7
2006-06-28,1238.71,14886.11,15742.66
2006-06-29,1263.02,15121.15,15865.22
2006-06-30,1295.15,15505.18,16267.62
2006-07-03,1294.61,15571.62,16326.66
2006-07-04,1285.92,15638.5,16368.98
2006-07-05,1279.85,15523.94,16267.18
2006-07-06,1263.96,15321.4,16440.99
2006-07-07,1273.93,15307.61,16459.78
2006-07-10,1299.29,15552.81,16603.81
2006-07-11,1300.44,15473.82,16490.13
2006-07-12,1296.69,15249.32,16522.21
2006-07-13,1285.02,15097.95,16305.48
2006-07-14,1255.13,14845.24,16135.71
2006-07-17,,,16064.82
2006-07-18,1233.42,14437.24,16043.94
2006-07-19,1233.65,14500.26,16097.54
2006-07-20,1273.3,14946.84,16472.62
2006-07-21,1271.33,14821.26,16464.18
2006-07-24,1263.35,14794.5,16480.59
2006-07-25,1279.77,15005.24,16583.86
2006-07-26,1279.08,14884.07,16617.24
2006-07-27,1296.27,15179.78,16916.77
2006-07-28,1297.07,15342.87,16955.04
2006-07-31,1297.82,15456.81,16971.34
2006-08-01,1287.36,15440.91,16911.37
2006-08-02,1295.11,15464.29,17032.75
2006-08-03,1292.05,15470.37,17048.42
2006-08-04,1304.51,15499.18,16887.8
2006-08-07,1289.54,15154.06,16953.55
2006-08-08,1311.1,15464.66,17048.2
2006-08-09,1314.93,15656.59,17346.58
2006-08-10,1304.31,15630.91,17222.14
2006-08-11,1292.1,15565.02,17249.95
2006-08-14,1295.11,15857.11,17290.01
2006-08-15,,15816.19,17274.07
2006-08-16,1315.61,16071.36,17451.03
2006-08-17,1327.78,16020.84,17373.05
2006-08-18,1331.1,16105.98,17330.7
2006-08-21,1321.67,15969.04,17007.88
2006-08-22,1334.96,16181.17,17149.75
2006-08-23,1324.95,16163.03,17088.39
2006-08-24,1315.73,15960.62,16883.04
2006-08-25,1329.35,15938.66,16955.45
2006-08-28,1327.89,15762.59,16922.29
2006-08-29,1344.61,15890.56,17083.28
2006-08-30,1341.35,15872.02,17284.71
2006-08-31,1352.74,16140.76,17392.27
2006-09-01,1356.67,16134.25,17423.72
2006-09-04,1359.06,16358.07,17513.88
2006-09-05,1361.24,16385.96,17438.8
2006-09-06,1357.01,16284.09,17258.51
2006-09-07,1351.17,16012.41,17096.44
2006-09-08,1354.89,16080.46,17145.76
2006-09-11,1334.08,15794.38,16948.59
2006-09-12,1328.04,15719.34,17075.4
2006-09-13,1333.13,15750.05,17210.04
2006-09-14,1358.75,15942.39,17183.45
2006-09-15,1361.1,15866.93,17237.65
2006-09-18,1374.3,,17387.21
2006-09-19,1373.95,15874.28,17346.7
2006-09-20,1366.44,15718.67,17512.96
2006-09-21,1366.79,15834.23,17619.97
2006-09-22,1348.38,15634.67,17600.65
2006-09-25,1355.21,15633.81,17546.04
2006-09-26,1343.97,15557.45,17308.08
2006-09-27,1360.03,15947.87,17521.51
2006-09-28,1371.43,16024.85,17530.57
2006-09-29,1371.41,16127.58,17543.05
2006-10-02,1374.22,16254.29,
2006-10-03,,16242.09,17606.53
2006-10-04,1352.0,16082.55,17629.21
2006-10-05,,16449.33,17907.67
2006-10-06,,16436.06,17903.39
2006-10-09,1319.4,,17675.24
2006-10-10,1328.37,16477.25,17823.7
2006-10-11,1325.49,16400.57,17862.79
2006-10-12,1331.78,16368.81,17873.09
2006-10-13,1348.6,16536.54,17988.86
2006-10-16,1356.72,16692.76,18010.2
2006-10-17,1351.3,16611.59,18014.84
2006-10-18,1354.26,16653.0,18048.09
2006-10-19,1354.06,16551.36,17986.97
2006-10-20,1364.24,16651.63,18113.55
2006-10-23,1364.95,16788.82,18089.85
2006-10-24,1366.5,16780.47,18153.41
2006-10-25,1371.43,16699.3,18157.94
2006-10-26,1373.65,16811.6,18353.74
2006-10-27,1369.09,16669.07,18297.55
2006-10-30,1356.11,16351.85,
2006-10-31,1364.55,16399.39,18324.35
2006-11-01,1374.35,16375.26,18453.65
2006-11-02,1383.73,16350.02,18714.78
2006-11-03,1383.88,,18749.69
2006-11-06,1379.19,16364.76,18936.55
2006-11-07,1387.44,16393.41,18939.31
2006-11-08,1380.07,16215.74,18811.24
2006-11-09,1399.44,16198.57,18952.86
2006-11-10,1395.73,16112.43,18891.14
2006-11-13,1396.69,16022.49,18868.54
2006-11-14,1407.37,16289.55,18878.42
2006-11-15,1412.54,16243.47,19093.0
2006-11-16,1410.75,16163.87,19154.07
2006-11-17,1412.22,16091.73,19182.71
2006-11-20,1402.21,15725.94,18954.63
2006-11-21,1405.9,15734.14,19008.3
2006-11-22,1422.54,15914.23,19250.79
2006-11-23,1419.23,,19265.32
2006-11-24,1421.73,15734.6,19260.3
2006-11-27,1425.13,15885.38,19204.01
2006-11-28,1411.47,15855.26,18639.53
2006-11-29,1422.55,16076.2,18780.93
2006-11-30,1432.21,16274.33,18960.48
2006-12-01,1434.36,16321.78,18690.82
2006-12-04,1426.46,16303.59,18702.73
2006-12-05,1420.59,16265.76,18944.19
2006-12-06,1413.73,16371.28,19026.36
2006-12-07,1410.3,16473.36,18842.99
2006-12-08,1390.43,16417.82,18739.99
2006-12-11,1390.73,16527.99,18924.66
2006-12-12,1376.98,16637.78,18907.17
2006-12-13,1383.28,16692.93,18718.19
2006-12-14,1418.38,16829.2,18919.4
2006-12-15,1421.87,16914.31,19110.65
2006-12-18,1433.23,16962.11,19192.91
2006-12-19,1427.76,16776.88,18964.55
2006-12-20,1442.28,17011.04,19240.12
2006-12-21,1436.47,17047.83,19222.84
2006-12-22,1437.49,17104.96,19320.52
2006-12-25,,17092.89,
2006-12-26,1433.92,17169.19,
2006-12-27,1425.1,17223.15,19725.73
2006-12-28,1434.46,17224.81,20001.91
2006-12-29,,17225.83,19964.72
2007-01-02,1435.26,,20310.18
2007-01-03,1409.35,,20413.39
2007-01-04,1397.29,17353.67,20025.58
2007-01-05,1385.76,17091.59,20211.28
2007-01-08,1370.81,,20029.66
2007-01-09,1374.34,17237.77,19898.08
2007-01-10,1355.79,16942.4,19568.34
2007-01-11,1365.31,16838.17,19385.37
2007-01-12,1388.37,17057.01,19613.41
2007-01-15,1390.96,17209.92,20068.56
2007-01-16,1389.71,17202.46,20027.95
2007-01-17,1379.48,17261.35,20064.57
2007-01-18,1383.21,17370.93,20277.51
2007-01-19,1360.56,17310.44,20327.72
2007-01-22,1363.41,17424.18,20772.22
2007-01-23,1363.09,17408.57,20769.7
2007-01-24,1383.06,17507.4,20821.05
2007-01-25,1382.36,17458.3,20669.83
2007-01-26,1371.33,17421.93,20281.13
2007-01-29,1363.1,17470.46,20236.68
2007-01-30,1370.72,17490.19,20460.46
2007-01-31,1360.23,17383.42,20106.42
2007-02-01,1382.9,17519.5,20430.16
2007-02-02,1413.14,17547.11,20563.68
2007-02-05,1417.95,17344.8,20455.62
2007-02-06,1428.58,17406.86,20655.2
2007-02-07,1426.29,17292.32,20679.69
2007-02-08,1423.58,17292.48,20735.05
2007-02-09,1427.68,17504.33,20677.66
2007-02-12,1414.29,,20593.41
2007-02-13,1418.44,17621.45,20132.25
2007-02-14,1436.1,17752.64,20209.91
2007-02-15,1443.63,17897.23,20538.42
2007-02-16,1448.81,17875.65,20567.91
2007-02-19,,17940.09,
2007-02-20,1452.96,17939.12,
2007-02-21,1451.38,17913.21,20651.42
2007-02-22,1465.41,18108.79,20809.23
2007-02-23,1469.88,18188.42,20711.65
2007-02-26,1470.03,18215.35,20507.95
2007-02-27,1454.6,18119.92,20147.87
2007-02-28,1417.34,17604.12,19651.51
2007-03-01,,17453.51,19346.6
2007-03-02,1414.47,17217.93,19442.01
2007-03-05,1376.15,16642.25,18664.88
2007-03-06,1402.93,16844.5,19058.56
2007-03-07,1410.95,16764.62,18918.64
2007-03-08,1423.89,17090.31,19175.17
2007-03-09,1423.58,17164.04,19134.88
2007-03-12,1441.33,17292.39,19442.42
2007-03-13,1436.05,17178.84,19333.14
2007-03-14,1407.37,16676.89,18836.93
2007-03-15,1426.93,16860.39,18969.44
2007-03-16,1427.88,16744.15,18953.5
2007-03-19,1443.39,17009.55,19266.74
2007-03-20,1444.17,17163.2,19356.9
2007-03-21,1442.85,,19516.41
2007-03-22,1448.53,17419.2,19690.25
2007-03-23,1447.38,17480.61,19692.64
2007-03-26,1449.77,17521.96,19765.85
2007-03-27,1453.23,17365.05,19706.79
2007-03-28,1439.74,17254.73,19553.87
2007-03-29,1450.95,17263.94,19821.78
2007-03-30,1452.55,17287.65,19800.93
2007-04-02,1459.53,17028.41,19809.7
2007-04-03,1463.75,17244.05,20002.7
2007-04-04,1483.41,17544.09,20209.71
2007-04-05,1482.04,17491.42,
2007-04-06,1484.15,17484.78,
2007-04-09,1501.06,17743.76,
2007-04-10,1499.16,17664.69,20347.87
2007-04-11,1513.42,17670.07,20449.43
2007-04-12,1525.61,17540.42,20380.21
2007-04-13,1520.78,17363.95,20340.97
2007-04-16,1532.04,17628.3,20757.53
2007-04-17,1528.66,17527.45,20788.61
2007-04-18,1534.58,17667.33,20777.09
2007-04-19,1513.66,17371.97,20299.71
2007-04-20,1533.08,17452.62,20566.59
2007-04-23,1544.35,17455.37,20556.57
2007-04-24,1556.71,17451.77,20572.8
2007-04-25,1545.55,17236.16,20536.78
2007-04-26,1553.13,17429.17,20667.29
2007-04-27,1542.52,17400.41,20526.5
2007-04-30,1542.24,,20318.98
2007-05-01,,17274.98,
2007-05-02,1553.3,17394.92,20388.49
2007-05-03,1559.86,,20681.58
2007-05-04,1567.74,,20841.08
2007-05-07,1584.46,17669.83,20896.64
2007-05-08,1582.65,17656.84,20706.35
2007-05-09,1593.42,17748.12,20844.78
2007-05-10,1599.68,17736.96,20746.27
2007-05-11,1603.56,17553.72,20468.21
2007-05-14,1605.77,17677.94,20979.24
2007-05-15,1589.37,17512.98,20868.15
2007-05-16,1600.6,17529.0,20937.26
2007-05-17,1615.58,17498.6,20994.61
2007-05-18,1612.25,17399.58,20904.84
2007-05-21,1628.2,17556.87,20927.75
2007-05-22,1642.88,17680.05,20843.92
2007-05-23,1646.59,17705.12,20798.97
2007-05-24,,17696.97,
2007-05-25,1644.56,17481.21,20520.66
2007-05-28,1657.91,17587.59,20529.76
2007-05-29,1661.8,17672.56,20469.59
2007-05-30,1662.72,17588.26,20293.76
2007-05-31,1700.91,17875.75,20634.47
2007-06-01,1716.24,17958.88,20602.87
2007-06-04,1737.59,17973.42,20729.59
2007-06-05,1742.19,18053.81,20842.15
2007-06-06,,18040.93,20818.61
2007-06-07,1753.04,18053.38,20800.16
2007-06-08,1727.28,17779.09,20509.15
2007-06-11,1716.56,17834.48,20615.49
2007-06-12,1729.88,17760.91,20636.39
2007-06-13,1721.99,17732.77,20578.75
2007-06-14,1769.18,17842.29,20867.26
2007-06-15,1772.26,17971.49,21017.05
2007-06-18,1806.88,18149.52,21582.89
2007-06-19,1807.85,18163.61,
2007-06-20,1783.79,18211.68,21684.67
2007-06-21,1794.24,18240.3,21954.67
2007-06-22,1770.98,18188.63,21999.91
2007-06-25,1757.73,18087.48,21822.35
2007-06-26,1749.55,18066.11,21803.57
2007-06-27,1733.1,17849.28,21705.56
2007-06-28,1751.75,17932.27,21938.22
2007-06-29,1743.6,18138.36,21772.73
2007-07-02,1771.35,18146.3,
2007-07-03,1805.5,18149.9,22151.14
2007-07-04,1838.41,18168.72,22218.55
2007-07-05,1847.79,18221.48,22252.99
2007-07-06,1861.01,18140.94,22531.74
2007-07-09,1883.59,18261.98,22817.43
2007-07-10,1894.53,18252.67,22885.84
2007-07-11,1889.96,18049.51,22607.02
2007-07-12,1909.75,17984.14,22809.02
2007-07-13,1962.93,18238.95,23099.29
2007-07-16,1949.51,,22953.94
2007-07-17,,18217.27,23057.3
2007-07-18,1930.7,18015.58,22841.92
2007-07-19,1937.9,18116.57,23016.2
2007-07-20,1983.54,18157.93,23291.9
2007-07-23,1993.05,17963.64,23365.56
2007-07-24,1992.26,18002.03,23472.88
2007-07-25,2004.22,17858.42,23362.18
2007-07-26,1963.54,17702.09,23211.69
2007-07-27,1883.22,17283.81,22570.41
2007-07-30,1906.71,17289.3,22739.9
2007-07-31,1933.27,17248.89,23184.94
2007-08-01,1856.45,16870.98,22455.36
2007-08-02,1853.07,16984.11,22443.25
2007-08-03,1876.8,16979.86,22538.44
2007-08-06,1855.05,16914.46,21936.73
2007-08-07,1859.82,16921.77,21907.99
2007-08-08,1903.41,17029.28,22536.67
2007-08-09,1908.68,17170.6,22439.36
2007-08-10,1828.49,16764.09,21792.71
2007-08-13,1849.26,16800.05,21891.1
2007-08-14,1817.89,16844.61,22007.32
2007-08-15,,16475.61,21375.72
2007-08-16,1691.98,16148.49,20672.39
2007-08-17,1638.07,15273.68,20387.13
2007-08-20,1731.27,15732.48,21595.63
2007-08-21,1736.18,15901.34,21729.35
2007-08-22,1759.5,15900.64,22346.88
2007-08-23,1799.72,16316.32,22966.97
2007-08-24,1791.33,16248.97,22921.89
2007-08-27,1803.03,16301.39,23577.73
2007-08-28,1829.31,16287.49,23363.76
2007-08-29,1826.19,16012.83,23020.6
2007-08-30,1841.7,16153.82,23484.54
2007-08-31,1873.24,16569.09,23984.14
2007-09-03,1881.81,16524.93,23904.09
2007-09-04,1874.74,16420.47,23886.07
2007-09-05,1865.59,16158.45,24069.17
2007-09-06,1888.81,16257.0,24050.4
2007-09-07,1884.9,16122.16,23982.61
2007-09-10,1835.87,15764.97,23999.7
2007-09-11,1847.36,15877.67,23952.24
2007-09-12,1813.52,15797.6,24310.14
2007-09-13,1848.02,15821.19,24537.02
2007-09-14,1870.02,16127.42,24898.11
2007-09-17,1871.68,,24599.34
2007-09-18,1838.61,15801.8,24576.85
2007-09-19,1902.65,16381.54,25554.64
2007-09-20,1908.97,16413.79,25701.13
2007-09-21,1919.26,16312.61,25843.78
2007-09-24,,,26551.94
2007-09-25,,16401.73,26430.29
2007-09-26,,16435.74,
2007-09-27,1945.28,16832.22,27065.15
2007-09-28,1946.48,16785.69,27142.47
2007-10-01,1962.67,16845.96,
2007-10-02,2014.09,17046.78,28199.75
2007-10-03,,17199.89,27479.94
2007-10-04,2003.6,17092.49,26973.98
2007-10-05,1996.03,17065.04,27831.52
2007-10-08,2012.82,,27770.29
2007-10-09,2014.13,17159.9,28228.04
2007-10-10,2041.12,17177.89,28569.33
2007-10-11,2058.85,17458.98,29133.02
2007-10-12,2026.44,17331.17,28838.37
2007-10-15,2035.39,17358.15,29540.78
2007-10-16,2005.76,17137.92,28954.55
2007-10-17,1983.94,16955.31,29298.71
2007-10-18,2005.09,17106.09,29465.05
2007-10-19,1970.1,16814.37,
2007-10-22,1903.81,16438.47,28373.63
2007-10-23,1947.98,16450.58,29376.86
2007-10-24,1933.36,16358.39,29333.53
2007-10-25,1976.75,16284.17,29854.49
2007-10-26,2028.06,16505.63,30405.22
2007-10-29,2062.92,16698.08,31586.9
2007-10-30,2052.37,16651.01,31638.22
2007-10-31,2064.85,16737.63,31352.58
2007-11-01,2063.14,16870.4,31492.88
2007-11-02,2019.34,16517.48,30468.34
2007-11-05,2015.76,16268.92,28942.32
2007-11-06,2054.24,16249.63,29438.13
2007-11-07,2043.19,16096.68,29708.93
2007-11-08,1979.56,15771.57,28760.22
2007-11-09,1990.47,15583.42,28783.41
2007-11-12,1923.42,15197.09,27665.73
2007-11-13,1932.89,15126.63,27803.35
2007-11-14,1972.58,15499.56,29166.01
2007-11-15,1947.74,15396.3,28751.21
2007-11-16,1926.2,15154.61,27614.43
2007-11-19,1893.47,15042.56,27460.17
2007-11-20,1872.24,15211.52,27771.21
2007-11-21,1806.99,14837.66,26618.19
2007-11-22,1799.02,14888.77,26004.92
2007-11-23,1772.88,,26541.09
2007-11-26,1855.33,15135.21,27626.62
2007-11-27,1859.79,15222.85,27210.21
2007-11-28,1834.69,15153.78,27371.24
2007-11-29,1877.56,15513.74,28482.54
2007-11-30,1906.0,15680.67,28643.61
2007-12-03,1902.43,15628.97,28658.42
2007-12-04,1917.83,15480.19,28879.59
2007-12-05,1938.2,15608.88,29345.45
2007-12-06,1953.17,15874.08,29558.92
2007-12-07,1934.32,15956.37,28842.47
2007-12-10,1906.42,15924.39,28501.1
2007-12-11,1925.07,16044.72,29226.84
2007-12-12,1927.45,15932.26,28521.06
2007-12-13,1915.9,15536.52,27744.45
2007-12-14,1895.05,15514.51,27563.64
2007-12-17,1839.82,15249.79,26596.58
2007-12-18,1861.47,15207.86,26732.87
2007-12-19,,15030.51,27029.26
2007-12-20,1844.37,15031.6,27017.09
2007-12-21,1878.32,15257.0,27626.92
2007-12-24,1919.47,,28128.8
2007-12-25,,15552.59,
2007-12-26,1906.72,15653.54,
2007-12-27,1908.62,15564.69,27842.93
2007-12-28,1897.13,15307.78,27370.6
2007-12-31,,,27812.65
2008-01-02,1853.45,,27560.52
2008-01-03,1852.73,,26887.28
2008-01-04,1863.9,14691.41,27519.69
2008-01-07,1831.14,14500.55,27179.49
2008-01-08,1826.23,14528.67,27112.9
2008-01-09,1844.47,14599.16,27615.85
2008-01-10,1824.78,14388.11,27230.86
2008-01-11,1782.27,14110.79,26867.01
2008-01-14,1765.88,,26468.13
2008-01-15,1746.95,13972.63,25837.78
2008-01-16,1704.97,13504.51,24450.85
2008-01-17,1723.55,13783.45,25114.98
2008-01-18,1734.72,13861.29,25201.87
2008-01-21,1683.56,13325.94,23818.86
2008-01-22,1609.02,12573.05,21757.63
2008-01-23,1628.42,12829.06,24090.17
2008-01-24,1663.0,13092.78,23539.27
2008-01-25,1692.41,13629.16,25122.37
2008-01-28,1627.19,13087.91,24053.61
2008-01-29,1637.91,13478.86,24291.8
2008-01-30,1589.06,13345.03,23653.69
2008-01-31,1624.68,13592.47,23455.74
2008-02-01,1634.53,13497.16,24123.58
2008-02-04,1690.13,13859.7,25032.08
2008-02-05,1696.57,13745.5,24808.7
2008-02-06,,13099.24,23469.46
2008-02-07,,13207.15,
2008-02-08,,13017.24,
2008-02-11,1640.67,,22616.11
2008-02-12,1643.29,13021.96,22921.67
2008-02-13,1631.78,13068.3,23169.55
2008-02-14,1697.45,13626.45,24021.68
2008-02-15,1694.77,13622.56,24148.43
2008-02-18,1696.24,13635.4,23759.25
2008-02-19,1720.52,13757.91,24123.17
2008-02-20,1687.91,13310.37,23590.58
2008-02-21,1704.36,13688.28,23623.0
2008-02-22,1686.45,13500.46,23305.04
2008-02-25,1709.13,13914.57,23269.14
2008-02-26,1709.13,13824.72,23714.75
2008-02-27,1720.89,14031.3,24483.84
2008-02-28,1736.17,13925.51,24591.69
2008-02-29,1711.62,13603.02,24331.67
2008-03-03,1671.73,12992.18,23584.97
2008-03-04,1676.18,12992.28,23119.87
2008-03-05,1677.1,12972.06,23114.34
2008-03-06,1697.44,13215.42,23342.73
2008-03-07,1663.97,12782.8,22501.33
2008-03-10,1625.17,12532.13,22705.05
2008-03-11,1641.48,12658.28,22995.35
2008-03-12,1658.83,12861.13,23422.76
2008-03-13,1615.62,12433.44,22301.64
2008-03-14,1600.26,12241.6,22237.11
2008-03-17,1574.44,11787.51,21084.61
2008-03-18,1588.75,11964.16,21384.61
2008-03-19,1622.23,12260.44,21866.94
2008-03-20,1623.39,,21108.22
2008-03-21,1645.69,12482.57,
2008-03-24,1655.3,12480.09,
2008-03-25,1674.93,12745.22,22464.52
2008-03-26,1679.67,12706.63,22617.01
2008-03-27,1676.24,12604.58,22664.22
2008-03-28,1701.83,12820.47,23285.95
2008-03-31,1703.99,12525.54,22849.2
2008-04-01,1702.25,12656.42,23137.46
2008-04-02,1742.19,13189.36,23872.43
2008-04-03,1763.63,13389.9,24264.63
2008-04-04,1766.49,13293.22,
2008-04-07,1773.56,13450.23,24578.76
2008-04-08,1754.71,13250.43,24311.69
2008-04-09,,13111.89,23984.57
2008-04-10,1764.64,12945.3,24187.1
2008-04-11,1779.71,13323.73,24667.79
2008-04-14,1746.71,12917.51,23811.2
2008-04-15,1742.17,12990.58,23901.33
2008-04-16,1758.56,13146.13,23878.35
2008-04-17,1768.67,13398.3,24258.96
2008-04-18,1771.9,13476.45,24197.78
2008-04-21,1800.48,13696.55,24721.67
2008-04-22,1787.49,13547.82,24939.15
2008-04-23,1800.79,13579.16,25289.24
2008-04-24,1799.34,13540.87,25680.78
2008-04-25,1824.68,13863.47,25516.78
2008-04-28,1823.17,13894.37,25666.29
2008-04-29,1811.51,,25914.15
2008-04-30,1825.47,13849.99,25755.35
2008-05-01,,13766.86,
2008-05-02,1848.27,14049.26,26241.02
2008-05-05,,,26183.95
2008-05-06,1859.06,,26262.13
2008-05-07,1854.01,14102.48,25610.21
2008-05-08,1848.0,13943.26,25449.79
2008-05-09,1823.7,13655.34,25063.17
2008-05-12,,13743.36,
2008-05-13,1842.8,13953.73,25552.77
2008-05-14,1843.75,14118.55,25533.48
2008-05-15,1885.71,14251.74,25513.71
2008-05-16,1888.88,14219.48,25618.86
2008-05-19,1885.37,14269.61,25742.23
2008-05-20,1873.15,14160.09,25169.46
2008-05-21,1847.51,13926.3,25460.29
2008-05-22,1835.42,13978.46,25043.12
2008-05-23,1827.94,14012.2,24714.07
2008-05-26,1800.58,13690.19,24127.31
2008-05-27,1825.23,13893.31,24282.04
2008-05-28,1805.64,13709.44,24249.51
2008-05-29,1841.22,14124.47,24383.99
2008-05-30,1852.02,14338.54,24533.12
2008-06-02,1847.53,14440.14,24831.36
2008-06-03,1819.39,14209.17,24375.76
2008-06-04,1833.81,14435.57,24123.25
2008-06-05,1832.31,14341.12,24255.29
2008-06-06,,14489.44,24402.18
2008-06-09,1808.96,14181.38,
2008-06-10,1774.38,14021.17,23375.52
2008-06-11,1781.67,14183.48,23327.6
2008-06-12,1739.36,13888.6,23023.86
2008-06-13,1747.35,13973.73,22592.3
2008-06-16,1760.82,14354.37,23029.69
2008-06-17,1750.71,14348.37,23057.99
2008-06-18,1774.13,14452.82,23325.8
2008-06-19,1740.72,14130.17,22797.61
2008-06-20,1731.0,13942.08,22745.6
2008-06-23,1715.59,13857.47,22714.96
2008-06-24,1710.84,13849.56,22456.02
2008-06-25,1717.79,13829.92,22635.16
2008-06-26,1717.66,13822.32,22455.67
2008-06-27,1684.45,13544.36,22042.35
2008-06-30,1674.92,13481.38,22102.01
2008-07-01,1666.46,13463.2,
2008-07-02,1623.6,13286.37,21704.45
2008-07-03,1606.54,13265.4,21242.78
2008-07-04,1577.94,13237.89,21423.82
2008-07-07,1579.72,13360.04,21913.06
2008-07-08,1533.47,13033.1,21220.81
2008-07-09,1519.38,13052.13,21805.81
2008-07-10,1537.43,13067.21,21821.78
2008-07-11,1567.51,13039.69,22184.55
2008-07-14,1558.62,13010.16,22014.46
2008-07-15,1509.33,12754.56,21174.77
2008-07-16,1507.4,12760.8,21223.5
2008-07-17,1525.56,12887.95,21734.72
2008-07-18,1509.99,12803.7,21874.19
2008-07-21,1562.92,,22532.9
2008-07-22,1561.23,13184.96,22527.48
2008-07-23,1591.76,13312.93,23134.55
2008-07-24,1626.14,13603.31,23087.72
2008-07-25,1597.93,13334.76,22740.71
2008-07-28,1598.29,13353.78,22687.21
2008-07-29,1567.2,13159.45,22258.0
2008-07-30,1577.7,13367.79,22690.6
2008-07-31,1594.67,13376.81,22731.1
2008-08-01,1573.77,13094.59,22862.6
2008-08-04,1543.05,12933.18,22514.92
2008-08-05,1535.54,12914.66,21949.75
2008-08-06,1578.71,13254.89,
2008-08-07,1564.0,13124.99,22104.2
2008-08-08,1568.72,13168.41,21885.21
2008-08-11,1581.09,13430.91,21859.34
2008-08-12,1577.12,13303.6,21640.89
2008-08-13,1562.72,13023.05,21293.32
2008-08-14,1572.19,12956.8,21392.71
2008-08-15,,13019.41,21160.58
2008-08-18,1567.71,13165.45,20930.67
2008-08-19,1541.41,12865.05,20484.37
2008-08-20,1540.71,12851.69,20931.26
2008-08-21,1512.59,12752.21,20392.06
2008-08-22,1496.91,12666.04,
2008-08-25,1502.11,12878.66,21104.79
2008-08-26,1490.25,12778.71,21056.66
2008-08-27,1493.92,12752.96,21464.72
2008-08-28,1474.15,12768.25,20972.29
2008-08-29,1474.24,13072.87,21261.89
2008-09-01,1414.43,12834.18,20906.31
2008-09-02,1407.14,12609.47,21042.46
2008-09-03,1426.89,12689.59,20585.06
2008-09-04,1426.43,12557.66,20389.48
2008-09-05,1404.38,12212.23,19933.28
2008-09-08,1476.65,12624.46,20794.27
2008-09-09,1454.5,12400.65,20491.11
2008-09-10,1464.98,12346.63,19999.78
2008-09-11,1443.24,12102.5,19388.72
2008-09-12,1477.92,12214.76,19352.9
2008-09-15,,,
2008-09-16,1387.75,11609.72,18300.61
2008-09-17,1425.26,11749.79,17637.19
2008-09-18,1392.42,11489.3,17632.46
2008-09-19,1455.78,11920.86,19327.73
2008-09-22,1460.34,12090.59,19632.2
2008-09-23,1481.37,,18872.85
2008-09-24,1495.98,12115.03,18961.99
2008-09-25,1501.63,12006.53,18934.43
2008-09-26,1476.33,11893.16,18682.09
2008-09-29,1456.36,11743.61,17880.68
2008-09-30,1448.06,11259.86,18016.21
2008-10-01,1439.67,11368.26,
2008-10-02,1419.65,11154.76,18211.11
2008-10-03,,10938.14,17682.4
2008-10-06,1358.75,10473.09,16803.76
2008-10-07,1366.1,10155.9,
2008-10-08,1286.69,9203.32,15431.73
2008-10-09,1294.89,9157.49,15943.24
2008-10-10,1241.47,8276.43,14796.87
2008-10-13,1288.53,,16312.16
2008-10-14,1367.69,9447.57,16832.88
2008-10-15,1340.28,9547.47,15998.3
2008-10-16,1213.78,8458.45,15230.52
2008-10-17,1180.67,8693.82,14554.21
2008-10-20,1207.63,9005.59,15323.01
2008-10-21,1196.1,9306.25,15041.17
2008-10-22,1134.59,8674.69,14266.6
2008-10-23,1049.71,8460.98,13760.49
2008-10-24,938.75,7649.08,12618.38
2008-10-27,946.45,7162.9,11015.84
2008-10-28,999.16,7621.92,12596.29
2008-10-29,968.97,8211.9,12702.07
2008-10-30,1084.72,9029.76,14329.85
2008-10-31,1113.06,8576.98,13968.67
2008-11-03,1129.08,,14344.37
2008-11-04,1153.35,9114.6,14384.34
2008-11-05,1181.5,9521.24,14840.16
2008-11-06,1092.22,8899.14,13790.04
2008-11-07,1134.49,8583.0,14243.43
2008-11-10,1152.46,9081.43,14744.63
2008-11-11,1128.73,8809.3,14040.9
2008-11-12,1123.86,8695.51,13939.09
2008-11-13,1088.44,8238.64,13221.35
2008-11-14,1088.26,8462.39,13542.66
2008-11-17,1078.32,8522.58,13529.53
2008-11-18,1036.16,8328.41,12915.89
2008-11-19,1016.82,8273.22,12815.8
2008-11-20,948.69,7703.04,12298.56
2008-11-21,1003.73,7910.79,12659.2
2008-11-24,970.14,,12457.94
2008-11-25,983.32,8323.93,12878.6
2008-11-26,1029.78,8213.22,13369.45
2008-11-27,1063.48,8373.39,13552.06
2008-11-28,1076.07,8512.27,13888.24
2008-12-01,1058.62,8397.22,14108.84
2008-12-02,1023.2,7863.69,13405.85
2008-12-03,1022.67,8004.1,13588.66
2008-12-04,1006.54,7924.24,13509.78
2008-12-05,1028.13,7917.51,13846.09
2008-12-08,1105.05,8329.05,15044.87
2008-12-09,1105.84,8395.87,14753.22
2008-12-10,1145.87,8660.24,15577.74
2008-12-11,1154.43,8720.55,15613.9
2008-12-12,1103.82,8235.87,14758.39
2008-12-15,1158.19,8664.66,15046.95
2008-12-16,1161.56,8568.02,15130.21
2008-12-17,1169.75,8612.52,15460.52
2008-12-18,1175.91,8667.23,15497.81
2008-12-19,1180.97,8588.52,15127.51
2008-12-22,1179.61,8723.78,14622.39
2008-12-23,1144.31,,14220.79
2008-12-24,1128.51,8517.1,14184.14
2008-12-25,,8599.5,
2008-12-26,1117.86,8739.52,
2008-12-29,1117.59,8747.17,14328.48
2008-12-30,1124.47,8859.56,14235.5
2008-12-31,,,14387.48
2009-01-02,1157.4,,15042.81
2009-01-05,1173.57,9043.12,15563.31
2009-01-06,1194.28,9080.84,15509.51
2009-01-07,1228.17,9239.24,14987.46
2009-01-08,1205.7,8876.42,14415.91
2009-01-09,1180.96,8836.8,14377.44
2009-01-12,1156.75,,13971.0
2009-01-13,1167.71,8413.91,13668.05
2009-01-14,1182.68,8438.45,13704.61
2009-01-15,1111.34,8023.31,13242.96
2009-01-16,1135.2,8230.15,13255.51
2009-01-19,1150.65,8256.85,13339.99
2009-01-20,1126.81,8065.79,12959.77
2009-01-21,1103.61,7901.64,12583.63
2009-01-22,1116.23,8051.74,12657.99
2009-01-23,1093.4,7745.25,12578.6
2009-01-26,,7682.14,
2009-01-27,,8061.07,
2009-01-28,1157.98,8106.29,
2009-01-29,1166.56,8251.24,13154.43
2009-01-30,1162.11,7994.05,13278.21
2009-02-02,1146.95,7873.98,12861.49
2009-02-03,1163.2,7825.51,12776.89
2009-02-04,1195.37,8038.94,13063.89
2009-02-05,1177.88,7949.65,13178.9
2009-02-06,1210.26,8076.62,13655.04
2009-02-09,1202.69,7969.03,13769.06
2009-02-10,1198.87,7945.94,13880.64
2009-02-11,1190.18,,13539.21
2009-02-12,1179.84,7705.36,13228.3
2009-02-13,1192.44,7779.4,13554.67
2009-02-16,1175.47,7750.17,13455.88
2009-02-17,1127.19,7645.51,12945.4
2009-02-18,1113.19,7534.44,13016.0
2009-02-19,1107.1,7557.65,13023.36
2009-02-20,1065.95,7416.38,12699.17
2009-02-23,1099.55,7376.16,13175.1
2009-02-24,1063.88,7268.56,12798.52
2009-02-25,1067.08,7461.22,13005.08
2009-02-26,1054.79,7457.93,12894.94
2009-02-27,1063.03,7568.42,12811.57
2009-03-02,1018.81,7280.15,12317.46
2009-03-03,1025.57,7229.72,12033.88
2009-03-04,1059.26,7290.96,12331.15
2009-03-05,1058.18,7433.49,12211.24
2009-03-06,1055.03,7173.1,11921.52
2009-03-09,1071.73,7086.03,11344.58
2009-03-10,1092.2,7054.98,11694.05
2009-03-11,1127.51,7376.12,11930.66
2009-03-12,1128.39,7198.25,12001.53
2009-03-13,1126.03,7569.28,12525.8
2009-03-16,1125.46,7704.15,12976.71
2009-03-17,1163.88,7949.13,12878.09
2009-03-18,1169.95,7972.17,13117.17
2009-03-19,1161.81,7945.96,13130.92
2009-03-20,1170.94,,12833.51
2009-03-23,1199.5,8215.53,13447.42
2009-03-24,1221.7,8488.3,13910.34
2009-03-25,1229.02,8479.99,13622.11
2009-03-26,1243.8,8636.33,14108.98
2009-03-27,1237.51,8626.97,14119.5
2009-03-30,1197.46,8236.08,13456.33
2009-03-31,1206.26,8109.53,13576.02
2009-04-01,1233.36,8351.91,13519.54
2009-04-02,1276.97,8719.78,14521.97
2009-04-03,1283.75,8749.84,14545.69
2009-04-06,1297.85,8857.93,14998.04
2009-04-07,1300.1,8832.85,14928.97
2009-04-08,1262.07,8595.01,14474.86
2009-04-09,1316.35,8916.06,14901.41
2009-04-10,1336.04,8964.11,
2009-04-13,1338.26,8924.43,
2009-04-14,1342.63,8842.68,15580.16
2009-04-15,1333.09,8742.96,15669.62
2009-04-16,1336.72,8755.26,15582.99
2009-04-17,1329.0,8907.58,15601.27
2009-04-20,1336.39,8924.75,15750.91
2009-04-21,1336.81,8711.33,15285.89
2009-04-22,1356.02,8727.3,14878.45
2009-04-23,1368.8,8847.01,15214.46
2009-04-24,1354.1,8707.99,15258.85
2009-04-27,1339.83,8726.34,14840.42
2009-04-28,1300.24,8493.77,14555.11
2009-04-29,1338.42,,14956.95
2009-04-30,1369.36,8828.26,15520.99
2009-05-01,,8977.37,
2009-05-04,1397.92,,16381.05
2009-05-05,,,16430.08
2009-05-06,1393.45,,16834.57
2009-05-07,1401.08,9385.7,17217.89
2009-05-08,1412.13,9432.83,17389.87
2009-05-11,1415.16,9451.98,17087.95
2009-05-12,1403.51,9298.61,17153.64
2009-05-13,1414.52,9340.49,17059.62
2009-05-14,1380.95,9093.73,16541.69
2009-05-15,1391.73,9265.02,16790.7
2009-05-18,1386.68,9038.69,17022.91
2009-05-19,1428.21,9290.29,17544.03
2009-05-20,1435.7,9344.64,17475.84
2009-05-21,1421.65,9264.15,17199.49
2009-05-22,1403.75,9225.81,17062.52
2009-05-25,1400.9,9347.0,17121.82
2009-05-26,1372.04,9310.81,16991.56
2009-05-27,1362.02,9438.77,17885.27
2009-05-28,1392.17,9451.39,
2009-05-29,1395.89,9522.5,18171.0
2009-06-01,1415.1,9677.75,18888.59
2009-06-02,1412.85,9704.31,18389.08
2009-06-03,1414.89,9741.67,18576.47
2009-06-04,1378.14,9668.96,18502.77
2009-06-05,1394.71,9768.01,18679.53
2009-06-08,1393.3,9865.63,18253.39
2009-06-09,1371.84,9786.82,18058.49
2009-06-10,1414.88,9991.49,18785.66
2009-06-11,1419.39,9981.33,18791.03
2009-06-12,1428.59,10135.82,18889.68
2009-06-15,1412.42,10039.67,18498.96
2009-06-16,1399.15,9752.88,18165.5
2009-06-17,1391.17,9840.85,18084.6
2009-06-18,1375.76,9703.72,17776.66
2009-06-19,1383.34,9786.26,17920.93
2009-06-22,1399.71,9826.27,18059.55
2009-06-23,1360.54,9549.61,17538.37
2009-06-24,1363.79,9590.32,17892.15
2009-06-25,1392.73,9796.08,18275.03
2009-06-26,1394.53,9877.39,18600.26
2009-06-29,1388.45,9783.47,18528.51
2009-06-30,1390.07,9958.44,18378.73
2009-07-01,1411.66,9939.93,
2009-07-02,1411.48,9876.15,18178.05
2009-07-03,1420.04,9816.07,18203.4
2009-07-06,1428.94,9680.87,17979.41
2009-07-07,1434.2,9647.79,17862.27
2009-07-08,1431.02,9420.75,17721.07
2009-07-09,1430.89,9291.06,17790.59
2009-07-10,1428.62,9287.28,17708.42
2009-07-13,1378.12,9050.33,17254.63
2009-07-14,1385.56,9261.81,17885.73
2009-07-15,1420.86,9269.25,18258.66
2009-07-16,1432.22,9344.16,18361.87
2009-07-17,1440.1,9395.32,18805.66
2009-07-20,1478.51,,19502.37
2009-07-21,1488.99,9652.02,19501.73
2009-07-22,1494.04,9723.16,19248.17
2009-07-23,1496.49,9792.94,19817.7
2009-07-24,1502.59,9944.55,19982.79
2009-07-27,1524.05,10088.66,20251.62
2009-07-28,1526.03,10087.26,20624.54
2009-07-29,1524.32,10113.24,20135.5
2009-07-30,1534.74,10165.21,20234.08
2009-07-31,1557.29,10356.83,20573.33
2009-08-03,1564.98,10352.47,20807.26
2009-08-04,1566.37,10375.01,20796.43
2009-08-05,1559.47,10252.53,20494.77
2009-08-06,1565.04,10388.09,20899.24
2009-08-07,1576.0,10412.09,20375.37
2009-08-10,1576.11,10524.26,20929.52
2009-08-11,1579.21,10585.46,21074.21
2009-08-12,1565.35,10435.0,20435.24
2009-08-13,1564.64,10517.19,20861.3
2009-08-14,1591.41,10597.33,20893.33
2009-08-17,1547.06,10268.61,20137.65
2009-08-18,1550.24,10284.96,20306.27
2009-08-19,1545.96,10204.0,19954.23
2009-08-20,1576.39,10383.41,20328.86
2009-08-21,1580.98,10238.2,20199.02
2009-08-24,1612.22,10581.05,20535.94
2009-08-25,1601.38,10497.36,20435.24
2009-08-26,1614.12,10639.71,20456.32
2009-08-27,1599.33,10473.97,20242.75
2009-08-28,1607.94,10534.14,20098.62
2009-08-31,1591.85,10492.53,19724.19
2009-09-01,1623.06,10530.06,19872.3
2009-09-02,1613.16,10280.46,19522.0
2009-09-03,1613.53,10214.64,19761.68
2009-09-04,1608.9,10187.11,20318.62
2009-09-07,1608.57,10320.94,20629.31
2009-09-08,1619.69,10393.23,21069.81
2009-09-09,1607.77,10312.14,20851.04
2009-09-10,1644.68,10513.67,21069.56
2009-09-11,1651.7,10444.33,21161.42
2009-09-14,1634.91,10202.06,20932.2
2009-09-15,1653.4,10217.62,20866.37
2009-09-16,1683.33,10270.77,21402.92
2009-09-17,1695.47,10443.8,21768.51
2009-09-18,1699.71,10370.54,21623.45
2009-09-21,1695.5,,21472.85
2009-09-22,1718.88,,21701.14
2009-09-23,1711.47,,21595.52
2009-09-24,1693.88,10544.22,21050.73
2009-09-25,1691.48,10265.98,21024.4
2009-09-28,1675.55,10009.52,20588.41
2009-09-29,1690.05,10100.2,21013.17
2009-09-30,1673.14,10133.23,20955.25
2009-10-01,1644.63,9978.64,
2009-10-02,,9731.87,20375.49
2009-10-05,1606.9,9674.49,20429.07
2009-10-06,1598.44,9691.8,20811.53
2009-10-07,1598.0,9799.6,21241.59
2009-10-08,1615.46,9832.47,21492.9
2009-10-09,1646.79,10016.39,21499.44
2009-10-12,1639.81,,21299.35
2009-10-13,1628.93,10076.56,21467.36
2009-10-14,1649.09,10060.21,21886.48
2009-10-15,1658.99,10238.65,21999.08
2009-10-16,1640.36,10257.56,21929.9
2009-10-19,1649.07,10236.51,22200.46
2009-10-20,1659.15,10336.84,22384.96
2009-10-21,1653.86,10333.39,22318.11
2009-10-22,1630.33,10267.17,22210.52
2009-10-23,1640.17,10282.99,22589.73
2009-10-26,1657.11,10362.62,
2009-10-27,1649.53,10212.46,22169.59
2009-10-28,1609.71,10075.05,21761.58
2009-10-29,1585.85,9891.1,21264.99
2009-10-30,1580.69,10034.74,21752.87
2009-11-02,1559.09,9802.95,21620.19
2009-11-03,1549.92,,21240.06
2009-11-04,1579.93,9844.31,21614.77
2009-11-05,1552.24,9717.44,21479.08
2009-11-06,1572.46,9789.35,21829.72
2009-11-09,1576.79,9808.99,22207.55
2009-11-10,1582.3,9870.73,22268.16
2009-11-11,1594.82,9871.68,22627.21
2009-11-12,1572.73,9804.49,22397.57
2009-11-13,1571.99,9770.31,22553.63
2009-11-16,1592.47,9791.18,22943.98
2009-11-17,1585.98,9729.93,22914.15
2009-11-18,1603.97,9676.8,22840.33
2009-11-19,1620.54,9549.47,22643.16
2009-11-20,1620.6,9497.68,22455.84
2009-11-23,1619.05,,22771.39
2009-11-24,1606.42,9401.58,22423.14
2009-11-25,1611.88,9441.64,22611.8
2009-11-26,1599.52,9383.24,22210.41
2009-11-27,1524.5,9081.52,21134.5
2009-11-30,1555.6,9345.55,21821.5
2009-12-01,1569.72,9572.2,22113.15
2009-12-02,1591.63,9608.94,22289.57
2009-12-03,1615.0,9977.67,22553.87
2009-12-04,1624.76,10022.59,22498.15
2009-12-07,1632.65,10167.6,22324.96
2009-12-08,1627.78,10140.47,22060.52
2009-12-09,1634.17,10004.72,21741.76
2009-12-10,1652.73,9862.82,21700.04
2009-12-11,1656.9,10107.87,21902.11
2009-12-14,1664.77,10105.68,22085.75
2009-12-15,1665.85,10083.48,21813.92
2009-12-16,1664.24,10177.41,21611.74
2009-12-17,1647.84,10163.8,21347.63
2009-12-18,1647.04,10142.05,21175.88
2009-12-21,1644.23,10183.47,20948.1
2009-12-22,1655.54,10378.03,21092.04
2009-12-23,1661.35,,21328.74
2009-12-24,1682.34,10536.92,21517.0
2009-12-25,,10494.71,
2009-12-28,1685.59,10634.23,21480.22
2009-12-29,1672.48,10638.06,21499.44
2009-12-30,1682.77,10546.44,21496.62
2009-12-31,,,21872.5
2010-01-04,1696.14,10654.79,21823.28
2010-01-05,1690.62,10681.83,22279.58
2010-01-06,1705.32,10731.45,22416.67
2010-01-07,1683.45,10681.66,22269.45
2010-01-08,1695.26,10798.32,22296.75
2010-01-11,1694.12,,22411.52
2010-01-12,1698.64,10879.14,22326.64
2010-01-13,1671.41,10735.03,21748.6
2010-01-14,1685.77,10907.68,21716.95
2010-01-15,1701.8,10982.1,21654.16
2010-01-18,1711.78,10855.08,21460.01
2010-01-19,1710.22,10764.9,21677.98
2010-01-20,1714.38,10737.52,21286.17
2010-01-21,1722.01,10868.41,20862.67
2010-01-22,1684.35,10590.55,20726.18
2010-01-25,1670.2,10512.69,20598.55
2010-01-26,1637.34,10325.28,20109.33
2010-01-27,1625.48,10252.08,20033.07
2010-01-28,1642.43,10414.29,20356.37
2010-01-29,1602.43,10198.04,20121.99
2010-02-01,1606.44,10205.02,20243.75
2010-02-02,1595.81,10371.09,20272.18
2010-02-03,1615.02,10404.33,20722.08
2010-02-04,1616.42,10355.98,20341.64
2010-02-05,1567.12,10057.09,19665.08
2010-02-08,1552.79,9951.82,19550.89
2010-02-09,1570.49,9932.9,19790.28
2010-02-10,1570.12,9963.99,19922.22
2010-02-11,1597.81,,20290.69
2010-02-12,1593.66,10092.19,20268.69
2010-02-15,,10013.3,
2010-02-16,1601.05,10034.25,
2010-02-17,1627.43,10306.83,20534.01
2010-02-18,1621.19,10335.69,20422.15
2010-02-19,1593.9,10123.58,19894.02
2010-02-22,1627.1,10400.47,20377.27
2010-02-23,1628.9,10352.1,20623.0
2010-02-24,1612.83,10198.83,20467.74
2010-02-25,1587.51,10101.96,20399.57
2010-02-26,1594.58,10126.03,20608.7
2010-03-01,,10172.06,21056.93
2010-03-02,1615.12,10221.84,20906.11
2010-03-03,1622.44,10253.14,20876.79
2010-03-04,1618.2,10145.72,20575.78
2010-03-05,1634.57,10368.96,20787.97
2010-03-08,1660.04,10585.92,21196.87
2010-03-09,1660.83,10567.65,21207.55
2010-03-10,1662.24,10563.92,21208.29
2010-03-11,1656.62,10664.95,21228.2
2010-03-12,1662.74,10751.26,21209.74
2010-03-15,1649.5,10751.98,21079.1
2010-03-16,1648.01,10721.71,21022.93
2010-03-17,1682.86,10846.98,21384.49
2010-03-18,1675.17,10744.03,21330.67
2010-03-19,1686.11,10824.72,21370.82
2010-03-22,1672.67,,20933.25
2010-03-23,1681.82,10774.15,20987.78
2010-03-24,1681.01,10815.03,21008.62
2010-03-25,1688.39,10828.85,20778.55
2010-03-26,1697.72,10996.37,21053.11
2010-03-29,1691.99,10986.47,21237.43
2010-03-30,1700.19,11097.14,21374.79
2010-03-31,1692.85,11089.94,21239.35
2010-04-01,1719.17,11244.4,21537.0
2010-04-02,1723.49,11286.09,
2010-04-05,1724.99,11339.3,
2010-04-06,1726.09,11282.32,
2010-04-07,1726.6,11292.83,21928.77
2010-04-08,1733.78,11168.2,21867.04
2010-04-09,1724.47,11204.34,22208.5
2010-04-12,1710.3,11251.9,22138.17
2010-04-13,1710.59,11161.23,22103.53
2010-04-14,1735.33,11204.9,22121.43
2010-04-15,1743.91,11273.79,22157.82
2010-04-16,1734.49,11102.18,21865.26
2010-04-19,1705.3,10908.77,21405.17
2010-04-20,1718.03,10900.68,21623.38
2010-04-21,1747.58,11090.05,21510.93
2010-04-22,1739.52,10949.09,21454.94
2010-04-23,1737.03,10914.46,21244.49
2010-04-26,1752.2,11165.79,21587.06
2010-04-27,1749.55,11212.66,21261.79
2010-04-28,1733.91,10924.79,20949.4
2010-04-29,1728.42,,20778.92
2010-04-30,1741.56,11057.4,21108.59
2010-05-03,1721.21,,20811.36
2010-05-04,1718.75,,20763.05
2010-05-05,,,20327.54
2010-05-06,1684.71,10695.69,20133.41
2010-05-07,1647.5,10364.59,19920.29
2010-05-10,1677.63,10530.7,20426.64
2010-05-11,1670.24,10411.1,20146.51
2010-05-12,1663.03,10394.03,20212.49
2010-05-13,1694.58,10620.55,20422.46
2010-05-14,1695.63,10462.51,20145.43
2010-05-17,1651.51,10235.76,19715.2
2010-05-18,1643.24,10242.64,19944.94
2010-05-19,1630.08,10186.84,19578.98
2010-05-20,1600.18,10030.31,19545.83
2010-05-21,,9784.54,
2010-05-24,1604.93,9758.4,19667.76
2010-05-25,1560.83,9459.89,18985.5
2010-05-26,1582.12,9522.66,19196.45
2010-05-27,1607.5,9639.72,19431.37
2010-05-28,1622.78,9762.98,19766.71
2010-05-31,1641.25,9768.7,19765.19
2010-06-01,1630.4,9711.83,19496.95
2010-06-02,,9603.24,19471.8
2010-06-03,1661.84,9914.19,19786.71
2010-06-04,1664.13,9901.19,19780.07
2010-06-07,1637.97,9520.8,19378.15
2010-06-08,1651.48,9537.94,19487.48
2010-06-09,1647.22,9439.13,19621.24
2010-06-10,1651.7,9542.65,19632.7
2010-06-11,1675.34,9705.25,19872.38
2010-06-14,1690.6,9879.85,20051.91
2010-06-15,1690.03,9887.89,20062.15
2010-06-16,1705.33,10067.15,
2010-06-17,1707.92,9999.4,20138.4
2010-06-18,1711.95,9995.02,20286.71
2010-06-21,1739.68,10238.01,20912.18
2010-06-22,1731.48,10112.89,20819.08
2010-06-23,1725.82,9923.7,20856.61
2010-06-24,1739.87,9928.34,20733.49
2010-06-25,1729.84,9737.48,20690.79
2010-06-28,1732.03,9693.94,20726.68
2010-06-29,1707.76,9570.67,20248.9
2010-06-30,1698.29,9382.64,20128.99
2010-07-01,1686.24,9191.6,
2010-07-02,1671.82,9203.71,19905.32
2010-07-05,1675.37,9266.78,19842.2
2010-07-06,1684.94,9338.04,20084.12
2010-07-07,1675.65,9279.65,19857.07
2010-07-08,1698.64,9535.74,20050.56
2010-07-09,1723.01,9585.32,20378.66
2010-07-12,1734.05,9548.11,20467.43
2010-07-13,1735.08,9537.23,20431.06
2010-07-14,1758.01,9795.24,20560.81
2010-07-15,1751.29,9685.53,20255.62
2010-07-16,1738.45,9408.36,20250.16
2010-07-19,1731.95,,20090.95
2010-07-20,1736.77,9300.46,20264.59
2010-07-21,1748.78,9278.83,20487.23
2010-07-22,1735.53,9220.88,20589.7
2010-07-23,1758.06,9430.96,20815.33
2010-07-26,1769.07,9503.66,20839.91
2010-07-27,1768.31,9496.85,20973.39
2010-07-28,1773.47,9753.27,21091.18
2010-07-29,1770.88,9696.02,21093.82
2010-07-30,1759.33,9537.3,21029.81
2010-08-02,1782.27,9570.31,21412.79
2010-08-03,1790.6,9694.01,21457.66
2010-08-04,1789.26,9489.34,21549.88
2010-08-05,1783.86,9653.92,21551.72
2010-08-06,1783.83,9642.12,21678.8
2010-08-09,1790.17,9572.49,21801.59
2010-08-10,1781.13,9551.05,21473.6
2010-08-11,1758.19,9292.85,21294.54
2010-08-12,1721.75,9212.59,21105.71
2010-08-13,1746.24,9253.46,21071.57
2010-08-16,1743.31,9196.67,21112.12
2010-08-17,1755.03,9161.68,21137.43
2010-08-18,1761.99,9240.54,21022.73
2010-08-19,1779.64,9362.68,21072.46
2010-08-20,1775.54,9179.38,20981.82
2010-08-23,1767.71,9116.69,20889.01
2010-08-24,1760.53,8995.14,20658.71
2010-08-25,1734.79,8845.39,20634.98
2010-08-26,1729.76,8906.48,20612.06
2010-08-27,1729.56,8991.06,20597.35
2010-08-30,1760.13,9149.26,20737.22
2010-08-31,1742.75,8824.06,20536.49
2010-09-01,1764.69,8927.02,20623.83
2010-09-02,1775.73,9062.84,20868.92
2010-09-03,1780.02,9114.13,20971.5
2010-09-06,1792.42,9301.32,21355.77
2010-09-07,1787.74,9226.0,21401.79
2010-09-08,1779.22,9024.6,21088.86
2010-09-09,1784.36,9098.39,21167.27
2010-09-10,1802.58,9239.17,21257.39
2010-09-13,1818.86,9321.82,21658.35
2010-09-14,1815.25,9299.31,21696.04
2010-09-15,1823.88,9516.56,21725.64
2010-09-16,1811.85,9509.5,21691.45
2010-09-17,1827.35,9626.09,21970.86
2010-09-20,1832.63,,21977.34
2010-09-21,,9602.11,22002.59
2010-09-22,,9566.32,22047.71
2010-09-23,,,
2010-09-24,1846.6,9471.67,22119.43
2010-09-27,1860.83,9603.14,22340.84
2010-09-28,1855.97,9495.76,22109.95
2010-09-29,1866.45,9559.38,22378.67
2010-09-30,1872.81,9369.35,22358.17
2010-10-01,1876.73,9404.23,
2010-10-04,1879.29,9381.06,22618.66
2010-10-05,1878.94,9518.76,22639.14
2010-10-06,1903.95,9691.43,22880.41
2010-10-07,1900.85,9684.81,22884.32
2010-10-08,1897.07,9588.88,22944.18
2010-10-11,1889.91,,23207.31
2010-10-12,1868.04,9388.64,23121.7
2010-10-13,1876.15,9403.51,23457.69
2010-10-14,1899.76,9583.51,23852.17
2010-10-15,1902.29,9500.25,23757.63
2010-10-18,1875.42,9498.49,23469.38
2010-10-19,1857.32,9539.45,23763.73
2010-10-20,1870.44,9381.6,23556.5
2010-10-21,1874.69,9376.48,23649.48
2010-10-22,1897.31,9426.71,23517.54
2010-10-25,1915.71,9401.16,23627.91
2010-10-26,1919.41,9377.38,23601.24
2010-10-27,1909.54,9387.03,23164.58
2010-10-28,1907.87,9366.03,23210.86
2010-10-29,1882.95,9202.45,23096.32
2010-11-01,1914.74,9154.72,23652.94
2010-11-02,1918.04,9159.98,23671.42
2010-11-03,1935.97,,24144.67
2010-11-04,1942.5,9358.78,24535.63
2010-11-05,1938.96,9625.99,24876.82
2010-11-08,1942.41,9732.92,24964.37
2010-11-09,1947.46,9694.49,24710.6
2010-11-10,1967.85,9830.52,24500.61
2010-11-11,1914.73,9861.46,24700.3
2010-11-12,1913.12,9724.81,24222.58
2010-11-15,1913.81,9827.51,24027.18
2010-11-16,1899.13,9797.1,23693.02
2010-11-17,1897.11,9811.66,23214.46
2010-11-18,1927.86,10013.63,23637.39
2010-11-19,1940.96,10022.39,23605.71
2010-11-22,1944.34,10115.19,23524.02
2010-11-23,1928.94,,22896.14
2010-11-24,1925.98,10030.11,23023.86
2010-11-25,1927.68,10079.76,23054.68
2010-11-26,1901.8,10039.56,22877.25
2010-11-29,1895.54,10125.99,23166.22
2010-11-30,1904.63,9937.04,23007.99
2010-12-01,1929.32,9988.05,23249.8
2010-12-02,1950.26,10168.52,23448.78
2010-12-03,1957.26,10178.32,23320.52
2010-12-06,1953.64,10167.23,23237.69
2010-12-07,1962.52,10141.1,23428.15
2010-12-08,1955.72,10232.33,23092.52
2010-12-09,1988.96,10285.88,23171.8
2010-12-10,1986.14,10211.95,23162.91
2010-12-13,1996.59,10293.89,23317.61
2010-12-14,2009.05,10316.77,23431.19
2010-12-15,2017.48,10309.78,22975.35
2010-12-16,2009.24,10311.29,22668.78
2010-12-17,2026.3,10303.83,22714.85
2010-12-20,2020.28,10216.41,22639.08
2010-12-21,2037.09,10370.53,22993.86
2010-12-22,2038.11,10346.48,23045.19
2010-12-23,2037.53,,22902.97
2010-12-24,2029.6,10279.19,22833.8
2010-12-27,2022.19,10355.99,
2010-12-28,2033.32,10292.63,22621.73
2010-12-29,2043.49,10344.54,22969.3
2010-12-30,2051.0,10228.92,22999.34
2010-12-31,,,23035.45
2011-01-03,2070.08,,23436.05
2011-01-04,2085.14,10398.1,23668.48
2011-01-05,2082.55,10380.77,23757.82
2011-01-06,2077.61,10529.76,23786.3
2011-01-07,2086.2,10541.04,23686.63
2011-01-10,2080.81,,23527.26
2011-01-11,2088.32,10510.68,23760.34
2011-01-12,2094.95,10512.8,24125.61
2011-01-13,2089.48,10589.76,24238.98
2011-01-14,2108.17,10499.04,24283.23
2011-01-17,2099.85,10502.86,24156.97
2011-01-18,2096.48,10518.98,24153.98
2011-01-19,2115.69,10557.1,24419.62
2011-01-20,2106.66,10437.31,24003.7
2011-01-21,2069.92,10274.52,23876.86
2011-01-24,2082.16,10345.11,23801.78
2011-01-25,2086.67,10464.42,23788.83
2011-01-26,2110.46,10401.9,23843.24
2011-01-27,2115.01,10478.66,23779.62
2011-01-28,2107.87,10360.34,23617.02
2011-01-31,2069.73,10237.92,23447.34
2011-02-01,2072.03,10274.5,23482.95
2011-02-02,,10457.36,23908.96
2011-02-03,,10431.36,
2011-02-04,,10543.52,
2011-02-07,2081.74,10592.04,23553.59
2011-02-08,2069.7,10635.98,23484.3
2011-02-09,2045.58,10617.83,23164.03
2011-02-10,2008.5,10605.65,22708.62
2011-02-11,1977.19,,22828.92
2011-02-14,2014.59,10725.54,23121.06
2011-02-15,2010.52,10746.67,22899.78
2011-02-16,1989.11,10808.29,23156.97
2011-02-17,1977.22,10836.64,23301.84
2011-02-18,2013.14,10842.8,23595.24
2011-02-21,2005.3,10857.53,23485.42
2011-02-22,1969.92,10664.7,22990.81
2011-02-23,1961.63,10579.1,22906.9
2011-02-24,1949.88,10452.71,22601.04
2011-02-25,1963.43,10526.76,23012.37
2011-02-28,1939.3,10624.09,23338.02
2011-03-01,,10754.03,23396.42
2011-03-02,1928.24,10492.38,23048.66
2011-03-03,1970.66,10586.02,23122.42
2011-03-04,2004.68,10693.66,23408.86
2011-03-07,1980.27,10505.02,23313.19
2011-03-08,1996.32,10525.19,23711.7
2011-03-09,2001.47,10589.5,23810.11
2011-03-10,1981.58,10434.38,23614.89
2011-03-11,1955.54,10254.43,23249.78
2011-03-14,1971.23,9620.49,23345.88
2011-03-15,1923.92,8605.15,22678.25
2011-03-16,1957.97,9093.72,22700.88
2011-03-17,1959.03,8962.67,22284.43
2011-03-18,1981.13,9206.75,22300.23
2011-03-21,2003.42,,22685.22
2011-03-22,2013.66,9608.32,22857.9
2011-03-23,2012.18,9449.47,22825.4
2011-03-24,2036.78,9435.01,22915.28
2011-03-25,2054.04,9536.13,23158.67
2011-03-28,2056.39,9478.53,23068.19
2011-03-29,2072.13,9459.08,23060.36
2011-03-30,2091.38,9708.79,23451.43
2011-03-31,2106.7,9755.1,23527.52
2011-04-01,2121.01,9708.39,23801.9
2011-04-04,2115.87,9718.89,24150.58
2011-04-05,2130.43,9615.55,
2011-04-06,2126.71,9584.37,24285.05
2011-04-07,2122.14,9590.93,24281.8
2011-04-08,2127.97,9768.08,24396.07
2011-04-11,2122.39,9719.7,24303.07
2011-04-12,2089.4,9555.26,23976.37
2011-04-13,2121.92,9641.18,24135.03
2011-04-14,2141.06,9653.92,24014.0
2011-04-15,2140.5,9591.52,24008.07
2011-04-18,2137.72,9556.65,23830.31
2011-04-19,2122.68,9441.03,23520.62
2011-04-20,2169.91,9606.82,23896.1
2011-04-21,2198.54,9685.77,24138.31
2011-04-22,2197.82,9682.21,
2011-04-25,2216.0,9671.96,
2011-04-26,2206.3,9558.69,24007.38
2011-04-27,2206.7,9691.84,23892.84
2011-04-28,2208.35,9849.74,23805.63
2011-04-29,2192.36,,23720.81
2011-05-02,2228.96,10004.2,
2011-05-03,2200.73,,23633.25
2011-05-04,2180.64,,23315.24
2011-05-05,,,23261.61
2011-05-06,2147.45,9859.2,23159.14
2011-05-09,2139.17,9794.38,23336.0
2011-05-10,,9818.76,
2011-05-11,2166.63,9864.26,23291.8
2011-05-12,2122.65,9716.65,23073.76
2011-05-13,2120.08,9648.77,23276.27
2011-05-16,2104.18,9558.3,22960.63
2011-05-17,2102.41,9567.02,22901.08
2011-05-18,2135.78,9662.08,23011.14
2011-05-19,2095.51,9620.82,23163.38
2011-05-20,2111.5,9607.08,23199.39
2011-05-23,2055.71,9460.63,22711.02
2011-05-24,2061.76,9477.17,22730.78
2011-05-25,2035.87,9422.88,22747.28
2011-05-26,2091.91,9562.05,22900.79
2011-05-27,2100.24,9521.94,23118.07
2011-05-30,2093.79,9504.97,23184.32
2011-05-31,2142.47,9693.73,23684.13
2011-06-01,2141.34,9719.61,23626.43
2011-06-02,2114.2,9555.04,23253.84
2011-06-03,2113.47,9492.21,22949.56
2011-06-06,,9380.35,
2011-06-07,2099.71,9442.95,22868.67
2011-06-08,2083.35,9449.46,22661.63
2011-06-09,2071.42,9467.15,22609.83
2011-06-10,2046.67,9514.44,22420.37
2011-06-13,2048.74,9448.21,22508.08
2011-06-14,2076.83,9547.79,22496.0
2011-06-15,2086.53,9574.32,22343.77
2011-06-16,2046.63,9411.28,21953.11
2011-06-17,2031.93,9351.4,21695.26
2011-06-20,2019.65,9354.32,21599.51
2011-06-21,2048.17,9459.66,21850.59
2011-06-22,2063.9,9629.43,21859.97
2011-06-23,2055.86,9596.74,21759.14
2011-06-24,2090.81,9678.71,22171.95
2011-06-27,2070.29,9578.31,22041.77
2011-06-28,2062.91,9648.98,22061.78
2011-06-29,2094.42,9797.26,22061.18
2011-06-30,2100.69,9816.09,22398.1
2011-07-01,2125.74,9868.07,
2011-07-04,2145.3,9965.09,22770.47
2011-07-05,2161.75,9972.46,22747.95
2011-07-06,2171.19,10082.48,22517.55
2011-07-07,2180.59,10071.14,22530.18
2011-07-08,2180.35,10137.73,22726.43
2011-07-11,2157.16,10069.53,22347.23
2011-07-12,2109.73,9925.92,21663.16
2011-07-13,2129.64,9963.14,21926.88
2011-07-14,2130.07,9936.12,21940.2
2011-07-15,2145.2,9974.47,21875.38
2011-07-18,2130.48,,21804.75
2011-07-19,2130.21,9889.72,21902.4
2011-07-20,2154.95,10005.9,22003.69
2011-07-21,2145.04,10010.39,21987.29
2011-07-22,2171.23,10132.11,22444.8
2011-07-25,2150.48,10050.01,22293.29
2011-07-26,2168.7,10097.72,22572.08
2011-07-27,2174.31,10047.19,22541.69
2011-07-28,2155.85,9901.35,22570.74
2011-07-29,2133.21,9833.03,22440.25
2011-08-01,2172.31,9965.01,22663.37
2011-08-02,2121.27,9844.59,22421.46
2011-08-03,2066.26,9637.14,21992.72
2011-08-04,2018.47,9659.18,21884.74
2011-08-05,1943.75,9299.88,20946.14
2011-08-08,1869.45,9097.56,20490.57
2011-08-09,1801.35,8944.48,19330.7
2011-08-10,1806.24,9038.74,19783.67
2011-08-11,1817.44,8981.94,19595.14
2011-08-12,1793.31,8963.72,19620.01
2011-08-15,,9086.41,20260.1
2011-08-16,1879.87,9107.43,20212.08
2011-08-17,1892.67,9057.26,20289.03
2011-08-18,1860.58,8943.76,20016.27
2011-08-19,1744.88,8719.24,19399.92
2011-08-22,1710.7,8628.13,19486.87
2011-08-23,1776.68,8733.01,19875.53
2011-08-24,1754.78,8639.61,19466.79
2011-08-25,1764.58,8772.36,19752.48
2011-08-26,1778.95,8797.78,19582.88
2011-08-29,1829.5,8851.35,19865.11
2011-08-30,1843.82,8953.9,20204.17
2011-08-31,1880.11,8955.2,20534.85
2011-09-01,1880.7,9060.8,20585.33
2011-09-02,1867.75,8950.74,20212.91
2011-09-05,1785.83,8784.46,19616.4
2011-09-06,1766.71,8590.57,19710.5
2011-09-07,1833.46,8763.41,20048.0
2011-09-08,1846.64,8793.12,19912.82
2011-09-09,1812.93,8737.66,19866.63
2011-09-12,,8535.67,19030.54
2011-09-13,,8616.55,
2011-09-14,1749.16,8518.57,19045.44
2011-09-15,1774.08,8668.86,19181.5
2011-09-16,1840.1,8864.16,19455.31
2011-09-19,1820.94,,18917.95
2011-09-20,1837.97,8721.24,19014.8
2011-09-21,1854.28,8741.16,18824.17
2011-09-22,1800.55,8560.26,17911.95
2011-09-23,1697.44,,17668.83
2011-09-26,1652.71,8374.13,17407.8
2011-09-27,1735.71,8609.95,18130.55
2011-09-28,1723.09,8615.65,18011.06
2011-09-29,1769.29,8701.23,
2011-09-30,1769.65,8700.29,17592.41
2011-10-03,,8545.48,16822.15
2011-10-04,1706.19,8456.12,16250.27
2011-10-05,1666.52,8382.98,
2011-10-06,1710.32,8522.02,17172.28
2011-10-07,1759.77,8605.62,17707.01
2011-10-10,1766.44,,17711.06
2011-10-11,1795.02,8773.68,18141.59
2011-10-12,1809.5,8738.9,18329.46
2011-10-13,1823.1,8823.25,18757.81
2011-10-14,1835.4,8747.96,18501.79
2011-10-17,1865.18,8879.6,18873.99
2011-10-18,1838.9,8741.91,18076.46
2011-10-19,1855.92,8772.54,18309.22
2011-10-20,1805.09,8682.15,17983.1
2011-10-21,1838.38,8678.89,18025.72
2011-10-24,1898.32,8843.98,18771.82
2011-10-25,1888.65,8762.31,18968.2
2011-10-26,1894.31,8748.47,19066.54
2011-10-27,1922.04,8926.54,19688.7
2011-10-28,1929.48,9050.47,20019.24
2011-10-31,1909.03,8988.39,19864.87
2011-11-01,1909.63,8835.52,19369.96
2011-11-02,1898.01,8640.42,19733.71
2011-11-03,1869.96,,19242.5
2011-11-04,1928.41,8801.4,19842.79
2011-11-07,1919.1,8767.09,19677.89
2011-11-08,1903.14,8655.51,19678.47
2011-11-09,1907.53,8755.44,20014.43
2011-11-10,1813.25,8500.8,18963.89
2011-11-11,1863.45,8514.47,19137.17
2011-11-14,1902.81,8603.7,19508.18
2011-11-15,1886.12,8541.93,19348.44
2011-11-16,1856.07,8463.16,18960.9
2011-11-17,1876.67,8479.63,18817.47
2011-11-18,1839.17,8374.91,18491.23
2011-11-21,1820.03,8348.27,18225.85
2011-11-22,1826.28,8314.74,18251.59
2011-11-23,1783.1,,17864.43
2011-11-24,1795.06,8165.18,17935.1
2011-11-25,1776.4,8160.01,17689.48
2011-11-28,1815.28,8287.49,18037.81
2011-11-29,1856.52,8477.82,18256.2
2011-11-30,1847.51,8434.61,17989.35
2011-12-01,1916.18,8597.38,19002.26
2011-12-02,1916.04,8643.75,19040.39
2011-12-05,1922.9,8695.98,19179.69
2011-12-06,1902.82,8575.16,18942.23
2011-12-07,1919.42,8722.17,19240.58
2011-12-08,1912.39,8664.58,19107.81
2011-12-09,1874.75,8536.46,18586.23
2011-12-12,1899.76,8653.82,18575.66
2011-12-13,1864.06,8552.81,18447.17
2011-12-14,1857.75,8519.13,18354.43
2011-12-15,1819.11,8377.37,18026.84
2011-12-16,1839.96,8401.72,18285.39
2011-12-19,1776.93,8296.12,18070.21
2011-12-20,1793.06,8336.48,18080.2
2011-12-21,1848.41,8459.98,18416.45
2011-12-22,1847.49,8395.16,18378.23
2011-12-23,1867.22,,18629.17
2011-12-26,1856.7,8479.34,
2011-12-27,1842.02,8440.56,
2011-12-28,1825.12,8423.62,18518.67
2011-12-29,1825.74,8398.89,18397.92
2011-12-30,,8455.35,18434.39
2012-01-02,1826.37,,
2012-01-03,1875.41,,18877.41
2012-01-04,1866.22,8560.11,18727.31
2012-01-05,1863.74,8488.71,18813.41
2012-01-06,1843.14,8390.35,18593.06
2012-01-09,1826.49,,18865.72
2012-01-10,1853.22,8422.26,19004.28
2012-01-11,1845.55,8447.88,19151.94
2012-01-12,1864.57,8385.59,19095.38
2012-01-13,1875.68,8500.02,19204.42
2012-01-16,1859.27,8378.36,19012.2
2012-01-17,1892.74,8466.4,19627.75
2012-01-18,1892.39,8550.58,19686.92
2012-01-19,1914.97,8639.68,19942.95
2012-01-20,1949.89,8766.36,20110.37
2012-01-23,,8765.9,
2012-01-24,,8785.33,
2012-01-25,1952.23,8883.69,
2012-01-26,1957.18,8849.47,20439.14
2012-01-27,1964.83,8841.22,20501.67
2012-01-30,1940.55,8793.05,20160.41
2012-01-31,1955.79,8802.51,20390.49
2012-02-01,1959.24,8809.79,20333.37
2012-02-02,1984.3,8876.82,20739.45
2012-02-03,1972.34,8831.93,20756.98
2012-02-06,1973.13,8929.2,20709.94
2012-02-07,1981.59,8917.52,20699.19
2012-02-08,2003.73,9015.59,21018.46
2012-02-09,2014.62,9002.24,21010.01
2012-02-10,1993.71,8947.17,20783.86
2012-02-13,2005.74,8999.18,20887.4
2012-02-14,2002.64,9052.07,20917.83
2012-02-15,2025.32,9260.34,21365.23
2012-02-16,1997.45,9238.1,21277.28
2012-02-17,2023.47,9384.17,21491.62
2012-02-20,2024.9,9485.09,21424.79
2012-02-21,2024.24,9463.02,21478.72
2012-02-22,2028.65,9554.0,21549.28
2012-02-23,2007.8,9595.57,21380.99
2012-02-24,2019.89,9647.38,21406.86
2012-02-27,1991.16,9633.93,21217.86
2012-02-28,2003.69,9722.52,21568.73
2012-02-29,2030.25,9723.24,21680.08
2012-03-01,,9707.37,21387.96
2012-03-02,2034.63,9777.03,21562.26
2012-03-05,2016.06,9698.59,21265.31
2012-03-06,2000.36,9637.63,20806.25
2012-03-07,1982.15,9576.06,20627.78
2012-03-08,2000.76,9768.96,20900.73
2012-03-09,2018.3,9929.74,21086.0
2012-03-12,2002.5,9889.86,21134.18
2012-03-13,2025.04,9899.08,21339.7
2012-03-14,2045.08,10050.52,21307.89
2012-03-15,2043.76,10123.28,21353.53
2012-03-16,2034.44,10129.83,21317.85
2012-03-19,2047.0,10141.99,21115.29
2012-03-20,2042.15,,20888.24
2012-03-21,2027.23,10086.49,20856.63
2012-03-22,2026.12,10127.08,20901.56
2012-03-23,2026.83,10011.47,20668.8
2012-03-26,2019.19,10018.24,20668.86
2012-03-27,2039.76,10255.15,21046.91
2012-03-28,2031.74,10182.57,20885.42
2012-03-29,2014.41,10114.79,20609.39
2012-03-30,2014.04,10083.56,20555.58
2012-04-02,2029.29,10109.87,20522.26
2012-04-03,2049.28,10050.39,20790.98
2012-04-04,2018.61,9819.99,
2012-04-05,2028.77,9767.61,20593.0
2012-04-06,2029.03,9688.45,
2012-04-09,1997.08,9546.26,
2012-04-10,1994.41,9538.02,20356.24
2012-04-11,,9458.74,20140.67
2012-04-12,1986.63,9524.79,20327.32
2012-04-13,2008.91,9637.99,20701.04
2012-04-16,1992.63,9470.64,20610.64
2012-04-17,1985.3,9464.71,20562.31
2012-04-18,2004.53,9667.26,20780.73
2012-04-19,1999.86,9588.38,20995.01
2012-04-20,1974.65,9561.36,21010.64
2012-04-23,1972.63,9542.17,20624.39
2012-04-24,1963.42,9468.04,20677.16
2012-04-25,1961.98,9561.01,20646.29
2012-04-26,1964.04,9561.83,20809.71
2012-04-27,1975.35,9520.89,20741.45
2012-04-30,1981.99,,21094.21
2012-05-01,,9350.95,
2012-05-02,1999.07,9380.25,21309.08
2012-05-03,1995.11,,21249.53
2012-05-04,1989.15,,21086.0
2012-05-07,1956.44,9119.14,20536.65
2012-05-08,1967.01,9181.65,20484.75
2012-05-09,1950.29,9045.06,20330.64
2012-05-10,1944.93,9009.65,20227.28
2012-05-11,1917.13,8953.31,19964.63
2012-05-14,1913.73,8973.84,19735.04
2012-05-15,1898.96,8900.74,19894.31
2012-05-16,1840.53,8801.17,19259.83
2012-05-17,1845.24,8876.59,19200.93
2012-05-18,1782.46,8611.31,18951.85
2012-05-21,1799.13,8633.89,18922.32
2012-05-22,1828.69,8729.29,19039.15
2012-05-23,1808.62,8556.6,18786.19
2012-05-24,1814.47,8563.38,18666.4
2012-05-25,1824.17,8580.39,18713.41
2012-05-28,,8593.15,18800.99
2012-05-29,1849.91,8657.08,19055.46
2012-05-30,1844.86,8633.19,18690.22
2012-05-31,1843.47,8542.73,18629.52
2012-06-01,1834.51,8440.25,18558.34
2012-06-04,1783.13,8295.63,18185.59
2012-06-05,1801.85,8382.0,18259.03
2012-06-06,,8533.53,18520.53
2012-06-07,1847.95,8639.72,18678.29
2012-06-08,1835.64,8459.26,18502.34
2012-06-11,1867.04,8624.9,18953.63
2012-06-12,1854.74,8536.72,18872.56
2012-06-13,1859.32,8587.84,19026.52
2012-06-14,1871.48,8568.89,18808.4
2012-06-15,1858.16,8569.32,19233.94
2012-06-18,1891.71,8721.02,19427.81
2012-06-19,1891.77,8655.87,19416.67
2012-06-20,1904.12,8752.31,19518.85
2012-06-21,1889.15,8824.07,19265.07
2012-06-22,1847.39,8798.35,18995.13
2012-06-25,1825.38,8734.62,18897.45
2012-06-26,1817.81,8663.99,18981.84
2012-06-27,1817.65,8730.49,19176.95
2012-06-28,1819.18,8874.11,19025.27
2012-06-29,1854.01,9006.78,19441.46
2012-07-02,1851.65,9003.48,
2012-07-03,1867.82,9066.59,19735.53
2012-07-04,1874.45,9104.17,19709.75
2012-07-05,1875.49,9079.8,19809.13
2012-07-06,1858.2,9020.75,19800.64
2012-07-09,1836.13,8896.88,19428.09
2012-07-10,1829.45,8857.73,19396.36
2012-07-11,1826.39,8851.0,19419.87
2012-07-12,1785.39,8720.01,19025.11
2012-07-13,1812.89,8724.12,19092.63
2012-07-16,1817.79,,19121.34
2012-07-17,1821.96,8755.0,19455.33
2012-07-18,1794.91,8726.74,19239.88
2012-07-19,1822.96,8795.55,19559.05
2012-07-20,1822.93,8669.87,19640.8
2012-07-23,1789.44,8508.32,19053.47
2012-07-24,1793.93,8488.09,18903.2
2012-07-25,1769.31,8365.9,18877.33
2012-07-26,1782.47,8443.1,18892.79
2012-07-27,1829.16,8566.64,19274.96
2012-07-30,1843.79,8635.44,19585.4
2012-07-31,1881.99,8695.06,19796.81
2012-08-01,1879.93,8641.85,19820.38
2012-08-02,1869.4,8653.18,19690.2
2012-08-03,1848.68,8555.11,19666.18
2012-08-06,1885.88,8726.29,19998.72
2012-08-07,1886.8,8803.31,20072.55
2012-08-08,1903.23,8881.16,20065.52
2012-08-09,1940.59,8978.6,20269.47
2012-08-10,1946.4,8891.44,20136.12
2012-08-13,1932.44,8885.15,20081.36
2012-08-14,1956.96,8929.88,20291.68
2012-08-15,,8925.04,20052.29
2012-08-16,1957.91,9092.76,19962.95
2012-08-17,1946.54,9162.5,20116.07
2012-08-20,1946.31,9171.16,20104.27
2012-08-21,1943.22,9156.92,20100.09
2012-08-22,1935.19,9131.74,19887.78
2012-08-23,1942.54,9178.12,20132.24
2012-08-24,1919.81,9070.76,19880.03
2012-08-27,1917.87,9085.39,19798.67
2012-08-28,1916.33,9033.29,19811.8
2012-08-29,1928.54,9069.81,19788.51
2012-08-30,1906.38,8983.78,19552.91
2012-08-31,1905.12,8839.91,19482.57
2012-09-03,1912.71,8783.89,19559.21
2012-09-04,1907.13,8775.51,19429.91
2012-09-05,1874.03,8679.82,19145.07
2012-09-06,1881.24,8680.57,19209.3
2012-09-07,1929.58,8871.65,19802.16
2012-09-10,1924.7,8869.37,19827.17
2012-09-11,1920.0,8807.38,19857.88
2012-09-12,1950.03,8959.96,20075.39
2012-09-13,1950.69,8995.15,20047.63
2012-09-14,2007.58,9159.39,20629.78
2012-09-17,2002.35,,20658.11
2012-09-18,2004.96,9123.77,20601.93
2012-09-19,2007.88,9232.21,20841.91
2012-09-20,1990.33,9086.98,20590.92
2012-09-21,2002.37,9110.0,20734.94
2012-09-24,2003.44,9069.29,20694.7
2012-09-25,1991.41,9091.54,20698.68
2012-09-26,1980.44,8906.7,20527.73
2012-09-27,1988.7,8949.87,20762.29
2012-09-28,1996.21,8870.16,20840.38
2012-10-01,,8796.51,
2012-10-02,1996.03,8786.05,
2012-10-03,,8746.87,20888.28
2012-10-04,1992.68,8824.59,20907.95
2012-10-05,1995.17,8863.3,21012.38
2012-10-08,1981.89,,20824.56
2012-10-09,1979.04,8769.59,20937.28
2012-10-10,1948.22,8596.23,20919.6
2012-10-11,1933.09,8546.78,20999.05
2012-10-12,1933.26,8534.12,21136.43
2012-10-15,1925.59,8577.93,21148.25
2012-10-16,1941.54,8701.31,21207.07
2012-10-17,1955.15,8806.55,21416.64
2012-10-18,1959.12,8982.86,21518.71
2012-10-19,1943.84,9002.68,21551.76
2012-10-22,1941.59,9010.71,21697.55
2012-10-23,1926.81,9014.25,
2012-10-24,1913.96,8954.3,21763.78
2012-10-25,1924.5,9055.2,21810.23
2012-10-26,1891.43,8933.06,21545.57
2012-10-29,1891.52,8929.34,21511.05
2012-10-30,1899.58,8841.98,21428.58
2012-10-31,1912.06,8928.29,21641.82
2012-11-01,1898.44,8946.87,21821.87
2012-11-02,1918.72,9051.22,22111.33
2012-11-05,1908.22,9007.44,22006.4
2012-11-06,1928.17,8975.15,21944.43
2012-11-07,1937.55,8972.89,22099.85
2012-11-08,1914.41,8837.15,21566.91
2012-11-09,1904.41,8757.6,21384.38
2012-11-12,1900.87,8676.44,21430.3
2012-11-13,1889.7,8661.05,21188.65
2012-11-14,1894.04,8664.73,21441.99
2012-11-15,1870.72,8829.72,21108.93
2012-11-16,1860.83,9024.16,21159.01
2012-11-19,1878.1,9153.2,21262.06
2012-11-20,1890.18,9142.64,21228.28
2012-11-21,1884.04,9222.52,21524.36
2012-11-22,1899.5,9366.8,21743.2
2012-11-23,1911.33,,21913.98
2012-11-26,1908.51,9388.94,21861.81
2012-11-27,1925.2,9423.3,21844.03
2012-11-28,1912.78,9308.35,21708.98
2012-11-29,1934.85,9400.88,21922.89
2012-11-30,1932.9,9446.01,22030.39
2012-12-03,1940.02,9458.18,21767.85
2012-12-04,1935.18,9432.46,21799.97
2012-12-05,1947.04,9468.84,22270.91
2012-12-06,1949.62,9545.16,22249.81
2012-12-07,1957.45,9527.39,22191.17
2012-12-10,1957.42,9533.75,22276.72
2012-12-11,1964.62,9525.32,22323.94
2012-12-12,1975.44,9581.46,22503.35
2012-12-13,2002.77,9742.73,22445.58
2012-12-14,1995.04,9737.56,22605.98
2012-12-17,1983.07,9828.88,22513.61
2012-12-18,1993.09,9923.01,22494.73
2012-12-19,,10160.4,22623.37
2012-12-20,1999.5,10039.33,22659.78
2012-12-21,1980.42,9940.06,22506.29
2012-12-24,1981.82,,22541.18
2012-12-25,,10080.12,
2012-12-26,1982.25,10230.36,
2012-12-27,1987.35,10322.98,22619.78
2012-12-28,1997.05,10395.18,22666.59
2012-12-31,,,22656.92
2013-01-02,2031.1,,23311.98
2013-01-03,2019.41,,23398.6
2013-01-04,2011.94,10688.11,23331.09
2013-01-07,2011.25,10599.01,23329.75
2013-01-08,1997.94,10508.06,23111.19
2013-01-09,1991.81,10578.57,23218.47
2013-01-10,2006.8,10652.64,23354.31
2013-01-11,1996.67,10801.57,23264.07
2013-01-14,2007.04,,23413.26
2013-01-15,1983.74,10879.08,23381.51
2013-01-16,1977.45,10600.44,23356.99
2013-01-17,1974.27,10609.64,23339.76
2013-01-18,1987.85,10913.3,23601.78
2013-01-21,1986.86,10747.74,23590.91
2013-01-22,1996.52,10709.93,23658.99
2013-01-23,1980.41,10486.99,23635.1
2013-01-24,1964.48,10620.87,23598.9
2013-01-25,1946.69,10926.65,23580.43
2013-01-28,1939.71,10824.31,23671.88
2013-01-29,1955.96,10866.72,23655.17
2013-01-30,1964.43,11113.95,23822.06
2013-01-31,1961.94,11138.66,23729.53
2013-02-01,1957.79,11191.34,23721.84
2013-02-04,1953.21,11260.35,23685.01
2013-02-05,1938.18,11046.92,23148.53
2013-02-06,1936.19,11463.75,23256.93
2013-02-07,1931.77,11357.07,23177.0
2013-02-08,1950.9,11153.16,23215.16
2013-02-11,,,
2013-02-12,1945.79,11369.12,
2013-02-13,1976.07,11251.41,
2013-02-14,1979.61,11307.28,23413.25
2013-02-15,1981.18,11173.83,23444.56
2013-02-18,1981.91,11407.87,23381.94
2013-02-19,1985.83,11372.34,23143.91
2013-02-20,2024.64,11468.28,23307.41
2013-02-21,2015.22,11309.13,22906.67
2013-02-22,2018.89,11385.94,22782.44
2013-02-25,2009.52,11662.52,22820.08
2013-02-26,2000.01,11398.81,22519.69
2013-02-27,2004.04,11253.97,22577.01
2013-02-28,2026.49,11559.36,23020.27
2013-03-01,,11606.38,22880.22
2013-03-04,2013.15,11652.29,22537.81
2013-03-05,2016.61,11683.45,22560.5
2013-03-06,2020.74,11932.27,22777.84
2013-03-07,2004.4,11968.08,22771.44
2013-03-08,2006.01,12283.62,23091.95
2013-03-11,2003.35,12349.05,23090.82
2013-03-12,1993.34,12314.81,22890.6
2013-03-13,1999.73,12239.66,22556.65
2013-03-14,2002.13,12381.19,22619.18
2013-03-15,1986.5,12560.95,22533.11
2013-03-18,1968.18,12220.63,22083.36
2013-03-19,1978.56,12468.23,22041.86
2013-03-20,1959.41,,22256.44
2013-03-21,1950.82,12635.69,22225.88
2013-03-22,1948.71,12338.53,22115.3
2013-03-25,1977.67,12546.46,22251.15
2013-03-26,1983.7,12471.62,22311.08
2013-03-27,1993.44,12493.79,22464.82
2013-03-28,1993.52,12335.96,22299.63
2013-03-29,2004.89,12397.91,
2013-04-01,1995.99,12135.02,
2013-04-02,1986.15,12003.43,22367.82
2013-04-03,1983.22,12362.2,22337.49
2013-04-04,1959.45,12634.54,
2013-04-05,1927.23,12833.64,21726.9
2013-04-08,1918.69,13192.59,21718.05
2013-04-09,1920.74,13192.35,21870.34
2013-04-10,1935.58,13288.13,22034.56
2013-04-11,1949.8,13549.16,22101.27
2013-04-12,1924.23,13485.14,22089.05
2013-04-15,1920.45,13275.66,21772.67
2013-04-16,1922.21,13221.44,21672.03
2013-04-17,1923.84,13382.89,21569.67
2013-04-18,1900.06,13220.07,21512.52
2013-04-19,1906.75,13316.48,22013.57
2013-04-22,1926.31,13568.37,22044.37
2013-04-23,1918.63,13529.65,21806.61
2013-04-24,1935.31,13843.46,22183.05
2013-04-25,1951.6,13926.08,22401.24
2013-04-26,1944.56,13884.13,22547.71
2013-04-29,1940.7,,22580.77
2013-04-30,1963.95,13860.86,22737.01
2013-05-01,,13799.35,
2013-05-02,1957.21,13694.04,22668.3
2013-05-03,1965.71,,22689.96
2013-05-06,1961.48,,22915.09
2013-05-07,1954.35,14180.24,23047.09
2013-05-08,1956.45,14285.69,23244.35
2013-05-09,1979.45,14191.48,23211.48
2013-05-10,1944.75,14607.54,23321.22
2013-05-13,1948.7,14782.21,22989.81
2013-05-14,1968.83,14758.42,22930.28
2013-05-15,1971.26,15096.03,23044.24
2013-05-16,1986.81,15037.24,23082.68
2013-05-17,,15138.12,
2013-05-20,1982.43,15360.81,23493.03
2013-05-21,1981.09,15381.02,23366.37
2013-05-22,1993.83,15627.26,23261.08
2013-05-23,1969.19,14483.98,22669.68
2013-05-24,1973.45,14612.45,22618.67
2013-05-27,1979.97,14142.65,22686.05
2013-05-28,1986.22,14311.98,22924.25
2013-05-29,2001.2,14326.46,22554.93
2013-05-30,2000.1,13589.03,22484.31
2013-05-31,2001.05,13774.54,22392.16
2013-06-03,1989.57,13261.82,22282.19
2013-06-04,1989.51,13533.76,22285.52
2013-06-05,1959.19,13014.87,22069.24
2013-06-06,,12904.02,21838.43
2013-06-07,1923.85,12877.53,21575.26
2013-06-10,1932.7,13514.2,21615.09
2013-06-11,1920.68,13317.62,21354.66
2013-06-12,1909.91,13289.32,
2013-06-13,1882.73,12445.38,20887.04
2013-06-14,1889.24,12686.52,20969.14
2013-06-17,1883.1,13033.12,21225.9
2013-06-18,1900.62,13007.28,21225.88
2013-06-19,1888.31,13245.22,20986.89
2013-06-20,1850.49,13014.58,20382.87
2013-06-21,1822.83,13230.13,20263.31
2013-06-24,1799.01,13062.78,19813.98
2013-06-25,1780.63,12969.34,19855.72
2013-06-26,1783.45,12834.01,20338.55
2013-06-27,1834.7,13213.55,20440.08
2013-06-28,1863.32,13677.32,20803.29
2013-07-01,1855.73,13852.5,
2013-07-02,1855.02,14098.74,20658.65
2013-07-03,1824.66,14055.56,20147.31
2013-07-04,1839.14,14018.93,20468.67
2013-07-05,1833.31,14309.97,20854.67
2013-07-08,1816.85,14109.34,20582.19
2013-07-09,1830.35,14472.9,20683.01
2013-07-10,1824.16,14416.6,20904.56
2013-07-11,1877.6,14472.58,21437.49
2013-07-12,1869.98,14506.25,21277.28
2013-07-15,1875.16,,21303.31
2013-07-16,1866.36,14599.12,21312.38
2013-07-17,1887.49,14615.04,21371.87
2013-07-18,1875.48,14808.5,21345.22
2013-07-19,1871.41,14589.91,21362.42
2013-07-22,1880.35,14658.04,21416.5
2013-07-23,1904.15,14778.51,21915.42
2013-07-24,1912.08,14731.28,21968.93
2013-07-25,1909.61,14562.93,21900.96
2013-07-26,1910.81,14129.98,21968.95
2013-07-29,1899.89,13661.13,21850.15
2013-07-30,1917.05,13869.82,21953.96
2013-07-31,1914.03,13668.32,21883.66
2013-08-01,1920.74,14005.77,22088.79
2013-08-02,1923.38,14466.16,22190.97
2013-08-05,1916.22,14258.04,22222.01
2013-08-06,1906.62,14401.06,21923.7
2013-08-07,1878.33,13824.94,21588.84
2013-08-08,1883.97,13605.56,21655.88
2013-08-09,1880.71,13615.19,21807.56
2013-08-12,1884.83,13519.43,22271.28
2013-08-13,1913.03,13867.0,22541.13
2013-08-14,1923.91,14050.16,
2013-08-15,,13752.94,22539.25
2013-08-16,1920.11,13650.11,22517.81
2013-08-19,1917.64,13758.13,22463.7
2013-08-20,1887.85,13396.38,21970.29
2013-08-21,1867.46,13424.33,21817.73
2013-08-22,1849.12,13365.17,21895.4
2013-08-23,1870.16,13660.55,21863.51
2013-08-26,1887.86,13636.28,22005.32
2013-08-27,1885.84,13542.37,21874.77
2013-08-28,1884.52,13338.46,21524.65
2013-08-29,1907.54,13459.71,21704.78
2013-08-30,1926.36,13388.86,21731.37
2013-09-02,1924.81,13572.92,22175.34
2013-09-03,1933.74,13978.44,22394.58
2013-09-04,1933.03,14053.87,22326.22
2013-09-05,1951.65,14064.82,22597.97
2013-09-06,1955.31,13860.81,22621.22
2013-09-09,1974.67,14205.23,22750.65
2013-09-10,1994.06,14423.36,22976.65
2013-09-11,2003.85,14425.07,22937.14
2013-09-12,2004.06,14387.27,22953.72
2013-09-13,1994.32,14404.67,22915.28
2013-09-16,2013.37,,23252.41
2013-09-17,2005.58,14311.67,23180.52
2013-09-18,,14505.36,23117.45
2013-09-19,,14766.18,23502.51
2013-09-20,,14742.42,
2013-09-23,2009.41,,23371.54
2013-09-24,2007.1,14732.61,23179.04
2013-09-25,1998.06,14620.53,23209.63
2013-09-26,2007.32,14799.12,23125.03
2013-09-27,2011.8,14760.07,23207.04
2013-09-30,1996.96,14455.8,22859.86
2013-10-01,1998.87,14484.72,
2013-10-02,1999.47,14170.49,22984.48
2013-10-03,,14157.25,23214.4
2013-10-04,1996.98,14024.31,23138.54
2013-10-07,1994.42,13853.32,22973.95
2013-10-08,2002.76,13894.61,23178.85
2013-10-09,,14037.84,23033.97
2013-10-10,2001.4,14194.71,22951.3
2013-10-11,2024.9,14404.74,23218.32
2013-10-14,2020.27,,
2013-10-15,2040.96,14441.54,23336.52
2013-10-16,2034.61,14467.14,23228.33
2013-10-17,2040.61,14586.51,23094.88
2013-10-18,2052.4,14561.54,23340.1
2013-10-21,2053.01,14693.57,23438.15
2013-10-22,2056.12,14713.25,23315.99
2013-10-23,2035.75,14426.05,22999.95
2013-10-24,2046.69,14486.41,22835.82
2013-10-25,2034.39,14088.19,22698.34
2013-10-28,2048.14,14396.04,22806.58
2013-10-29,2051.76,14325.98,22846.54
2013-10-30,2059.58,14502.35,23304.02
2013-10-31,2030.09,14327.94,23206.37
2013-11-01,2039.42,14201.57,23249.79
2013-11-04,2025.17,,23189.62
2013-11-05,2013.93,14225.37,23038.95
2013-11-06,2013.67,14337.31,23036.94
2013-11-07,2004.04,14228.44,22881.03
2013-11-08,1984.87,14086.8,22744.39
2013-11-11,1977.3,14269.84,23069.85
2013-11-12,1995.48,14588.68,22901.41
2013-11-13,1963.56,14567.16,22463.83
2013-11-14,1967.56,14876.41,22649.15
2013-11-15,2005.64,15165.92,23032.15
2013-11-18,2010.81,15164.3,23660.06
2013-11-19,2031.64,15126.56,23657.81
2013-11-20,2017.24,15076.08,23700.86
2013-11-21,1993.78,15365.6,23580.29
2013-11-22,2006.23,15381.72,23696.28
2013-11-25,2015.98,15619.13,23684.45
2013-11-26,2022.64,15515.24,23681.28
2013-11-27,2028.81,15449.63,23806.35
2013-11-28,2045.77,15727.12,23789.09
2013-11-29,2044.87,15661.87,23881.29
2013-12-02,2030.78,15655.07,24038.55
2013-12-03,2009.36,15749.66,23910.47
2013-12-04,1986.8,15407.94,23728.7
2013-12-05,1984.77,15177.49,23712.57
2013-12-06,1980.41,15299.86,23743.1
2013-12-09,2000.38,15650.21,23811.17
2013-12-10,1993.45,15611.31,23744.19
2013-12-11,1977.97,15515.06,23338.24
2013-12-12,1967.93,15341.82,23218.12
2013-12-13,1962.91,15403.11,23245.96
2013-12-16,1961.15,15152.91,23114.66
2013-12-17,1965.74,15278.63,23069.23
2013-12-18,1974.63,15587.8,23143.82
2013-12-19,1975.65,15859.22,22888.75
2013-12-20,1983.35,15870.42,22812.18
2013-12-23,1996.89,,22921.56
2013-12-24,2001.59,15889.33,23179.55
2013-12-25,,16009.99,
2013-12-26,1999.3,16174.44,
2013-12-27,2002.28,16178.94,23243.24
2013-12-30,2011.34,16291.31,23244.87
2013-12-31,,,23306.39
2014-01-02,1967.19,,23340.05
2014-01-03,1946.14,,22817.28
2014-01-06,1953.28,15908.88,22684.15
2014-01-07,1959.44,15814.37,22712.78
2014-01-08,1958.96,16121.45,22996.59
2014-01-09,1946.11,15880.33,22787.33
2014-01-10,1938.54,15912.06,22846.25
2014-01-13,1948.92,,22888.76
2014-01-14,1946.07,15422.4,22791.28
2014-01-15,1953.28,15808.73,22902.0
2014-01-16,1957.32,15747.2,22986.41
2014-01-17,1944.48,15734.46,23133.35
2014-01-20,1953.78,15641.68,22928.95
2014-01-21,1963.89,15795.96,23033.12
2014-01-22,1970.42,15820.96,23082.25
2014-01-23,1947.59,15695.89,22733.9
2014-01-24,1940.56,15391.56,22450.06
2014-01-27,1910.34,15005.73,21976.1
2014-01-28,1916.93,14980.16,21960.64
2014-01-29,1941.15,15383.91,22141.61
2014-01-30,,15007.06,22035.42
2014-01-31,,14914.53,
2014-02-03,1919.96,14619.13,
2014-02-04,1886.85,14008.47,21397.77
2014-02-05,1891.32,14180.38,21269.38
2014-02-06,1907.89,14155.12,21423.13
2014-02-07,1922.5,14462.41,21636.85
2014-02-10,1923.3,14718.34,21579.26
2014-02-11,1932.06,,21962.98
2014-02-12,1935.84,14800.06,22285.79
2014-02-13,1926.96,14534.74,22165.53
2014-02-14,1940.28,14313.03,22298.41
2014-02-17,1946.36,14393.11,22535.94
2014-02-18,1946.91,14843.24,22587.72
2014-02-19,1942.93,14766.53,22664.52
2014-02-20,1930.57,14449.18,22394.08
2014-02-21,1957.83,14865.67,22568.24
2014-02-24,1949.05,14837.68,22388.56
2014-02-25,1964.86,15051.6,22317.2
2014-02-26,1970.77,14970.97,22437.44
2014-02-27,1978.43,14923.11,22828.18
2014-02-28,1979.99,14841.07,22836.96
2014-03-03,1964.69,14652.23,22500.67
2014-03-04,1954.11,14721.48,22657.63
2014-03-05,1971.24,14897.63,22579.78
2014-03-06,1975.62,15134.75,22702.97
2014-03-07,1974.68,15274.07,22660.49
2014-03-10,1954.42,15120.14,22264.93
2014-03-11,1963.87,15224.11,22269.61
2014-03-12,1932.54,14830.39,21901.95
2014-03-13,1934.38,14815.98,21756.08
2014-03-14,1919.9,14327.66,21539.49
2014-03-17,1927.53,14277.67,21473.95
2014-03-18,1940.21,14411.27,21583.5
2014-03-19,1937.68,14462.52,21568.69
2014-03-20,1919.52,14224.23,21182.16
2014-03-21,1934.94,,21436.7
2014-03-24,1945.55,14475.3,21846.45
2014-03-25,1941.25,14423.19,21732.32
2014-03-26,1964.31,14477.16,21887.75
2014-03-27,1977.97,14622.89,21834.45
2014-03-28,1981.0,14696.03,22065.53
2014-03-31,1985.61,14827.83,22151.06
2014-04-01,1991.98,14791.99,22448.54
2014-04-02,1997.25,14946.32,22523.94
2014-04-03,1993.7,15071.88,22565.08
2014-04-04,1988.09,15063.77,22510.08
2014-04-07,1989.7,14808.85,22377.15
2014-04-08,1993.03,14606.88,22596.97
2014-04-09,1998.95,14299.69,22843.17
2014-04-10,2008.61,14300.12,23186.96
2014-04-11,1997.44,13960.05,23003.64
2014-04-14,1997.02,13910.16,23038.8
2014-04-15,1992.27,13996.81,22671.26
2014-04-16,1992.21,14417.68,22696.01
2014-04-17,1992.05,14417.53,22760.24
2014-04-18,2004.28,14516.27,
2014-04-21,1999.22,14512.38,
2014-04-22,2004.22,14388.77,22730.68
2014-04-23,2000.37,14546.27,22509.64
2014-04-24,1998.34,14404.99,22562.8
2014-04-25,1971.66,14429.26,22223.53
2014-04-28,1969.26,14288.23,22132.53
2014-04-29,1964.77,,22453.89
2014-04-30,1961.79,14304.11,22133.97
2014-05-01,,14485.13,
2014-05-02,1959.44,14457.51,22260.67
2014-05-05,,,21976.33
2014-05-06,,,
2014-05-07,1939.88,14033.45,21746.26
2014-05-08,1950.6,14163.78,21837.12
2014-05-09,1956.55,14199.59,21862.99
2014-05-12,1964.94,14149.52,22261.61
2014-05-13,1982.93,14425.44,22352.38
2014-05-14,2010.83,14405.76,22582.77
2014-05-15,2010.2,14298.21,22730.86
2014-05-16,2013.44,14096.59,22712.91
2014-05-19,2015.14,14006.44,22704.5
2014-05-20,2011.26,14075.25,22834.68
2014-05-21,2008.33,14042.17,22836.52
2014-05-22,2015.59,14337.79,22953.76
2014-05-23,2017.17,14462.17,22965.86
2014-05-26,2010.35,14602.52,22963.18
2014-05-27,1997.63,14636.52,22944.3
2014-05-28,2017.06,14670.95,23080.03
2014-05-29,2012.26,14681.72,23010.14
2014-05-30,1994.96,14632.38,23081.65
2014-06-02,2002.0,14935.92,
2014-06-03,2008.56,15034.25,23291.04
2014-06-04,,15067.96,23151.71
2014-06-05,1995.48,15079.37,23109.66
2014-06-06,,15077.24,22951.0
2014-06-09,1990.04,15124.0,23117.47
2014-06-10,2011.8,14994.8,23315.74
2014-06-11,2014.67,15069.48,23257.29
2014-06-12,2011.65,14973.53,23175.02
2014-06-13,1990.85,15097.84,23319.17
2014-06-16,1993.59,14933.29,23300.67
2014-06-17,2001.55,14975.97,23203.59
2014-06-18,1989.49,15115.8,23181.72
2014-06-19,1992.03,15361.16,23167.73
2014-06-20,1968.07,15349.42,23194.06
2014-06-23,1974.92,15369.28,22804.81
2014-06-24,1994.35,15376.24,22880.64
2014-06-25,1981.77,15266.61,22866.7
2014-06-26,1995.05,15308.49,23197.83
2014-06-27,1988.51,15095.0,23221.52
2014-06-30,2002.21,15162.1,23190.72
2014-07-01,1999.0,15326.2,
2014-07-02,2015.28,15369.97,23549.62
2014-07-03,2010.97,15348.29,23531.44
2014-07-04,2009.66,15437.13,23546.36
2014-07-07,2005.12,15379.44,23540.92
2014-07-08,2006.66,15314.41,23541.38
2014-07-09,2000.5,15302.65,23176.07
2014-07-10,2002.84,15216.47,23238.99
2014-07-11,1988.74,15164.04,23233.45
2014-07-14,1993.88,15296.82,23346.67
2014-07-15,2012.72,15395.16,23459.96
2014-07-16,2013.48,15379.3,23523.28
2014-07-17,2020.9,15370.26,23520.87
2014-07-18,2019.42,15215.71,23454.79
2014-07-21,2018.5,,23387.14
2014-07-22,2028.93,15343.28,23782.11
2014-07-23,2028.32,15328.56,23971.87
2014-07-24,2026.62,15284.42,24141.5
2014-07-25,2033.85,15457.87,24216.01
2014-07-28,2048.81,15529.4,24428.63
2014-07-29,2061.97,15618.07,24640.53
2014-07-30,2082.61,15646.23,24732.21
2014-07-31,2076.12,15620.77,24756.85
2014-08-01,2073.1,15523.11,24532.43
2014-08-04,2080.42,15474.5,24600.08
2014-08-05,2066.26,15320.31,24648.26
2014-08-06,2060.73,15159.79,24584.13
2014-08-07,2054.51,15232.37,24387.56
2014-08-08,2031.1,14778.37,24331.41
2014-08-11,2039.37,15130.52,24646.02
2014-08-12,2041.47,15161.31,24689.41
2014-08-13,2062.36,15213.63,24890.34
2014-08-14,2063.22,15314.57,24801.36
2014-08-15,,15318.34,24954.94
2014-08-18,2053.13,15322.6,24955.46
2014-08-19,2071.14,15449.79,25122.95
2014-08-20,2072.78,15454.45,25159.76
2014-08-21,2044.21,15586.2,24994.1
2014-08-22,2056.7,15539.19,25112.23
2014-08-25,2060.89,15613.25,25166.91
2014-08-26,2068.05,15521.22,25074.5
2014-08-27,2074.93,15534.82,24918.75
2014-08-28,2075.76,15459.86,24741.0
2014-08-29,2068.54,15424.59,24742.06
2014-09-01,2067.86,15476.6,24752.09
2014-09-02,2051.58,15668.6,24749.02
2014-09-03,2051.2,15728.35,25317.95
2014-09-04,2056.26,15676.18,25297.92
2014-09-05,2049.41,15668.68,25240.15
2014-09-08,,15705.11,25190.45
2014-09-09,,15749.15,
2014-09-10,,15788.78,24705.36
2014-09-11,2034.16,15909.2,24662.64
2014-09-12,2041.86,15948.29,24595.32
2014-09-15,2035.82,,24356.99
2014-09-16,2042.92,15911.53,24136.01
2014-09-17,2062.61,15888.67,24376.41
2014-09-18,2047.74,16067.57,24168.72
2014-09-19,2053.82,16321.17,24306.16
2014-09-22,2039.27,16205.9,23955.49
2014-09-23,2028.91,,23837.07
2014-09-24,2035.64,16167.45,23921.61
2014-09-25,2034.11,16374.14,23768.13
2014-09-26,2031.64,16229.86,23678.41
2014-09-29,2026.6,16310.64,23229.21
2014-09-30,2020.09,16173.52,22932.98
2014-10-01,1991.54,16082.25,
2014-10-02,1976.16,15661.99,
2014-10-03,,15708.65,23064.56
2014-10-06,1968.39,15890.95,23315.04
2014-10-07,1972.91,15783.83,23422.52
2014-10-08,1965.25,15595.98,23263.33
2014-10-09,,15478.93,23534.53
2014-10-10,1940.92,15300.55,23088.54
2014-10-13,1927.21,,23143.38
2014-10-14,1929.25,14936.51,23047.97
2014-10-15,1925.91,15073.52,23140.05
2014-10-16,1918.83,14738.38,22900.94
2014-10-17,1900.66,14532.51,23023.21
2014-10-20,1930.06,15111.23,23070.26
2014-10-21,1915.28,14804.28,23088.58
2014-10-22,1936.97,15195.77,23403.97
2014-10-23,1931.65,15138.96,23333.18
2014-10-24,1925.69,15291.64,23302.2
2014-10-27,1931.97,15388.72,23143.23
2014-10-28,1925.68,15329.91,23520.36
2014-10-29,1961.17,15553.91,23819.87
2014-10-30,1958.93,15658.2,23702.04
2014-10-31,1964.43,16413.76,23998.06
2014-11-03,1952.97,,23915.97
2014-11-04,1935.19,16862.47,23845.66
2014-11-05,1931.43,16937.32,23695.62
2014-11-06,1936.48,16792.48,23649.31
2014-11-07,1939.87,16880.38,23550.24
2014-11-10,1958.23,16780.53,23744.7
2014-11-11,1963.0,17124.11,23808.28
2014-11-12,1967.27,17197.05,23938.18
2014-11-13,1960.51,17392.79,24019.94
2014-11-14,1945.14,17490.83,24087.38
2014-11-17,1943.63,16973.8,23797.08
2014-11-18,1967.01,17344.06,23529.17
2014-11-19,1966.87,17288.75,23373.31
2014-11-20,1958.04,17300.86,23349.64
2014-11-21,1964.84,17357.51,23437.12
2014-11-24,1978.54,,23893.14
2014-11-25,1980.21,17407.62,23843.91
2014-11-26,1980.84,17383.58,24111.98
2014-11-27,1982.09,17248.5,24004.28
2014-11-28,1980.78,17459.85,23987.45
2014-12-01,1965.22,17590.1,23367.45
2014-12-02,1965.83,17663.22,23654.3
2014-12-03,1969.91,17720.43,23428.62
2014-12-04,1986.61,17887.21,23832.56
2014-12-05,1986.62,17920.45,24002.64
2014-12-08,1978.95,17935.64,24047.67
2014-12-09,1970.95,17813.38,23485.83
2014-12-10,1945.56,17412.58,23524.52
2014-12-11,1916.59,17257.4,23312.54
2014-12-12,1921.71,17371.58,23249.2
2014-12-15,1920.36,17099.4,23027.85
2014-12-16,1904.13,16755.32,22670.5
2014-12-17,1900.16,16819.73,22585.84
2014-12-18,1897.5,17210.05,22832.21
2014-12-19,1929.98,17621.4,23116.63
2014-12-22,1943.12,17635.14,23408.57
2014-12-23,1939.02,,23333.69
2014-12-24,1946.61,17854.23,23349.34
2014-12-25,,17808.75,
2014-12-26,1948.16,17818.96,
2014-12-29,1927.86,17729.84,23773.18
2014-12-30,1915.59,17450.77,23501.1
2014-12-31,,,23605.04
2015-01-02,1926.44,,23857.82
2015-01-05,1915.75,17408.71,23721.32
2015-01-06,1882.45,16883.19,23485.41
2015-01-07,1883.83,16885.33,23681.26
2015-01-08,1904.65,17167.1,23835.53
2015-01-09,1924.7,17197.73,23919.95
2015-01-12,1920.95,,24026.46
2015-01-13,1917.14,17087.71,24215.97
2015-01-14,1913.66,16795.96,24112.6
2015-01-15,1914.14,17108.7,24350.91
2015-01-16,1888.13,16864.16,24103.52
2015-01-19,1902.62,17014.29,23738.49
2015-01-20,1918.31,17366.3,23951.16
2015-01-21,1921.23,17280.48,24352.58
2015-01-22,1920.82,17329.02,24522.63
2015-01-23,1936.09,17511.75,24850.45
2015-01-26,1935.68,17468.52,24909.9
2015-01-27,1952.4,17768.3,24807.28
2015-01-28,1961.58,17795.73,24861.81
2015-01-29,1951.02,17606.22,24595.85
2015-01-30,1949.26,17674.39,24507.05
2015-02-02,1952.68,17558.04,24484.74
2015-02-03,1951.96,17335.85,24554.78
2015-02-04,1962.79,17678.74,24679.76
2015-02-05,1952.84,17504.62,24765.49
2015-02-06,1955.52,17648.5,24679.39
2015-02-09,1947.0,17711.93,24521.0
2015-02-10,1935.86,17652.68,24528.1
2015-02-11,1945.7,,24315.02
2015-02-12,1941.63,17979.72,24422.15
2015-02-13,1957.5,17913.36,24682.54
2015-02-16,1958.23,18004.77,24726.53
2015-02-17,1961.45,17987.09,24784.88
2015-02-18,,18199.17,24832.08
2015-02-19,,18264.79,
2015-02-20,,18332.3,
2015-02-23,1968.39,18466.92,24836.76
2015-02-24,1976.12,18603.48,24750.07
2015-02-25,1990.47,18585.2,24778.28
2015-02-26,1993.08,18785.79,24902.06
2015-02-27,1985.8,18797.94,24823.29
2015-03-02,1996.81,18826.88,24887.44
2015-03-03,2001.38,18815.16,24702.78
2015-03-04,1998.29,18703.6,24465.38
2015-03-05,1998.38,18751.84,24193.04
2015-03-06,2012.94,18971.0,24164.0
2015-03-09,1992.82,18790.55,24123.05
2015-03-10,1984.77,18665.11,23896.98
2015-03-11,1980.83,18723.52,23717.97
2015-03-12,1970.59,18991.11,23797.96
2015-03-13,1985.79,19254.25,23823.21
2015-03-16,1987.33,19246.06,23949.55
2015-03-17,2029.91,19437.0,23901.49
2015-03-18,2028.45,19544.48,24120.08
2015-03-19,2037.89,19476.56,24468.89
2015-03-20,2037.24,19560.22,24375.24
2015-03-23,2036.59,19754.36,24494.51
2015-03-24,2041.37,19713.45,24399.6
2015-03-25,2042.81,19746.2,24528.23
2015-03-26,2022.56,19471.12,24497.08
2015-03-27,2019.8,19285.63,24486.2
2015-03-30,2030.04,19411.4,24855.12
2015-03-31,2041.03,19206.99,24900.89
2015-04-01,2028.45,19034.84,25082.75
2015-04-02,2029.07,19312.79,25275.64
2015-04-03,2045.42,19435.08,
2015-04-06,2046.43,19397.98,
2015-04-07,2047.03,19640.54,
2015-04-08,2059.26,19789.81,26236.86
2015-04-09,2058.87,19937.72,26944.39
2015-04-10,2087.76,19907.63,27272.39
2015-04-13,2098.92,19905.46,28016.34
2015-04-14,2111.72,19908.68,27561.49
2015-04-15,2119.96,19869.76,27618.82
2015-04-16,2139.9,19885.77,27739.71
2015-04-17,2143.5,19652.88,27653.12
2015-04-20,2146.71,19634.49,27094.93
2015-04-21,2144.79,19909.09,27850.49
2015-04-22,2143.89,20133.9,27933.85
2015-04-23,2173.41,20187.65,27827.7
2015-04-24,2159.8,20020.04,28060.98
2015-04-27,2157.54,19983.32,28433.59
2015-04-28,2147.67,20058.95,28442.75
2015-04-29,2142.63,,28400.34
2015-04-30,2127.17,19520.01,28133.0
2015-05-01,,19531.63,
2015-05-04,2132.23,,28123.82
2015-05-05,,,27755.54
2015-05-06,2104.58,,27640.91
2015-05-07,2091.0,19291.99,27289.97
2015-05-08,2085.52,19379.19,27577.34
2015-05-11,2097.38,19620.91,27718.2
2015-05-12,2096.77,19624.84,27407.18
2015-05-13,2114.16,19764.72,27249.28
2015-05-14,2120.33,19570.24,27286.55
2015-05-15,2106.5,19732.92,27822.28
2015-05-18,2113.72,19890.27,27591.25
2015-05-19,2120.85,20026.38,27693.54
2015-05-20,2139.54,20196.56,27585.05
2015-05-21,2122.81,20202.87,27523.72
2015-05-22,2146.1,20264.41,27992.83
2015-05-25,,20413.77,
2015-05-26,2143.5,20437.48,28249.86
2015-05-27,2107.5,20472.58,28081.21
2015-05-28,2110.89,20551.46,27454.31
2015-05-29,2114.8,20563.15,27424.19
2015-06-01,2102.37,20569.87,27597.16
2015-06-02,2078.64,20543.19,27466.72
2015-06-03,2063.16,20473.51,27657.47
2015-06-04,2072.86,20488.19,27551.89
2015-06-05,2068.1,20460.9,27260.16
2015-06-08,2065.19,20457.19,27316.28
2015-06-09,2064.03,20096.3,26989.52
2015-06-10,2051.32,20046.36,26687.64
2015-06-11,2056.61,20382.97,26907.85
2015-06-12,2052.17,20407.08,27280.54
2015-06-15,2042.32,20387.79,26861.81
2015-06-16,2028.72,20257.94,26566.7
2015-06-17,2034.86,20219.27,26753.79
2015-06-18,2041.88,19990.82,26694.66
2015-06-19,2046.96,20174.24,26760.53
2015-06-22,2055.16,20428.19,27080.85
2015-06-23,2081.2,20809.42,27333.46
2015-06-24,2085.53,20868.03,27404.97
2015-06-25,2085.06,20771.4,27145.75
2015-06-26,2090.26,20706.15,26663.87
2015-06-29,2060.49,20109.95,25966.98
2015-06-30,2074.2,20235.73,26250.03
2015-07-01,2097.89,20329.32,
2015-07-02,2107.33,20522.5,26282.32
2015-07-03,2104.41,20539.79,26064.11
2015-07-06,2053.93,20112.12,25236.28
2015-07-07,2040.29,20376.59,24975.31
2015-07-08,2016.21,19737.64,23516.56
2015-07-09,2027.81,19855.5,24392.79
2015-07-10,2031.17,19779.83,24901.28
2015-07-13,2061.52,20089.77,25224.01
2015-07-14,2059.23,20385.33,25120.91
2015-07-15,2072.91,20463.33,25055.76
2015-07-16,2087.89,20600.12,25162.78
2015-07-17,2076.79,20650.92,25415.27
2015-07-20,2073.31,,25404.81
2015-07-21,2083.62,20841.97,25536.43
2015-07-22,2064.73,20593.67,25282.62
2015-07-23,2065.07,20683.95,25398.85
2015-07-24,2045.96,20544.53,25128.51
2015-07-27,2038.81,20350.1,24351.96
2015-07-28,2039.1,20328.89,24503.94
2015-07-29,2037.62,20302.91,24619.45
2015-07-30,2019.03,20522.83,24497.98
2015-07-31,2030.16,20585.24,24636.28
2015-08-03,2008.49,20548.11,24411.42
2015-08-04,2027.99,20520.36,24406.12
2015-08-05,2029.76,20614.06,24514.16
2015-08-06,2013.29,20664.44,24375.28
2015-08-07,2010.23,20724.56,24552.47
2015-08-10,2003.17,20808.69,24521.12
2015-08-11,1986.65,20720.75,24498.21
2015-08-12,1975.47,20392.77,23916.02
2015-08-13,1983.46,20595.55,24018.8
2015-08-14,,20519.45,23991.03
2015-08-17,1968.52,20620.26,23814.65
2015-08-18,1956.26,20554.47,23474.97
2015-08-19,1939.38,20222.63,23167.85
2015-08-20,1914.55,20033.52,22757.47
2015-08-21,1876.07,19435.83,22409.62
2015-08-24,1829.81,18540.68,21251.57
2015-08-25,1846.63,17806.7,21404.96
2015-08-26,1894.09,18376.83,21080.39
2015-08-27,1908.0,18574.44,21838.54
2015-08-28,1937.67,19136.32,21612.39
2015-08-31,1941.49,18890.48,21670.58
2015-09-01,1914.23,18165.69,21185.43
2015-09-02,1915.22,18095.4,20934.94
2015-09-03,1915.53,18182.39,
2015-09-04,1886.04,17792.16,20840.61
2015-09-07,1883.22,17860.47,20583.52
2015-09-08,1878.68,17427.08,21259.04
2015-09-09,1934.2,18770.51,22131.31
2015-09-10,1962.11,18299.62,21562.5
2015-09-11,1941.37,18264.22,21504.37
2015-09-14,1931.46,17965.7,21561.9
2015-09-15,1937.56,18026.48,21455.23
2015-09-16,1975.45,18171.6,21966.66
2015-09-17,1976.49,18432.27,21854.63
2015-09-18,1995.95,18070.21,21920.83
2015-09-21,1964.68,,21756.93
2015-09-22,1982.06,,21796.58
2015-09-23,1944.64,,21302.91
2015-09-24,1947.1,17571.83,21095.98
2015-09-25,1942.85,17880.51,21186.32
2015-09-28,,17645.11,
2015-09-29,,16930.84,20556.6
2015-09-30,1962.81,17388.15,20846.3
2015-10-01,1979.32,17722.42,
2015-10-02,1969.68,17725.13,21506.09
2015-10-05,1978.25,18005.49,21854.5
2015-10-06,1990.65,18186.1,21831.62
2015-10-07,2005.84,18322.98,22515.76
2015-10-08,2019.53,18141.17,22354.91
2015-10-09,,18438.67,22458.8
2015-10-12,2021.63,,22730.93
2015-10-13,2019.05,18234.74,22600.46
2015-10-14,2009.55,17891.0,22439.91
2015-10-15,2033.27,18096.9,22888.17
2015-10-16,2030.26,18291.8,23067.37
2015-10-19,2030.27,18131.23,23075.61
2015-10-20,2039.36,18207.15,22989.22
2015-10-21,2042.98,18554.28,
2015-10-22,2023.0,18435.87,22845.37
2015-10-23,2040.4,18825.3,23151.94
2015-10-26,2048.08,18947.12,23116.25
2015-10-27,2044.65,18777.04,23142.73
2015-10-28,2042.51,18903.02,22956.57
2015-10-29,2034.16,18935.71,22819.94
2015-10-30,2029.47,19083.1,22640.04
2015-11-02,2035.24,18683.24,22370.04
2015-11-03,2048.4,,22568.43
2015-11-04,2052.77,18926.91,23053.57
2015-11-05,2049.41,19116.41,23051.04
2015-11-06,2041.07,19265.6,22867.33
2015-11-09,2025.7,19642.74,22726.77
2015-11-10,1996.59,19671.26,22401.7
2015-11-11,1997.27,19691.39,22352.17
2015-11-12,1993.36,19697.77,22888.92
2015-11-13,1973.29,19596.91,22396.14
2015-11-16,1943.02,19393.69,22010.82
2015-11-17,1963.58,19630.63,22264.25
2015-11-18,1962.88,19649.18,22188.26
2015-11-19,1988.91,19859.81,22500.22
2015-11-20,1989.86,19879.81,22754.72
2015-11-23,2003.7,,22665.9
2015-11-24,2016.29,19924.89,22587.63
2015-11-25,2009.42,19847.58,22498.0
2015-11-26,2030.68,19944.41,22488.94
2015-11-27,2028.99,19883.94,22068.32
2015-11-30,1991.97,19747.47,21996.42
2015-12-01,2023.93,20012.4,22381.35
2015-12-02,2009.29,19938.13,22479.69
2015-12-03,1994.07,19939.9,22417.01
2015-12-04,1974.4,19504.48,22235.89
2015-12-07,1963.67,19698.15,22203.22
2015-12-08,1949.04,19492.6,21905.13
2015-12-09,1948.24,19301.07,21803.76
2015-12-10,1952.07,19046.55,21704.61
2015-12-11,1948.62,19230.48,21464.05
2015-12-14,1927.82,18883.42,21309.85
2015-12-15,1932.97,18565.9,21274.37
2015-12-16,1969.4,19049.91,21701.21
2015-12-17,1977.96,19353.56,21872.06
2015-12-18,1975.32,18986.8,21755.56
2015-12-21,1981.19,18916.02,21791.68
2015-12-22,1992.56,18886.7,21830.02
2015-12-23,1999.22,,22040.59
2015-12-24,1990.65,18789.69,22138.13
2015-12-25,,18769.06,
2015-12-28,1964.06,18873.35,21919.62
2015-12-29,1966.31,18982.23,21999.62
2015-12-30,1961.31,19033.71,21882.15
2015-12-31,,,21914.4
2016-01-04,1918.76,18450.98,21327.12
2016-01-05,1930.53,18374.0,21188.72
2016-01-06,1925.43,18191.32,20980.81
2016-01-07,1904.33,17767.34,20333.34
2016-01-08,1917.62,17697.96,20453.71
2016-01-11,1894.84,,19888.5
2016-01-12,1890.86,17218.96,19711.76
2016-01-13,1916.28,17715.63,19934.88
2016-01-14,1900.01,17240.95,19817.41
2016-01-15,1878.87,17147.11,19520.77
2016-01-18,1878.45,16955.57,19237.45
2016-01-19,1889.64,17048.37,19635.81
2016-01-20,1845.45,16416.19,18886.3
2016-01-21,1840.53,16017.26,18542.15
2016-01-22,1879.43,16958.53,19080.51
2016-01-25,1893.43,17110.91,19340.14
2016-01-26,1871.69,16708.9,18860.8
2016-01-27,1897.87,17163.92,19052.45
2016-01-28,1906.94,17041.45,19195.83
2016-01-29,1912.06,17518.3,19683.11
2016-02-01,1924.82,17865.23,19595.5
2016-02-02,1906.6,17750.68,19446.84
2016-02-03,1890.67,17191.25,18991.59
2016-02-04,1916.26,17044.99,19183.09
2016-02-05,1917.79,16819.59,19288.17
2016-02-08,,17004.3,
2016-02-09,,16085.44,
2016-02-10,,15713.39,
2016-02-11,1861.54,,18545.8
2016-02-12,1835.28,14952.61,18319.58
2016-02-15,1862.2,16022.58,18918.14
2016-02-16,1888.3,16054.43,19122.08
2016-02-17,1883.94,15836.36,18924.57
2016-02-18,1908.84,16196.8,19363.08
2016-02-19,1916.24,15967.17,19285.5
2016-02-22,1916.36,16111.05,19464.09
2016-02-23,1914.22,16052.05,19414.78
2016-02-24,1912.53,15915.79,19192.45
2016-02-25,1918.57,16140.34,18888.75
2016-02-26,1920.16,16188.41,19364.15
2016-02-29,1916.66,16026.76,19111.93
2016-03-01,,16085.51,19407.46
2016-03-02,1947.42,16746.55,20003.49
2016-03-03,1958.17,16960.16,19941.76
2016-03-04,1955.63,17014.78,20176.7
2016-03-07,1957.87,16911.32,20159.72
2016-03-08,1946.12,16783.15,20011.58
2016-03-09,1952.95,16642.2,19996.26
2016-03-10,1969.33,16852.35,19984.42
2016-03-11,1971.41,16938.87,20199.6
2016-03-14,1972.27,17233.75,20435.34
2016-03-15,1969.97,17117.07,20288.77
2016-03-16,1974.9,16974.45,20257.7
2016-03-17,1987.99,16936.38,20503.81
2016-03-18,1992.12,16724.81,20671.63
2016-03-21,1989.76,,20684.15
2016-03-22,1996.81,17048.55,20666.75
2016-03-23,1995.12,17000.98,20615.23
2016-03-24,1985.97,16892.33,20345.61
2016-03-25,1983.81,17002.75,
2016-03-28,1982.54,17134.37,
2016-03-29,1994.91,17103.53,20366.3
2016-03-30,2002.14,16878.96,20803.39
2016-03-31,1995.85,16758.67,20776.7
2016-04-01,1973.57,16164.16,20498.92
2016-04-04,1978.97,16123.27,
2016-04-05,1962.74,15732.82,20177.0
2016-04-06,1971.32,15715.36,20206.67
2016-04-07,1973.89,15749.84,20266.05
2016-04-08,1972.05,15821.52,20370.4
2016-04-11,1970.37,15751.13,20440.81
2016-04-12,1981.32,15928.79,20504.44
2016-04-13,,16381.22,21158.71
2016-04-14,2015.93,16911.05,21337.81
2016-04-15,2014.71,16848.03,21316.47
2016-04-18,2009.1,16275.95,21161.5
2016-04-19,2011.36,16874.44,21436.21
2016-04-20,2005.83,16906.54,21236.31
2016-04-21,2022.1,17363.62,21622.25
2016-04-22,2015.49,17572.49,21467.04
2016-04-25,2014.55,17439.3,21304.44
2016-04-26,2019.63,17353.28,21407.27
2016-04-27,2015.4,17290.49,21361.6
2016-04-28,2000.93,16666.05,21388.03
2016-04-29,1994.15,,21067.05
2016-05-02,1978.15,16147.38,
2016-05-03,1986.41,,20676.94
2016-05-04,1976.71,,20525.83
2016-05-05,,,20449.82
2016-05-06,,16106.72,20109.87
2016-05-09,1967.81,16216.03,20156.81
2016-05-10,1982.5,16565.19,20242.68
2016-05-11,1980.1,16579.01,20055.29
2016-05-12,1977.49,16646.34,19915.46
2016-05-13,1966.99,16412.21,19719.29
2016-05-16,1967.91,16466.4,19883.95
2016-05-17,1968.06,16652.8,20118.8
2016-05-18,1956.73,16644.69,19826.41
2016-05-19,1946.78,16646.66,19694.33
2016-05-20,1947.67,16736.35,19852.2
2016-05-23,1955.25,16654.6,19809.03
2016-05-24,1937.68,16498.76,19830.43
2016-05-25,1960.51,16757.35,20368.05
2016-05-26,1957.06,16772.46,20397.11
2016-05-27,1969.17,16834.84,20576.77
2016-05-30,1967.13,17068.02,20629.39
2016-05-31,1983.4,17234.98,20815.09
2016-06-01,1982.72,16955.73,20760.98
2016-06-02,1985.11,16562.55,20859.22
2016-06-03,1985.84,16642.23,20947.24
2016-06-06,,16580.03,21030.22
2016-06-07,2011.63,16675.45,21328.24
2016-06-08,2027.08,16830.92,21297.88
2016-06-09,2024.17,16668.41,
2016-06-10,2017.63,16601.36,21042.64
2016-06-13,1979.06,16019.18,20512.99
2016-06-14,1972.03,15859.0,20387.53
2016-06-15,1968.83,15919.58,20467.52
2016-06-16,1951.99,15434.14,20038.42
2016-06-17,1953.4,15599.66,20169.98
2016-06-20,1981.12,15965.3,20510.2
2016-06-21,1982.7,16169.11,20668.44
2016-06-22,1992.58,16065.72,20795.12
2016-06-23,1986.71,16238.35,20868.34
2016-06-24,1925.24,14952.02,20259.13
2016-06-27,1926.85,15309.21,20227.3
2016-06-28,1936.22,15323.14,20172.46
2016-06-29,1956.36,15566.83,20436.12
2016-06-30,1970.35,15575.92,20794.37
2016-07-01,1987.32,15682.48,
2016-07-04,1995.3,15775.8,21059.2
2016-07-05,1989.85,15669.33,20750.72
2016-07-06,1953.12,15378.99,20495.29
2016-07-07,1974.08,15276.24,20706.92
2016-07-08,1963.1,15106.98,20564.17
2016-07-11,1988.54,15708.82,20880.5
2016-07-12,1991.23,16095.65,21224.74
2016-07-13,2005.55,16231.43,21322.37
2016-07-14,2008.77,16385.89,21561.06
2016-07-15,2017.26,16497.85,21659.25
2016-07-18,2021.11,,21803.18
2016-07-19,2016.89,16723.31,21673.2
2016-07-20,2015.46,16681.89,21882.48
2016-07-21,2012.22,16810.22,22000.49
2016-07-22,2010.34,16627.25,21964.27
2016-07-25,2012.32,16620.29,21993.44
2016-07-26,2027.34,16383.04,22129.73
2016-07-27,2025.05,16664.82,22218.99
2016-07-28,2021.1,16476.84,22174.34
2016-07-29,2016.19,16569.27,21891.37
2016-08-01,2029.61,16635.77,22129.14
2016-08-02,2019.03,16391.45,
2016-08-03,1994.79,16083.11,21739.12
2016-08-04,2000.03,16254.89,21832.23
2016-08-05,2017.94,16254.45,22146.09
2016-08-08,2031.12,16650.57,22494.76
2016-08-09,2043.78,16764.97,22465.61
2016-08-10,2044.64,16735.12,22492.43
2016-08-11,2048.8,,22580.55
2016-08-12,2050.47,16919.92,22766.91
2016-08-15,,16869.56,22932.51
2016-08-16,2047.76,16596.51,22910.84
2016-08-17,2043.75,16745.64,22799.78
2016-08-18,2055.47,16486.01,23023.16
2016-08-19,2056.24,16545.82,22937.22
2016-08-22,2042.16,16598.19,22997.91
2016-08-23,2049.93,16497.36,22998.93
2016-08-24,2043.76,16597.3,22820.78
2016-08-25,2042.92,16555.95,22814.95
2016-08-26,2037.5,16360.71,22909.54
2016-08-29,2032.35,16737.49,22821.34
2016-08-30,2039.74,16725.36,23016.11
2016-08-31,2034.65,16887.4,22976.88
2016-09-01,2032.72,16926.84,23162.34
2016-09-02,2038.31,16925.68,23266.7
2016-09-05,2060.08,17037.63,23649.55
2016-09-06,2066.53,17081.98,23787.68
2016-09-07,2061.88,17012.44,23741.81
2016-09-08,2063.73,16958.77,23919.34
2016-09-09,2037.87,16965.76,24099.7
2016-09-12,1991.48,16672.92,23290.6
2016-09-13,1999.36,16729.04,23215.76
2016-09-14,,16614.24,23190.64
2016-09-15,,16405.01,23335.59
2016-09-16,,16519.29,
2016-09-19,2015.78,,23550.45
2016-09-20,2025.71,16492.15,23530.86
2016-09-21,2035.99,16807.62,23669.9
2016-09-22,2049.7,,23759.8
2016-09-23,2054.07,16754.02,23686.48
2016-09-26,2047.11,16544.56,23317.92
2016-09-27,2062.82,16683.93,23571.9
2016-09-28,2053.06,16465.4,23619.65
2016-09-29,2068.72,16693.71,23739.47
2016-09-30,2043.63,16449.84,23297.15
2016-10-03,,16598.67,23584.43
2016-10-04,2054.86,16735.65,23689.44
2016-10-05,2053.0,16819.24,23788.31
2016-10-06,2065.3,16899.1,23952.5
2016-10-07,2053.8,16860.09,23851.82
2016-10-10,2056.82,,
2016-10-11,2031.93,17024.76,23549.52
2016-10-12,2033.73,16840.0,23407.05
2016-10-13,2015.44,16774.24,23031.3
2016-10-14,2022.66,16856.37,23233.31
2016-10-17,2027.61,16900.12,23037.54
2016-10-18,2040.43,16963.61,23394.39
2016-10-19,2040.94,16998.91,23304.97
2016-10-20,2040.6,17235.5,23374.4
2016-10-21,2033.0,17184.59,
2016-10-24,2047.74,17234.42,23604.08
2016-10-25,2037.17,17365.25,23565.11
2016-10-26,2013.89,17391.84,23325.43
2016-10-27,2024.12,17336.42,23132.35
2016-10-28,2019.42,17446.41,22954.81
2016-10-31,2008.19,17425.02,22934.54
2016-11-01,2007.39,17442.4,23147.07
2016-11-02,1978.94,17134.68,22810.5
2016-11-03,1983.8,,22683.51
2016-11-04,1982.02,16905.36,22642.62
2016-11-07,1997.58,17177.21,22801.4
2016-11-08,2003.38,17171.38,22909.47
2016-11-09,1958.38,16251.54,22415.19
2016-11-10,2002.6,17344.42,22839.11
2016-11-11,1984.43,17374.79,22531.09
2016-11-14,1974.4,17672.62,22222.22
2016-11-15,1967.53,17668.15,22323.91
2016-11-16,1979.65,17862.21,22280.53
2016-11-17,1980.55,17862.63,22262.88
2016-11-18,1974.58,17967.41,22344.21
2016-11-21,1966.05,18106.02,22357.78
2016-11-22,1983.47,18162.94,22678.07
2016-11-23,1987.95,,22676.69
2016-11-24,1971.26,18333.41,22608.49
2016-11-25,1974.46,18381.22,22723.45
2016-11-28,1978.13,18356.89,22830.57
2016-11-29,1978.39,18307.04,22737.07
2016-11-30,1983.48,18308.48,22789.77
2016-12-01,1983.75,18513.12,22878.23
2016-12-02,1970.61,18426.08,22564.82
2016-12-05,1963.36,18274.99,22505.55
2016-12-06,1989.86,18360.54,22675.15
2016-12-07,1991.89,18496.69,22800.92
2016-12-08,2031.07,18765.47,22861.84
2016-12-09,2024.69,18996.37,22760.98
2016-12-12,2027.24,19155.03,22433.02
2016-12-13,2035.98,19250.52,22446.7
2016-12-14,2036.87,19253.61,22456.62
2016-12-15,2036.65,19273.79,22059.4
2016-12-16,2042.24,19401.15,22020.75
2016-12-19,2038.39,19391.6,21832.68
2016-12-20,2041.94,19494.53,21729.06
2016-12-21,2037.96,19444.49,21809.8
2016-12-22,2035.73,19427.67,21636.2
2016-12-23,2035.9,,21574.76
2016-12-26,2037.75,19396.64,
2016-12-27,2042.17,19403.06,
2016-12-28,2024.49,19401.72,21754.74
2016-12-29,2026.46,19145.14,21790.91
2016-12-30,,19114.37,22000.56
2017-01-02,2026.16,,
2017-01-03,2043.97,,22150.4
2017-01-04,2045.64,19594.16,22134.47
2017-01-05,2041.95,19520.69,22456.69
2017-01-06,2049.12,19454.33,22503.01
2017-01-09,2048.78,,22558.69
2017-01-10,2045.12,19301.44,22744.85
2017-01-11,2075.17,19364.67,22935.35
2017-01-12,2087.14,19134.7,22829.02
2017-01-13,2076.79,19287.28,22937.38
2017-01-16,2064.17,19095.24,22718.15
2017-01-17,2071.87,18813.53,22840.97
2017-01-18,2070.54,18894.37,23098.26
2017-01-19,2072.79,19072.25,23049.96
2017-01-20,2065.61,19137.91,22885.91
2017-01-23,2065.99,18891.03,22898.52
2017-01-24,2065.76,18787.99,22949.86
2017-01-25,2066.94,19057.5,23049.12
2017-01-26,2083.59,19402.39,23374.17
2017-01-27,,19467.4,23360.78
2017-01-30,,19368.85,
2017-01-31,2067.57,19041.34,
2017-02-01,2080.48,19148.08,23318.39
2017-02-02,2071.01,18914.58,23184.52
2017-02-03,2073.16,18918.2,23129.21
2017-02-06,2077.66,18976.71,23348.24
2017-02-07,2075.21,18910.78,23331.57
2017-02-08,2065.08,19007.6,23485.13
2017-02-09,2065.88,18907.67,23525.14
2017-02-10,2075.08,19378.93,23574.98
2017-02-13,2078.65,19459.15,23710.98
2017-02-14,2074.57,19238.98,23703.01
2017-02-15,2083.86,19437.98,23994.87
2017-02-16,2081.84,19347.53,24107.7
2017-02-17,2080.58,19234.62,24033.74
2017-02-20,2084.39,19251.08,24146.08
2017-02-21,2102.93,19381.44,23963.63
2017-02-22,2106.61,19379.87,24201.96
2017-02-23,2107.63,19371.46,24114.86
2017-02-24,2094.12,19283.54,23965.7
2017-02-27,2085.52,19107.47,23925.05
2017-02-28,2091.64,19118.99,23740.73
2017-03-01,,19393.54,23776.49
2017-03-02,2102.65,19564.8,23728.07
2017-03-03,2078.75,19469.17,23552.72
2017-03-06,2081.36,19379.14,23596.28
2017-03-07,2094.05,19344.15,23681.07
2017-03-08,2095.41,19254.03,23782.27
2017-03-09,2091.06,19318.58,23501.56
2017-03-10,2097.35,19604.61,23568.67
2017-03-13,2117.59,19633.75,23829.67
2017-03-14,2133.78,19609.5,23827.95
2017-03-15,2133.0,19577.38,23792.85
2017-03-16,2150.08,19590.14,24288.28
2017-03-17,2164.58,19521.59,24309.93
2017-03-20,2157.01,,24501.99
2017-03-21,2178.38,19455.88,24593.12
2017-03-22,2168.3,19041.38,24320.41
2017-03-23,2172.72,19085.31,24327.7
2017-03-24,2168.95,19262.53,24358.27
2017-03-27,2155.66,18985.59,24193.7
2017-03-28,2163.31,19202.87,24345.87
2017-03-29,2166.98,19217.48,24392.05
2017-03-30,2164.64,19063.22,24301.09
2017-03-31,2160.23,18909.26,24111.59
2017-04-03,2167.51,18983.23,24261.48
2017-04-04,2161.1,18810.25,
2017-04-05,2160.85,18861.27,24400.8
2017-04-06,2152.75,18597.06,24273.72
2017-04-07,2151.73,18664.63,24267.3
2017-04-10,2133.32,18797.88,24262.18
2017-04-11,2123.85,18747.87,24088.46
2017-04-12,2128.91,18552.61,24313.5
2017-04-13,2148.61,18426.84,24261.66
2017-04-14,2134.88,18335.63,
2017-04-17,2145.76,18355.26,
2017-04-18,2148.46,18418.59,23924.54
2017-04-19,2138.4,18432.2,23825.88
2017-04-20,2149.15,18430.49,24056.98
2017-04-21,2165.04,18620.75,24042.02
2017-04-24,2173.74,18875.88,24139.48
2017-04-25,2196.85,19079.33,24455.94
2017-04-26,2207.84,19289.43,24578.43
2017-04-27,2209.46,19251.87,24698.48
2017-04-28,2205.44,19196.74,24615.13
2017-05-01,,19310.52,
2017-05-02,2219.67,19445.7,24696.13
2017-05-03,,,
2017-05-04,2241.24,,24683.88
2017-05-05,,,24476.35
2017-05-08,2292.76,19895.7,24577.91
2017-05-09,,19843.0,24889.03
2017-05-10,2270.12,19900.09,25015.42
2017-05-11,2296.37,19961.55,25125.55
2017-05-12,2286.02,19883.9,25156.34
2017-05-15,2290.65,19869.85,25371.59
2017-05-16,2295.33,19919.82,25335.94
2017-05-17,2293.08,19814.88,25293.63
2017-05-18,2286.82,19553.86,25136.52
2017-05-19,2288.48,19590.76,25174.87
2017-05-22,2304.03,19678.28,25391.34
2017-05-23,2311.74,19613.28,25403.15
2017-05-24,2317.34,19742.98,25428.5
2017-05-25,2342.93,19813.13,25630.78
2017-05-26,2355.3,19686.84,25639.27
2017-05-29,2352.97,19682.57,25701.63
2017-05-30,2343.68,19677.85,
2017-05-31,2347.38,19650.57,25660.65
2017-06-01,2344.61,19860.03,25809.22
2017-06-02,2371.72,20177.28,25924.05
2017-06-05,2368.62,20170.82,25862.99
2017-06-06,,19979.9,25997.14
2017-06-07,2360.14,19984.62,25974.16
2017-06-08,2363.57,19909.26,26063.06
2017-06-09,2381.69,20013.26,26030.29
2017-06-12,2357.87,19908.58,25708.04
2017-06-13,2374.7,19898.75,25852.1
2017-06-14,2372.64,19883.52,25875.9
2017-06-15,2361.65,19831.82,25565.34
2017-06-16,2361.83,19943.26,25626.49
2017-06-19,2370.9,20067.75,25924.55
2017-06-20,2369.23,20230.41,25843.04
2017-06-21,2357.53,20138.79,25694.58
2017-06-22,2370.37,20110.51,25674.53
2017-06-23,2378.6,20132.67,25670.05
2017-06-26,2388.66,20153.35,25871.89
2017-06-27,2391.95,20225.09,25839.99
2017-06-28,2382.56,20130.41,25683.5
2017-06-29,2395.66,20220.3,25965.42
2017-06-30,2391.79,20033.43,25764.58
2017-07-03,2394.48,20055.8,25784.17
2017-07-04,2380.52,20032.35,25389.01
2017-07-05,2388.35,20081.63,25521.97
2017-07-06,2387.81,19994.06,25465.22
2017-07-07,2379.87,19929.09,25340.85
2017-07-10,2382.1,20080.98,25500.06
2017-07-11,2396.0,20195.48,25877.64
2017-07-12,2391.77,20098.38,26043.64
2017-07-13,2409.49,20099.81,26346.17
2017-07-14,2414.63,20118.86,26389.23
2017-07-17,2425.1,,26470.58
2017-07-18,2426.04,19999.91,26524.94
2017-07-19,2429.94,20020.86,26672.16
2017-07-20,2441.84,20144.59,26740.21
2017-07-21,2450.06,20099.75,26706.09
2017-07-24,2451.53,19975.67,26846.83
2017-07-25,2439.9,19955.2,26852.05
2017-07-26,2434.51,20050.16,26941.02
2017-07-27,2443.24,20079.64,27131.17
2017-07-28,2400.99,19959.84,26979.39
2017-07-31,2402.71,19925.18,27323.99
2017-08-01,2422.96,19985.79,27540.23
2017-08-02,2427.63,20080.04,27607.38
2017-08-03,2386.85,20029.26,27531.01
2017-08-04,2395.45,19952.33,27562.68
2017-08-07,2398.75,20055.89,27690.36
2017-08-08,2394.73,19996.01,27854.91
2017-08-09,2368.39,19738.71,27757.09
2017-08-10,2359.47,19729.74,27444.0
2017-08-11,2319.71,,26883.51
2017-08-14,2334.22,19537.1,27250.23
2017-08-15,,19753.31,27174.96
2017-08-16,2348.26,19729.28,27409.07
2017-08-17,2361.67,19702.63,27344.22
2017-08-18,2358.37,19470.41,27047.57
2017-08-21,2355.0,19393.13,27154.68
2017-08-22,2365.33,19383.84,27401.67
2017-08-23,2366.4,19434.64,
2017-08-24,2375.84,19353.77,27518.6
2017-08-25,2378.51,19452.61,27848.16
2017-08-28,2370.3,19449.9,27863.29
2017-08-29,2364.74,19362.55,27765.01
2017-08-30,2372.29,19506.54,28094.61
2017-08-31,2363.19,19646.24,27970.3
2017-09-01,2357.69,19691.47,27953.16
2017-09-04,2329.65,19508.25,27740.26
2017-09-05,2326.62,19385.81,27741.35
2017-09-06,2319.82,19357.97,27613.76
2017-09-07,2346.19,19396.52,27522.92
2017-09-08,2343.72,19274.82,27668.47
2017-09-11,2359.08,19545.77,27955.13
2017-09-12,2365.47,19776.62,27972.24
2017-09-13,2360.18,19865.82,27894.08
2017-09-14,2377.66,19807.44,27777.2
2017-09-15,2386.07,19909.5,27807.59
2017-09-18,2418.21,,28159.77
2017-09-19,2416.05,20299.38,28051.41
2017-09-20,2412.2,20310.46,28127.8
2017-09-21,2406.5,20347.48,28110.33
2017-09-22,2388.71,20296.45,27880.53
2017-09-25,2380.4,20397.58,27500.34
2017-09-26,2374.32,20330.19,27513.01
2017-09-27,2372.57,20267.05,27642.43
2017-09-28,2373.14,20363.11,27421.6
2017-09-29,2394.47,20356.28,27554.3
2017-10-02,,20400.78,
2017-10-03,,20614.07,28173.21
2017-10-04,,20626.66,28379.18
2017-10-05,,20628.56,
2017-10-06,,20690.71,28458.04
2017-10-09,,,28326.59
2017-10-10,2433.81,20823.51,28490.83
2017-10-11,2458.16,20881.27,28389.57
2017-10-12,2474.76,20954.72,28459.03
2017-10-13,2473.62,21155.18,28476.43
2017-10-16,2480.05,21255.56,28692.8
2017-10-17,2484.37,21336.12,28697.49
2017-10-18,2482.91,21363.05,28711.76
2017-10-19,2473.06,21448.52,28159.09
2017-10-20,2489.54,21457.64,28487.24
2017-10-23,2490.05,21696.65,28305.88
2017-10-24,2490.49,21805.17,28154.97
2017-10-25,2492.5,21707.62,28302.89
2017-10-26,2480.63,21739.78,28202.38
2017-10-27,2496.63,22008.45,28438.85
2017-10-30,2501.93,22011.67,28336.19
2017-10-31,2523.43,22011.61,28245.54
2017-11-01,2556.47,22420.08,28594.06
2017-11-02,2546.36,22539.12,28518.64
2017-11-03,2557.97,,28603.61
2017-11-06,2549.41,22548.35,28596.8
2017-11-07,2545.44,22937.6,28994.34
2017-11-08,2552.4,22913.82,28907.6
2017-11-09,2550.57,22868.71,29136.57
2017-11-10,2542.95,22681.42,29120.92
2017-11-13,2530.35,22380.99,29182.18
2017-11-14,2526.64,22380.01,29152.12
2017-11-15,2518.25,22028.32,28851.69
2017-11-16,2534.79,22351.12,29018.76
2017-11-17,2533.99,22396.8,29199.04
2017-11-20,2527.67,22261.76,29260.31
2017-11-21,2530.7,22416.48,29818.07
2017-11-22,2540.51,22523.15,30003.49
2017-11-23,2537.15,,29707.94
2017-11-24,2544.33,22550.85,29866.32
2017-11-27,2507.81,22495.99,29686.19
2017-11-28,2514.19,22486.24,29680.85
2017-11-29,2512.9,22597.2,29623.83
2017-11-30,2476.37,22724.96,29177.35
2017-12-01,2475.41,22819.03,29074.24
2017-12-04,2501.67,22707.16,29138.28
2017-12-05,2510.12,22622.38,28842.8
2017-12-06,2474.37,22177.04,28224.8
2017-12-07,2461.98,22498.03,28303.19
2017-12-08,2464.0,22811.08,28639.85
2017-12-11,2471.49,22938.73,28965.29
2017-12-12,2461.0,22866.17,28793.88
2017-12-13,2480.55,22758.07,29222.1
2017-12-14,2469.48,22694.45,29166.38
2017-12-15,2482.07,22553.22,28848.11
2017-12-18,2481.88,22901.77,29050.41
2017-12-19,2478.53,22868.0,29253.66
2017-12-20,2472.37,22891.72,29234.09
2017-12-21,2429.83,22866.1,29367.06
2017-12-22,2440.54,22902.76,29578.01
2017-12-25,,22939.18,
2017-12-26,2427.34,22892.69,
2017-12-27,2436.67,22911.21,29597.66
2017-12-28,2467.49,22783.98,29863.71
2017-12-29,,22764.94,29919.15
2018-01-02,2479.65,,30515.31
2018-01-03,2486.35,,30560.95
2018-01-04,2466.46,23506.33,30736.48
2018-01-05,2497.52,23714.53,30814.64
2018-01-08,2513.28,,30899.53
2018-01-09,2510.23,23849.99,31011.41
2018-01-10,2499.75,23788.2,31073.72
2018-01-11,2487.91,23710.43,31120.39
2018-01-12,2496.42,23653.82,31412.54
2018-01-15,2503.73,23714.88,31338.87
2018-01-16,2521.74,23951.81,31904.75
2018-01-17,2515.43,23868.34,31983.41
2018-01-18,2515.81,23763.37,32121.94
2018-01-19,2520.26,23808.06,32254.89
2018-01-22,2502.11,23816.33,32393.41
2018-01-23,2536.6,24124.15,32930.7
2018-01-24,2538.0,23940.78,32958.69
2018-01-25,2562.23,23669.49,32654.45
2018-01-26,2574.76,23631.88,33154.12
2018-01-29,2598.19,23629.34,32966.89
2018-01-30,2567.74,23291.97,32607.29
2018-01-31,2566.46,23098.29,32887.27
2018-02-01,2568.54,23486.11,32642.09
2018-02-02,2525.39,23274.53,32601.78
2018-02-05,2491.75,22682.08,32245.22
2018-02-06,2453.31,21610.24,30595.42
2018-02-07,2396.56,21645.37,30323.2
2018-02-08,2407.62,21890.86,30451.27
2018-02-09,2363.77,21382.62,29507.42
2018-02-12,2385.38,,29459.63
2018-02-13,2395.19,21244.68,29839.53
2018-02-14,2421.83,21154.17,30515.6
2018-02-15,,21464.98,31115.43
2018-02-16,,21720.25,
2018-02-19,2442.82,22149.21,
2018-02-20,2415.12,21925.1,30873.63
2018-02-21,2429.65,21970.81,31431.89
2018-02-22,2414.28,21736.44,30965.68
2018-02-23,2451.52,21892.78,31267.17
2018-02-26,2457.65,22153.63,31498.6
2018-02-27,2456.14,22389.86,31268.66
2018-02-28,2427.36,22068.24,30844.72
2018-03-01,,21724.47,31044.25
2018-03-02,2402.16,21181.64,30583.45
2018-03-05,2375.06,21042.09,29886.39
2018-03-06,2411.41,21417.76,30510.73
2018-03-07,2401.82,21252.72,30196.92
2018-03-08,2433.08,21368.07,30654.52
2018-03-09,2459.45,21469.2,30996.21
2018-03-12,2484.12,21824.03,31594.33
2018-03-13,2494.49,21968.1,31601.45
2018-03-14,2486.08,21777.29,31435.01
2018-03-15,2492.38,21803.95,31541.1
2018-03-16,2493.97,21676.51,31501.97
2018-03-19,2475.03,21480.9,31513.76
2018-03-20,2485.52,21380.97,31549.93
2018-03-21,2484.97,,31414.52
2018-03-22,2496.02,21591.99,31071.05
2018-03-23,2416.76,20617.86,30309.29
2018-03-26,2437.08,20766.1,30548.77
2018-03-27,2452.06,21317.32,30790.83
2018-03-28,2419.29,21031.31,30022.53
2018-03-29,2436.37,21159.08,30093.38
2018-03-30,2445.85,21454.3,
2018-04-02,2444.16,21388.58,
2018-04-03,2442.43,21292.29,30180.1
2018-04-04,2408.06,21319.55,29518.69
2018-04-05,2437.52,21645.42,
2018-04-06,2429.58,21567.52,29844.94
2018-04-09,2444.08,21678.26,30229.58
2018-04-10,2450.74,21794.32,30728.74
2018-04-11,2444.22,21687.1,30897.71
2018-04-12,2442.71,21660.28,30831.28
2018-04-13,2455.07,21778.74,30808.38
2018-04-16,2457.49,21835.53,30315.59
2018-04-17,2453.77,21847.59,30062.75
2018-04-18,2479.98,22158.2,30284.25
2018-04-19,2486.1,22191.18,30708.44
2018-04-20,2476.33,22162.24,30418.33
2018-04-23,2474.11,22088.04,30254.4
2018-04-24,2464.14,22278.12,30636.24
2018-04-25,2448.81,22215.32,30328.15
2018-04-26,2475.64,22319.61,30007.68
2018-04-27,2492.4,22467.87,30280.67
2018-04-30,2515.38,,30808.45
2018-05-01,,22508.03,
2018-05-02,2505.61,22472.78,30723.88
2018-05-03,2487.25,,30313.37
2018-05-04,2461.38,,29926.5
2018-05-07,,22467.16,29994.26
2018-05-08,2449.81,22508.69,30402.81
2018-05-09,2443.98,22408.88,30536.14
2018-05-10,2464.16,22497.18,30809.22
2018-05-11,2477.71,22758.48,31122.06
2018-05-14,2476.11,22865.86,31541.08
2018-05-15,2458.54,22818.02,31152.03
2018-05-16,2459.82,22717.23,31110.2
2018-05-17,2448.45,22838.37,30942.15
2018-05-18,2460.65,22930.36,31047.91
2018-05-21,2465.57,23002.37,31234.35
2018-05-22,,22960.34,
2018-05-23,2471.91,22689.74,30665.64
2018-05-24,2466.01,22437.01,30760.41
2018-05-25,2460.8,22450.79,30588.04
2018-05-28,2478.96,22481.09,30792.26
2018-05-29,2457.25,22358.43,30484.58
2018-05-30,2409.03,22018.52,30056.79
2018-05-31,2423.01,22201.82,30468.56
2018-06-01,2438.96,22171.35,30492.91
2018-06-04,2447.76,22475.94,30997.98
2018-06-05,2453.76,22539.54,31093.45
2018-06-06,,22625.73,31259.1
2018-06-07,2470.58,22823.26,31512.63
2018-06-08,2451.58,22694.5,30958.21
2018-06-11,2470.15,22804.04,31063.7
2018-06-12,2468.83,22878.35,31103.06
2018-06-13,,22966.38,30725.15
2018-06-14,2423.48,22738.61,30440.17
2018-06-15,2404.04,22851.75,30309.49
2018-06-18,2376.24,22680.33,
2018-06-19,2340.11,22278.48,29468.15
2018-06-20,2363.91,22555.43,29696.17
2018-06-21,2337.83,22693.04,29296.05
2018-06-22,2357.22,22516.83,29338.7
2018-06-25,2357.88,22338.15,28961.39
2018-06-26,2350.92,22342.0,28881.4
2018-06-27,2342.03,22271.77,28356.26
2018-06-28,2314.24,22270.39,28497.32
2018-06-29,2326.13,22304.51,28955.11
2018-07-02,2271.54,21811.93,
2018-07-03,2272.76,21785.54,28545.57
2018-07-04,2265.46,21717.04,28241.67
2018-07-05,2257.55,21546.99,28182.09
2018-07-06,2272.87,21788.14,28315.62
2018-07-09,2285.8,22052.18,28688.5
2018-07-10,2294.16,22196.89,28682.25
2018-07-11,2280.62,21932.21,28311.69
2018-07-12,2285.06,22187.96,28480.83
2018-07-13,2310.9,22597.35,28525.44
2018-07-16,2301.99,,28539.66
2018-07-17,2297.92,22697.36,28181.68
2018-07-18,2290.11,22794.19,28117.42
2018-07-19,2282.29,22764.68,28010.86
2018-07-20,2289.19,22697.88,28224.48
2018-07-23,2269.31,22396.99,28256.12
2018-07-24,2280.2,22510.48,28662.57
2018-07-25,2273.03,22614.25,28920.9
2018-07-26,2289.06,22586.87,28781.14
2018-07-27,2294.99,22712.75,28804.28
2018-07-30,2293.51,22544.84,28733.13
2018-07-31,2295.26,22553.72,28583.01
2018-08-01,2307.07,22746.7,28340.74
2018-08-02,2270.2,22512.53,27714.56
2018-08-03,2287.68,22525.18,27676.32
2018-08-06,2286.5,22507.32,27819.56
2018-08-07,2300.16,22662.74,28248.88
2018-08-08,2301.45,22644.31,28359.14
2018-08-09,2303.71,22598.39,28607.3
2018-08-10,2282.79,22298.08,28366.62
2018-08-13,2248.45,21857.43,27936.57
2018-08-14,2258.91,22356.08,27752.93
2018-08-15,,22204.22,27323.59
2018-08-16,2240.8,22192.04,27100.06
2018-08-17,2247.05,22270.38,27213.41
2018-08-20,2247.88,22199.0,27598.02
2018-08-21,2270.06,22219.73,27752.79
2018-08-22,2273.33,22362.55,27927.58
2018-08-23,2282.6,22410.82,27790.46
2018-08-24,2293.21,22601.77,27671.87
2018-08-27,2299.3,22799.64,28271.27
2018-08-28,2303.12,22813.47,28351.62
2018-08-29,2309.03,22848.22,28416.44
2018-08-30,2307.35,22869.5,28164.05
2018-08-31,2322.88,22865.15,27888.55
2018-09-03,2307.03,22707.38,27712.54
2018-09-04,2315.72,22696.9,27973.34
2018-09-05,2291.77,22580.83,27243.85
2018-09-06,2287.61,22487.94,26974.82
2018-09-07,2281.58,22307.06,26973.47
2018-09-10,2288.66,22373.09,26613.42
2018-09-11,2283.2,22664.69,26422.55
2018-09-12,2282.92,22604.61,26345.04
2018-09-13,2286.23,22821.32,27014.49
2018-09-14,2318.25,23094.67,27286.41
2018-09-17,2303.01,,26932.85
2018-09-18,2308.98,23420.54,27084.66
2018-09-19,2308.46,23672.52,27407.37
2018-09-20,2323.45,23674.93,27477.67
2018-09-21,2339.17,23869.93,27953.58
2018-09-24,,,27499.39
2018-09-25,,23940.26,
2018-09-26,,24033.79,27816.87
2018-09-27,2355.43,23796.74,27715.67
2018-09-28,2343.07,24120.04,27788.52
2018-10-01,2338.88,24245.76,
2018-10-02,2309.57,24270.62,27126.38
2018-10-03,,24110.96,27091.26
2018-10-04,2274.49,23975.62,26623.87
2018-10-05,2267.52,23783.72,26572.57
2018-10-08,2253.83,,26202.57
2018-10-09,,23469.39,26172.91
2018-10-10,2228.61,23506.04,26193.07
2018-10-11,2129.67,22590.86,25266.37
2018-10-12,2161.85,22694.66,25801.49
2018-10-15,2145.12,22271.3,25445.06
2018-10-16,2145.12,22549.24,25462.26
2018-10-17,2167.51,22841.12,
2018-10-18,2148.31,22658.16,25454.55
2018-10-19,2156.26,22532.08,25561.4
2018-10-22,2161.71,22614.82,26153.15
2018-10-23,2106.1,22010.78,25346.55
2018-10-24,2097.58,22091.18,25249.78
2018-10-25,2063.3,21268.73,24994.46
2018-10-26,2027.15,21184.6,24717.63
2018-10-29,1996.05,21149.8,24812.04
2018-10-30,2014.69,21457.29,24585.53
2018-10-31,2029.69,21920.46,24979.69
2018-11-01,2024.46,21687.65,25416.0
2018-11-02,2096.0,22243.66,26486.35
2018-11-05,2076.92,21898.99,25934.39
2018-11-06,2089.62,22147.75,26120.96
2018-11-07,2078.69,22085.8,26147.69
2018-11-08,2092.63,22486.92,26227.72
2018-11-09,2086.09,22250.25,25601.92
2018-11-12,2080.44,22269.88,25633.18
2018-11-13,2071.23,21810.52,25792.87
2018-11-14,2068.05,21846.48,25654.43
2018-11-15,2088.06,21803.62,26103.34
2018-11-16,2092.4,21680.34,26183.53
2018-11-19,2100.56,21821.16,26372.0
2018-11-20,2082.58,21583.12,25840.34
2018-11-21,2076.55,21507.54,25971.47
2018-11-22,2069.95,21646.55,26019.41
2018-11-23,2057.48,,25927.68
2018-11-26,2083.02,21812.0,26376.18
2018-11-27,2099.42,21952.4,26331.96
2018-11-28,2108.22,22177.02,26682.56
2018-11-29,2114.1,22262.6,26451.03
2018-11-30,2096.86,22351.06,26506.75
2018-12-03,2131.93,22574.76,27182.04
2018-12-04,2114.35,22036.05,27260.44
2018-12-05,2101.31,21919.33,26819.68
2018-12-06,2068.69,21501.62,26156.38
2018-12-07,2075.76,21678.68,26063.76
2018-12-10,2053.79,21219.5,25752.38
2018-12-11,2052.97,21148.02,25771.67
2018-12-12,2082.57,21602.75,26186.71
2018-12-13,2095.55,21816.19,26524.35
2018-12-14,2069.38,21374.83,26094.79
2018-12-17,2071.09,21506.88,26087.98
2018-12-18,2062.11,21115.45,25814.25
2018-12-19,2078.84,20987.92,25865.39
2018-12-20,2060.12,20392.58,25623.53
2018-12-21,2061.49,20166.19,25753.42
2018-12-24,2055.01,,25651.38
2018-12-25,,19155.74,
2018-12-26,2028.01,19327.06,
2018-12-27,2028.44,20077.62,25478.88
2018-12-28,2041.04,20014.77,25504.2
2018-12-31,,,25845.7
2019-01-02,2010.0,,25130.35
2019-01-03,1993.7,,25064.36
2019-01-04,2010.25,19561.96,25626.03
2019-01-07,2037.1,20038.97,25835.7
2019-01-08,2025.27,20204.04,25875.45
2019-01-09,2064.71,20427.06,26462.32
2019-01-10,2063.28,20163.8,26521.43
2019-01-11,2075.57,20359.7,26667.27
2019-01-14,2064.52,,26298.33
2019-01-15,2097.18,20555.29,26830.29
2019-01-16,2106.1,20442.75,26902.1
2019-01-17,2107.06,20402.27,26755.63
2019-01-18,2124.28,20666.07,27090.81
2019-01-21,2124.61,20719.33,27196.54
2019-01-22,2117.77,20622.91,27005.45
2019-01-23,2127.78,20593.72,27008.2
2019-01-24,2145.03,20574.63,27120.98
2019-01-25,2177.73,20773.56,27569.19
2019-01-28,2177.3,20649.0,27576.96
2019-01-29,2183.36,20664.64,27531.68
2019-01-30,2206.2,20556.54,27642.85
2019-01-31,2204.85,20773.49,27942.47
2019-02-01,2203.46,20788.39,27930.74
2019-02-04,,20883.77,27990.21
2019-02-05,,20844.45,
2019-02-06,,20874.06,
2019-02-07,2203.42,20751.28,
2019-02-08,2177.05,20333.17,27946.32
2019-02-11,2180.73,,28143.84
2019-02-12,2190.47,20864.21,28171.33
2019-02-13,2201.48,21144.48,28497.59
2019-02-14,2225.85,21139.71,28432.05
2019-02-15,2196.09,20900.63,27900.84
2019-02-18,2210.89,21281.85,28347.01
2019-02-19,2205.63,21302.65,28228.13
2019-02-20,2229.76,21431.49,28514.05
2019-02-21,2228.66,21464.23,28629.92
2019-02-22,2230.5,21425.51,28816.3
2019-02-25,2232.56,21528.23,28959.3
2019-02-26,2226.6,21449.39,28772.06
2019-02-27,2234.79,21556.51,28757.44
2019-02-28,2195.44,21385.16,28633.18
2019-03-01,,21602.69,28812.17
2019-03-04,2190.66,21822.04,28959.59
2019-03-05,2179.23,21726.28,28961.6
2019-03-06,2175.6,21596.81,29037.6
2019-03-07,2165.79,21456.01,28779.45
2019-03-08,2137.44,21025.56,28228.42
2019-03-11,2138.1,21125.09,28503.3
2019-03-12,2157.18,21503.69,28920.87
2019-03-13,2148.41,21290.24,28807.45
2019-03-14,2155.68,21287.02,28851.39
2019-03-15,2176.11,21450.85,29012.26
2019-03-18,2179.49,21584.5,29409.01
2019-03-19,2177.62,21566.85,29466.28
2019-03-20,2177.1,21608.92,29320.97
2019-03-21,2184.88,,29071.56
2019-03-22,2186.95,21627.34,29113.36
2019-03-25,2144.86,20977.11,28523.35
2019-03-26,2148.8,21428.39,28566.91
2019-03-27,2145.62,21378.73,28728.25
2019-03-28,2128.1,21033.76,28775.21
2019-03-29,2140.67,21205.81,29051.36
2019-04-01,2168.28,21509.03,29562.02
2019-04-02,2177.18,21505.31,29624.67
2019-04-03,2203.27,21713.21,29986.39
2019-04-04,2206.53,21724.95,29936.32
2019-04-05,2209.61,21807.5,
2019-04-08,2210.6,21761.65,30077.15
2019-04-09,2213.56,21802.59,30157.49
2019-04-10,2224.39,21687.57,30119.56
2019-04-11,2224.44,21711.38,29839.45
2019-04-12,2233.45,21870.56,29909.76
2019-04-15,2242.88,22169.11,29810.72
2019-04-16,2248.63,22221.66,30129.87
2019-04-17,2245.89,22277.97,30124.68
2019-04-18,2213.77,22090.12,29963.26
2019-04-19,2216.15,22200.56,
2019-04-22,2216.65,22217.9,
2019-04-23,2220.51,22259.74,29963.24
2019-04-24,2201.03,22200.0,29805.83
2019-04-25,2190.5,22307.58,29549.8
2019-04-26,2179.31,22258.73,29605.01
2019-04-29,2216.43,,29892.81
2019-04-30,2203.59,,29699.11
2019-05-01,,,
2019-05-02,2212.75,,29944.18
2019-05-03,2196.32,,30081.55
2019-05-06,,,29209.82
2019-05-07,2176.99,21923.72,29363.02
2019-05-08,2168.01,21602.59,29003.2
2019-05-09,2102.01,21402.13,28311.07
2019-05-10,2108.04,21344.92,28550.24
2019-05-13,2079.01,21191.28,
2019-05-14,2081.84,21067.23,28122.02
2019-05-15,2092.78,21188.56,28268.71
2019-05-16,2067.69,21062.98,28275.07
2019-05-17,2055.8,21250.09,27946.46
2019-05-20,2055.71,21301.73,27787.61
2019-05-21,2061.25,21272.45,27657.24
2019-05-22,2064.86,21283.37,27705.94
2019-05-23,2059.59,21151.14,27267.13
2019-05-24,2045.31,21117.22,27353.93
2019-05-27,2044.21,21182.58,27288.09
2019-05-28,2048.83,21260.14,27390.81
2019-05-29,2023.32,21003.37,27235.71
2019-05-30,2038.8,20942.53,27114.88
2019-05-31,2041.74,20601.19,26901.09
2019-06-03,2067.85,20410.88,26893.86
2019-06-04,2066.97,20408.54,26761.52
2019-06-05,2069.11,20776.1,26895.44
2019-06-06,,20774.04,26965.28
2019-06-07,2072.33,20884.71,
2019-06-10,2099.49,21134.42,27578.64
2019-06-11,2111.81,21204.28,27789.34
2019-06-12,2108.75,21129.72,27308.46
2019-06-13,2103.15,21032.0,27294.71
2019-06-14,2095.41,21116.89,27118.35
2019-06-17,2090.73,21124.0,27227.16
2019-06-18,2098.71,20972.71,27498.77
2019-06-19,2124.78,21333.87,28202.14
2019-06-20,2131.29,21462.86,28550.43
2019-06-21,2125.62,21258.64,28473.71
2019-06-24,2126.33,21285.99,28513.0
2019-06-25,2121.64,21193.81,28185.98
2019-06-26,2121.85,21086.59,28221.98
2019-06-27,2134.32,21338.17,28621.42
2019-06-28,2130.62,21275.92,28542.62
2019-07-01,2129.74,21729.97,
2019-07-02,2122.02,21754.27,28875.56
2019-07-03,2096.02,21638.16,28855.14
2019-07-04,2108.73,21702.45,28795.77
2019-07-05,2110.59,21746.38,28774.83
2019-07-08,2064.17,21534.35,28331.69
2019-07-09,2052.03,21565.15,28116.28
2019-07-10,2058.78,21533.48,28204.69
2019-07-11,2080.58,21643.53,28431.8
2019-07-12,2086.66,21685.9,28471.62
2019-07-15,2082.48,,28554.88
2019-07-16,2091.87,21535.25,28619.62
2019-07-17,2072.92,21469.18,28593.17
2019-07-18,2066.55,21046.24,28461.66
2019-07-19,2094.36,21466.99,28765.4
2019-07-22,2093.34,21416.79,28371.26
2019-07-23,2101.45,21620.88,28466.48
2019-07-24,2082.3,21709.57,28524.04
2019-07-25,2074.48,21756.55,28594.3
2019-07-26,2066.26,21658.15,28397.74
2019-07-29,2029.48,21616.8,28106.41
2019-07-30,2038.68,21709.31,28146.5
2019-07-31,2024.55,21521.53,27777.75
2019-08-01,2017.34,21540.99,27565.7
2019-08-02,1998.13,21087.16,26918.58
2019-08-05,1946.98,20720.29,26151.32
2019-08-06,1917.5,20585.31,25976.24
2019-08-07,1909.71,20516.56,25997.03
2019-08-08,1920.61,20593.35,26120.77
2019-08-09,1937.75,20684.82,25939.3
2019-08-12,1942.29,,25824.72
2019-08-13,1925.83,20455.44,25281.3
2019-08-14,1938.37,20655.13,25302.28
2019-08-15,,20405.65,25495.46
2019-08-16,1927.17,20418.81,25734.22
2019-08-19,1939.9,20563.16,26291.84
2019-08-20,1960.25,20677.22,26231.54
2019-08-21,1964.65,20618.57,26270.04
2019-08-22,1951.01,20628.01,26048.72
2019-08-23,1948.3,20710.91,26179.33
2019-08-26,1916.31,20261.04,25680.33
2019-08-27,1924.6,20456.08,25664.07
2019-08-28,1941.09,20479.42,25615.48
2019-08-29,1933.41,20460.93,25703.5
2019-08-30,1967.79,20704.37,25724.73
2019-09-02,1969.19,20620.19,25626.55
2019-09-03,1965.69,20625.16,25527.85
2019-09-04,1988.53,20649.14,26523.23
2019-09-05,2004.75,21085.94,26515.53
2019-09-06,2009.13,21199.57,26690.76
2019-09-09,2019.55,21318.42,26681.4
2019-09-10,2032.08,21392.1,26683.68
2019-09-11,2049.2,21597.76,27159.06
2019-09-12,,21759.61,27087.63
2019-09-13,,21988.29,27352.69
2019-09-16,2062.22,,27124.55
2019-09-17,2062.33,22001.32,26790.24
2019-09-18,2070.73,21960.71,26754.12
2019-09-19,2080.35,22044.45,26468.95
2019-09-20,2091.52,22079.09,26435.67
2019-09-23,2091.7,,26222.4
2019-09-24,2101.04,22098.84,26281.0
2019-09-25,2073.39,22020.15,25945.35
2019-09-26,2074.52,22048.24,26041.93
2019-09-27,2049.93,21878.9,25954.81
2019-09-30,2063.05,21755.84,26092.27
2019-10-01,2072.42,21885.24,
2019-10-02,2031.91,21778.61,26042.69
2019-10-03,,21341.74,26110.31
2019-10-04,2020.69,21410.2,25821.03
2019-10-07,2021.73,21375.25,
2019-10-08,2046.25,21587.78,25893.4
2019-10-09,,21456.38,25682.81
2019-10-10,2028.15,21551.98,25707.93
2019-10-11,2044.61,21798.87,26308.44
2019-10-14,2067.4,,26521.85
2019-10-15,2068.17,22207.21,26503.93
2019-10-16,2082.83,22472.92,26664.28
2019-10-17,2077.94,22451.86,26848.49
2019-10-18,2060.69,22492.68,26719.58
2019-10-21,2064.84,22548.9,26725.68
2019-10-22,2088.86,,26786.2
2019-10-23,2080.62,22625.38,26566.73
2019-10-24,2085.66,22750.6,26797.95
2019-10-25,2087.89,22799.81,26667.39
2019-10-28,2093.6,22867.27,26891.26
2019-10-29,2092.69,22974.13,26786.76
2019-10-30,2080.27,22843.12,26667.71
2019-10-31,2083.48,22927.04,26906.72
2019-11-01,2100.2,22850.77,27100.76
2019-11-04,2130.24,,27547.3
2019-11-05,2142.64,23251.99,27683.4
2019-11-06,2144.15,23303.82,27688.64
2019-11-07,2144.29,23330.32,27847.23
2019-11-08,2137.23,23391.87,27651.14
2019-11-11,2124.09,23331.84,26926.55
2019-11-12,2140.92,23520.01,27065.28
2019-11-13,2122.45,23319.87,26571.46
2019-11-14,2139.23,23141.55,26323.69
2019-11-15,2162.18,23303.32,26326.66
2019-11-18,2160.69,23416.76,26681.09
2019-11-19,2153.24,23292.65,27093.8
2019-11-20,2125.32,23148.57,26889.61
2019-11-21,2096.6,23038.58,26466.88
2019-11-22,2101.96,23112.88,26595.08
2019-11-25,2123.5,23292.81,26993.04
2019-11-26,2121.35,23373.32,26913.92
2019-11-27,2127.85,23437.77,26954.0
2019-11-28,2118.6,23409.14,26893.73
2019-11-29,2087.96,23293.91,26346.49
2019-12-02,2091.92,23529.5,26444.72
2019-12-03,2084.07,23379.81,26391.3
2019-12-04,2068.89,23135.23,26062.56
2019-12-05,2060.74,23300.09,26217.04
2019-12-06,2081.85,23354.4,26498.37
2019-12-09,2088.65,23430.7,26494.73
2019-12-10,2098.0,23410.19,26436.62
2019-12-11,2105.62,23391.86,26645.43
2019-12-12,2137.35,23424.81,26994.14
2019-12-13,2170.25,24023.1,27687.76
2019-12-16,2168.15,23952.35,27508.09
2019-12-17,2195.68,24066.12,27843.71
2019-12-18,2194.76,23934.43,27884.21
2019-12-19,2196.56,23864.85,27800.49
2019-12-20,2204.18,23816.63,27871.35
2019-12-23,2203.71,23821.11,27906.41
2019-12-24,2190.08,23830.58,27864.21
2019-12-25,,23782.87,
2019-12-26,2197.93,23924.92,
2019-12-27,2204.21,23837.72,28225.42
2019-12-30,2197.67,23656.62,28319.39
2019-12-31,,,28189.75
2020-01-02,2175.17,,28543.52
2020-01-03,2176.46,,28451.5
2020-01-06,2155.07,23204.86,28226.19
2020-01-07,2175.54,23575.72,28322.06
2020-01-08,2151.31,23204.76,28087.92
2020-01-09,2186.45,23739.87,28561.0
2020-01-10,2206.39,23850.57,28638.2
2020-01-13,2229.26,,28954.94
2020-01-14,2238.88,24025.17,28885.14
2020-01-15,2230.98,23916.58,28773.59
2020-01-16,2248.05,23933.13,28883.04
2020-01-17,2250.57,24041.26,29056.42
2020-01-20,2262.64,24083.51,28795.91
2020-01-21,2239.69,23864.56,27985.33
2020-01-22,2267.25,24031.35,28341.04
2020-01-23,2246.13,23795.44,27909.12
2020-01-24,,23827.18,27949.64
2020-01-27,,23343.51,
2020-01-28,2176.72,23215.71,
2020-01-29,2185.28,23379.4,27160.63
2020-01-30,2148.0,22977.75,26449.13
2020-01-31,2119.01,23205.18,26312.63
2020-02-03,2118.88,22971.94,26356.98
2020-02-04,2157.9,23084.59,26675.98
2020-02-05,2165.63,23319.56,26786.74
2020-02-06,2227.94,23873.59,27493.7
2020-02-07,2211.95,23827.98,27404.27
2020-02-10,2201.07,23685.98,27241.34
2020-02-11,2223.12,,27583.88
2020-02-12,2238.38,23861.21,27823.66
2020-02-13,2232.96,23827.73,27730.0
2020-02-14,2243.59,23687.59,27815.6
2020-02-17,2242.17,23523.24,27959.6
2020-02-18,2208.88,23193.8,27530.2
2020-02-19,2210.34,23400.7,27655.81
2020-02-20,2195.5,23479.15,27609.16
2020-02-21,2162.84,23386.74,27308.81
2020-02-24,2079.04,,26820.88
2020-02-25,2103.61,22605.41,26893.23
2020-02-26,2076.77,22426.19,26696.49
2020-02-27,2054.89,21948.23,26778.62
2020-02-28,1987.01,21142.96,26129.93
2020-03-02,2002.51,21344.08,26291.68
2020-03-03,2014.15,21082.73,26284.82
2020-03-04,2059.33,21100.06,26222.07
2020-03-05,2085.26,21329.12,26767.87
2020-03-06,2040.22,20749.75,26146.67
2020-03-09,1954.77,19698.76,25040.46
2020-03-10,1962.93,19867.12,25392.51
2020-03-11,1908.27,19416.06,25231.61
2020-03-12,1834.33,18559.63,24309.07
2020-03-13,1771.44,17431.05,24032.91
2020-03-16,1714.86,17002.04,23063.57
2020-03-17,1672.44,17011.53,23263.73
2020-03-18,1591.2,16726.55,22291.82
2020-03-19,1457.64,16552.83,21709.13
2020-03-20,1566.15,,22805.07
2020-03-23,1482.46,16887.78,21696.13
2020-03-24,1609.97,18092.35,22663.49
2020-03-25,1704.76,19546.63,23527.19
2020-03-26,1686.24,18664.6,23352.34
2020-03-27,1717.73,19389.43,23484.28
2020-03-30,1717.12,19084.97,23175.11
2020-03-31,1754.64,18917.01,23603.48
2020-04-01,1685.46,18065.41,23085.79
2020-04-02,1724.86,17818.72,23280.06
2020-04-03,1725.44,17820.19,23236.11
2020-04-06,1791.88,18576.3,23749.12
2020-04-07,1823.6,18950.18,24253.29
2020-04-08,1807.14,19353.24,23970.37
2020-04-09,1836.21,19345.77,24300.33
2020-04-10,1860.7,19498.5,
2020-04-13,1825.76,19043.4,
2020-04-14,1857.08,19638.81,24435.4
2020-04-15,,19550.09,24145.34
2020-04-16,1857.07,19290.2,24006.45
2020-04-17,1914.53,19897.26,24380.0
2020-04-20,1898.36,19669.12,24330.02
2020-04-21,1879.38,19280.78,23793.55
2020-04-22,1896.15,19137.95,23893.36
2020-04-23,1914.73,19429.44,23977.32
2020-04-24,1889.01,19262.0,23831.33
2020-04-27,1922.77,19783.22,24280.14
2020-04-28,1934.09,19771.19,24575.96
2020-04-29,1947.56,,24643.59
2020-04-30,,20193.69,
2020-05-01,,19619.35,
2020-05-04,1895.37,,23613.8
2020-05-05,,,23868.66
2020-05-06,1928.76,,24137.48
2020-05-07,1928.61,19674.77,23980.63
2020-05-08,1945.82,20179.09,24230.17
2020-05-11,1935.4,20390.66,24602.06
2020-05-12,1922.17,20366.48,24245.68
2020-05-13,1940.42,20267.05,24180.3
2020-05-14,1924.96,19914.78,23829.74
2020-05-15,1927.28,20037.47,23797.47
2020-05-18,1937.11,20133.73,23934.77
2020-05-19,1980.61,20433.45,24388.13
2020-05-20,1989.64,20595.15,24399.95
2020-05-21,1998.31,20552.31,24280.03
2020-05-22,1970.13,20388.16,22930.14
2020-05-25,1994.6,20741.65,22952.24
2020-05-26,2029.78,21271.17,23384.66
2020-05-27,2031.2,21419.23,23301.36
2020-05-28,2028.54,21916.31,23132.76
2020-05-29,2029.6,21877.89,22961.47
2020-06-01,2065.08,22062.39,23732.52
2020-06-02,2087.19,22325.61,23995.94
2020-06-03,2147.0,22613.76,24325.62
2020-06-04,2151.18,22695.74,24366.3
2020-06-05,2181.87,22863.73,24770.41
2020-06-08,2184.29,23178.1,24776.77
2020-06-09,2188.92,23091.03,25057.22
2020-06-10,2195.69,23124.95,25049.73
2020-06-11,2176.78,22472.91,24480.15
2020-06-12,2132.3,22305.48,24301.38
2020-06-15,2030.82,21530.95,23776.95
2020-06-16,2138.05,22582.21,24344.09
2020-06-17,2141.05,22455.76,24481.41
2020-06-18,2133.48,22355.46,24464.94
2020-06-19,2141.32,22478.79,24643.89
2020-06-22,2126.73,22437.27,24511.34
2020-06-23,2131.24,22549.05,24907.34
2020-06-24,2161.51,22534.32,24781.58
2020-06-25,2112.37,22259.79,
2020-06-26,2134.65,22512.08,24549.99
2020-06-29,2093.48,21995.04,24301.28
2020-06-30,2108.33,22288.14,24427.19
2020-07-01,2106.7,22121.73,
2020-07-02,2135.37,22145.96,25124.19
2020-07-03,2152.41,22306.48,25373.12
2020-07-06,2187.93,22714.44,26339.16
2020-07-07,2164.17,22614.69,25975.66
2020-07-08,2158.88,22438.65,26129.18
2020-07-09,2167.9,22529.29,26210.16
2020-07-10,2150.25,22290.81,25727.41
2020-07-13,2186.06,22784.74,25772.12
2020-07-14,2183.61,22587.01,25477.89
2020-07-15,2201.88,22945.5,25481.58
2020-07-16,2183.76,22770.36,24970.69
2020-07-17,2201.19,22696.42,25089.17
2020-07-20,2198.2,22717.48,25057.99
2020-07-21,2228.83,22884.22,25635.66
2020-07-22,2228.66,22751.61,25057.94
2020-07-23,2216.19,,25263.0
2020-07-24,2200.44,,24705.33
2020-07-27,2217.86,22715.85,24603.26
2020-07-28,2256.99,22657.38,24772.76
2020-07-29,2263.16,22397.11,24883.14
2020-07-30,2267.01,22339.23,24710.59
2020-07-31,2249.37,21710.0,24595.35
2020-08-03,2251.04,22195.38,24458.13
2020-08-04,2279.97,22573.66,24946.63
2020-08-05,2311.86,22514.85,25102.54
2020-08-06,2342.61,22418.15,24930.58
2020-08-07,2351.67,22329.94,24531.62
2020-08-10,2386.38,,24377.43
2020-08-11,2418.67,22750.24,24890.68
2020-08-12,2432.35,22843.96,25244.02
2020-08-13,2437.53,23249.61,25230.67
2020-08-14,2407.49,23289.36,25183.01
2020-08-17,,23096.75,25347.34
2020-08-18,2348.24,23051.08,25367.38
2020-08-19,2360.54,23110.61,25178.91
2020-08-20,2274.22,22880.62,24791.39
2020-08-21,2304.59,22920.3,25113.84
2020-08-24,2329.83,22985.51,25551.58
2020-08-25,2366.73,23296.77,25486.22
2020-08-26,2369.32,23290.86,25491.79
2020-08-27,2344.45,23208.86,25281.15
2020-08-28,2353.8,22882.65,25422.06
2020-08-31,2326.17,23139.76,25177.05
2020-09-01,2349.55,23138.07,25184.85
2020-09-02,2364.37,23247.15,25120.09
2020-09-03,2395.9,23465.53,25007.6
2020-09-04,2368.25,23205.43,24695.45
2020-09-07,2384.22,23089.95,24589.65
2020-09-08,2401.91,23274.13,24624.34
2020-09-09,2375.81,23032.54,24468.93
2020-09-10,2396.48,23235.47,24313.54
2020-09-11,2396.69,23406.49,24503.31
2020-09-14,2427.91,23559.3,24640.28
2020-09-15,2443.58,23454.89,24732.76
2020-09-16,2435.92,23475.53,24725.63
2020-09-17,2406.17,23319.37,24340.85
2020-09-18,2412.4,23360.3,24455.41
2020-09-21,2389.39,,23950.69
2020-09-22,2332.59,,23716.85
2020-09-23,2333.24,23346.49,23742.51
2020-09-24,2272.7,23087.82,23311.07
2020-09-25,2278.79,23204.62,23235.42
2020-09-28,2308.08,23511.62,23476.05
2020-09-29,2327.89,23539.1,23275.53
2020-09-30,,23185.12,23459.05
2020-10-01,,23185.12,
2020-10-02,,23029.9,
2020-10-05,2358.0,23312.14,23767.78
2020-10-06,2365.9,23433.73,23980.65
2020-10-07,2386.94,23422.82,24242.86
2020-10-08,2391.96,23647.07,24193.35
2020-10-09,,23619.69,24119.13
2020-10-12,2403.73,23558.69,24649.68
2020-10-13,2403.15,23601.78,
2020-10-14,2380.48,23626.73,24667.09
2020-10-15,2361.21,23507.23,24158.54
2020-10-16,2341.53,23410.63,24386.79
2020-10-19,2346.74,23671.13,24542.26
2020-10-20,2358.41,23567.04,24569.54
2020-10-21,2370.86,23639.46,24754.42
2020-10-22,2355.05,23474.27,24786.13
2020-10-23,2360.81,23516.59,24918.78
2020-10-26,2343.91,23494.34,
2020-10-27,2330.84,23485.8,24787.19
2020-10-28,2345.26,23418.51,24708.8
2020-10-29,2326.67,23331.94,24586.6
2020-10-30,2267.15,22977.13,24107.42
2020-11-02,2300.16,23295.48,24460.01
2020-11-03,2343.31,,24939.73
2020-11-04,2357.32,23695.23,24886.14
2020-11-05,2413.79,24105.28,25695.92
2020-11-06,2416.5,24325.23,25712.97
2020-11-09,2447.2,24839.84,26016.17
2020-11-10,2452.83,24905.59,26301.48
2020-11-11,2485.87,25349.6,26226.98
2020-11-12,2475.62,25520.88,26169.38
2020-11-13,2493.87,25385.87,26156.86
2020-11-16,2543.03,25906.93,26381.67
2020-11-17,2539.15,26014.62,26415.09
2020-11-18,2545.64,25728.14,26544.29
2020-11-19,2547.42,25634.34,26356.97
2020-11-20,2553.5,25527.37,26451.54
2020-11-23,2602.59,,26486.2
2020-11-24,2617.76,26165.59,26588.2
2020-11-25,2601.54,26296.86,26669.75
2020-11-26,2625.91,26537.31,26819.45
2020-11-27,2633.45,26644.71,26894.68
2020-11-30,2591.34,26433.62,26341.49
2020-12-01,2634.25,26787.54,26567.68
2020-12-02,2675.9,26800.98,26532.58
2020-12-03,2696.22,26809.37,26728.5
2020-12-04,2731.45,26751.24,26835.92
2020-12-07,2745.44,26547.44,26506.85
2020-12-08,2700.93,26467.08,26304.56
2020-12-09,2755.47,26817.94,26502.84
2020-12-10,2746.46,26756.24,26410.59
2020-12-11,2770.06,26652.52,26505.87
2020-12-14,2762.2,26732.44,26389.52
2020-12-15,2756.82,26687.84,26207.29
2020-12-16,2771.79,26757.4,26460.29
2020-12-17,2770.43,26806.67,26678.38
2020-12-18,2772.18,26763.39,26498.6
2020-12-21,2778.65,26714.42,26306.68
2020-12-22,2733.68,26436.39,26119.25
2020-12-23,2759.82,26524.79,26343.1
2020-12-24,2806.86,26668.35,26386.56
2020-12-25,,26656.61,
2020-12-28,2808.6,26854.03,26314.63
2020-12-29,2820.51,27568.15,26568.49
2020-12-30,2873.47,27444.17,27147.11
2020-12-31,,,27231.13
2021-01-04,2944.45,27258.38,27472.81
2021-01-05,2990.57,27158.63,27649.86
2021-01-06,2968.21,27055.94,27692.3
2021-01-07,3031.68,27490.13,27548.52
2021-01-08,3152.18,28139.03,27878.22
2021-01-11,3148.45,,27908.22
2021-01-12,3125.95,28164.34,28276.75
2021-01-13,3148.29,28456.59,28235.6
2021-01-14,3149.93,28698.26,28496.86
2021-01-15,3085.9,28519.18,28573.86
2021-01-18,3013.93,28242.21,28862.77
2021-01-19,3092.66,28633.46,29642.28
2021-01-20,3114.55,28523.26,29962.47
2021-01-21,3160.84,28756.86,29927.76
2021-01-22,3140.63,28631.45,29447.85
2021-01-25,3208.99,28822.29,30159.01
2021-01-26,3140.31,28546.18,29391.26
2021-01-27,3122.56,28635.21,29297.53
2021-01-28,3069.05,28197.42,28550.77
2021-01-29,2976.21,27663.39,28283.71
2021-02-01,3056.53,28091.05,28892.86
2021-02-02,3096.81,28362.17,29248.7
2021-02-03,3129.68,28646.5,29307.46
2021-02-04,3087.55,28341.95,29113.5
2021-02-05,3120.63,28779.19,29288.68
2021-02-08,3091.24,29388.5,29319.47
2021-02-09,3084.67,29505.93,29476.19
2021-02-10,3100.58,29562.93,30038.72
2021-02-11,,,30173.57
2021-02-12,,29520.07,
2021-02-15,3147.0,30084.15,
2021-02-16,3163.25,30467.75,30746.66
2021-02-17,3133.73,30292.19,31084.94
2021-02-18,3086.66,30236.09,30595.27
2021-02-19,3107.62,30017.92,30644.73
2021-02-22,3079.75,30156.03,30319.83
2021-02-23,3070.09,,30632.64
2021-02-24,2994.98,29671.7,29718.24
2021-02-25,3099.69,30168.27,30074.17
2021-02-26,3012.95,28966.01,28980.21
2021-03-01,,29663.5,29452.57
2021-03-02,3043.87,29408.17,29095.86
2021-03-03,3082.99,29559.1,29880.42
2021-03-04,3043.49,28930.11,29236.79
2021-03-05,3026.26,28864.32,29098.29
2021-03-08,2996.11,28743.25,28540.83
2021-03-09,2976.12,29027.94,28773.23
2021-03-10,2958.12,29036.56,28907.52
2021-03-11,3013.7,29211.64,29385.61
2021-03-12,3054.39,29717.83,28739.72
2021-03-15,3045.71,29766.97,28833.76
2021-03-16,3067.17,29921.09,29027.69
2021-03-17,3047.5,29914.33,29034.12
2021-03-18,3066.01,30216.75,29405.72
2021-03-19,3039.53,29792.05,28990.94
2021-03-22,3035.46,29174.15,28885.34
2021-03-23,3004.74,28995.92,28497.38
2021-03-24,2996.35,28405.52,27918.14
2021-03-25,3008.33,28729.88,27899.61
2021-03-26,3041.01,29176.7,28336.43
2021-03-29,3036.04,29384.52,28338.3
2021-03-30,3070.0,29432.7,28577.5
2021-03-31,3061.42,29178.8,28378.35
2021-04-01,3087.4,29388.87,28938.74
2021-04-02,3112.8,29854.0,
2021-04-05,3120.83,30089.25,
2021-04-06,3127.08,29696.63,
2021-04-07,3137.41,29730.79,28674.8
2021-04-08,3143.26,29708.98,29008.07
2021-04-09,3131.88,29768.06,28698.8
2021-04-12,3135.59,29538.73,28453.28
2021-04-13,3169.08,29751.61,28497.25
2021-04-14,3182.38,29620.99,28900.83
2021-04-15,3194.33,29642.69,28793.14
2021-04-16,3198.62,29683.37,28969.71
2021-04-19,3198.84,29685.37,29106.15
2021-04-20,3220.7,29100.38,29135.73
2021-04-21,3171.66,28508.55,28621.92
2021-04-22,3177.52,29188.17,28755.34
2021-04-23,3186.1,29020.63,29078.75
2021-04-26,3217.53,29126.23,28952.83
2021-04-27,3215.42,28991.89,28941.54
2021-04-28,3181.47,29053.97,29071.34
2021-04-29,3174.07,,29303.26
2021-04-30,3147.86,28812.63,28724.88
2021-05-03,3127.2,,28357.54
2021-05-04,3147.37,,28557.14
2021-05-05,,,28417.98
2021-05-06,3178.74,29331.37,28637.46
2021-05-07,3197.2,29357.82,28610.65
2021-05-10,3249.3,29518.34,28595.66
2021-05-11,3209.43,28608.59,28013.81
2021-05-12,3161.66,28147.51,28231.04
2021-05-13,3122.11,27448.01,27718.67
2021-05-14,3153.32,28084.47,28027.57
2021-05-17,3134.52,27824.83,28194.09
2021-05-18,3173.05,28406.84,28593.81
2021-05-19,,28044.45,
2021-05-20,3162.28,28098.25,28450.29
2021-05-21,3156.42,28317.83,28458.44
2021-05-24,3144.3,28364.61,28412.26
2021-05-25,3171.32,28553.98,28910.86
2021-05-26,3168.43,28642.19,29166.01
2021-05-27,3165.51,28549.01,29113.2
2021-05-28,3188.73,29149.41,29124.41
2021-05-31,3203.92,28860.08,29151.8
2021-06-01,3221.87,28814.34,29468.0
2021-06-02,3224.23,28946.14,29297.62
2021-06-03,3247.43,29058.11,28966.03
2021-06-04,3240.08,28941.52,28918.1
2021-06-07,3252.12,29019.24,28787.28
2021-06-08,3247.83,28963.56,28781.38
2021-06-09,3216.18,28860.8,28742.63
2021-06-10,3224.64,28958.56,28738.88
2021-06-11,3249.32,28948.73,28842.13
2021-06-14,3252.13,29161.8,
2021-06-15,3258.63,29441.3,28638.53
2021-06-16,3278.68,29291.01,28436.84
2021-06-17,3264.96,29018.33,28558.59
2021-06-18,3267.93,28964.08,28801.27
2021-06-21,3240.79,28010.93,28489.0
2021-06-22,3263.88,28884.13,28309.76
2021-06-23,3276.19,28874.89,28817.07
2021-06-24,3286.1,28875.23,28882.46
2021-06-25,3302.84,29066.18,29288.22
2021-06-28,3301.89,29048.02,29268.3
2021-06-29,3286.68,28812.61,28994.1
2021-06-30,3296.68,28791.53,28827.95
2021-07-01,3282.06,28707.04,
2021-07-02,3281.78,28783.28,28310.42
2021-07-05,3293.21,28598.19,28143.5
2021-07-06,3305.21,28643.21,28072.86
2021-07-07,3285.34,28366.95,27960.62
2021-07-08,3252.68,28118.03,27153.13
2021-07-09,3217.95,27940.42,27344.54
2021-07-12,3246.47,28569.02,27515.24
2021-07-13,3271.38,28718.24,27963.41
2021-07-14,3264.81,28608.49,27787.46
2021-07-15,3286.22,28279.09,27996.27
2021-07-16,3276.91,28003.08,28004.68
2021-07-19,3244.04,27652.74,27489.78
2021-07-20,3232.7,27388.16,27259.25
2021-07-21,3215.91,27548.0,27224.58
2021-07-22,3250.21,,27723.84
2021-07-23,3254.42,,27321.98
2021-07-26,3224.95,27833.29,26192.32
2021-07-27,3232.53,27970.22,25086.43
2021-07-28,3236.86,27581.66,25473.88
2021-07-29,3242.65,27782.42,26315.32
2021-07-30,3202.32,27283.59,25961.03
2021-08-02,3223.04,27781.02,26235.8
2021-08-03,3237.14,27641.83,26194.82
2021-08-04,3280.38,27584.08,26426.55
2021-08-05,3276.13,27728.12,26204.69
2021-08-06,3270.36,27820.04,26179.4
2021-08-09,3260.42,,26283.4
2021-08-10,3243.19,27888.15,26605.62
2021-08-11,3220.62,28070.51,26660.16
2021-08-12,3208.38,28015.02,26517.82
2021-08-13,3171.29,27977.15,26391.62
2021-08-16,,27523.19,26181.46
2021-08-17,3143.09,27424.47,25745.87
2021-08-18,3158.93,27585.91,25867.01
2021-08-19,3097.83,27281.17,25316.33
2021-08-20,3060.51,27013.25,24849.72
2021-08-23,3090.21,27494.24,25109.59
2021-08-24,3138.3,27732.1,25727.92
2021-08-25,3146.81,27724.8,25693.95
2021-08-26,3128.53,27742.29,25415.69
2021-08-27,3133.9,27641.14,25407.89
2021-08-30,3144.19,27789.29,25539.54
2021-08-31,3199.27,28089.54,25878.99
2021-09-01,3207.02,28451.02,26028.29
2021-09-02,3175.85,28543.51,26090.43
2021-09-03,3201.06,29128.11,25901.99
2021-09-06,3203.33,29659.89,26163.63
2021-09-07,3187.42,29916.14,26353.63
2021-09-08,3162.99,30181.21,26320.93
2021-09-09,3114.7,30008.19,25716.0
2021-09-10,3125.76,30381.84,26205.91
2021-09-13,3127.86,30447.37,25813.81
2021-09-14,3148.83,30670.1,25502.23
2021-09-15,3153.4,30511.71,25033.21
2021-09-16,3130.09,30323.34,24667.85
2021-09-17,3140.51,30500.05,24920.76
2021-09-20,,,24099.14
2021-09-21,,29839.71,24221.54
2021-09-22,,29639.4,
2021-09-23,3127.58,,24510.98
2021-09-24,3125.24,30248.81,24192.16
2021-09-27,3133.64,30240.06,24208.78
2021-09-28,3097.92,30183.96,24500.39
2021-09-29,3060.27,29544.29,24663.5
2021-09-30,3068.82,29452.66,24575.64
2021-10-01,3019.18,28771.07,
2021-10-04,,28444.89,24036.37
2021-10-05,2962.17,27822.12,24104.15
2021-10-06,2908.31,27528.87,23966.49
2021-10-07,2959.46,27678.21,24701.73
2021-10-08,2956.3,28048.94,24837.85
2021-10-11,,28498.2,25325.09
2021-10-12,2916.38,28230.61,24962.59
2021-10-13,2944.41,28140.28,
2021-10-14,2988.64,28550.93,
2021-10-15,3015.06,29068.63,25330.96
2021-10-18,3006.68,29025.46,25409.75
2021-10-19,3029.04,29215.52,25787.21
2021-10-20,3013.13,29255.55,26136.02
2021-10-21,3007.33,28708.58,26017.53
2021-10-22,3006.16,28804.85,26126.93
2021-10-25,3020.54,28600.41,26132.03
2021-10-26,3049.08,29106.01,26038.27
2021-10-27,3025.49,29098.24,25628.74
2021-10-28,3009.55,28820.09,25555.73
2021-10-29,2970.68,28892.69,25377.24
2021-11-01,2978.94,29647.08,25154.32
2021-11-02,3013.49,29520.9,25099.67
2021-11-03,2975.71,,25024.75
2021-11-04,2983.22,29794.37,25225.19
2021-11-05,2969.27,29611.57,24870.51
2021-11-08,2960.2,29507.05,24763.77
2021-11-09,2962.46,29285.46,24813.13
2021-11-10,2930.17,29106.78,24996.14
2021-11-11,2924.92,29277.86,25247.99
2021-11-12,2968.8,29609.97,25327.97
2021-11-15,2999.52,29776.8,25390.91
2021-11-16,2997.21,29808.12,25713.78
2021-11-17,2962.42,29688.33,25650.08
2021-11-18,2947.38,29598.66,25319.72
2021-11-19,2971.02,29745.87,25049.97
2021-11-22,3013.25,29774.11,24951.34
2021-11-23,2997.33,,24651.58
2021-11-24,2994.29,29302.66,24685.5
2021-11-25,2980.27,29499.28,24740.16
2021-11-26,2936.44,28751.62,24080.52
2021-11-29,2909.32,28283.92,23852.24
2021-11-30,2839.01,27821.76,23475.26
2021-12-01,2899.72,27935.62,23658.92
2021-12-02,2945.27,27753.37,23788.93
2021-12-03,2968.33,28029.57,23766.69
2021-12-06,2973.25,27927.37,23349.38
2021-12-07,2991.72,28455.6,23983.66
2021-12-08,3001.8,28860.62,23996.87
2021-12-09,3029.57,28725.47,24254.86
2021-12-10,3010.23,28437.77,23995.72
2021-12-13,3001.66,28640.49,23954.58
2021-12-14,2987.95,28432.64,23635.95
2021-12-15,2989.39,28459.72,23420.76
2021-12-16,3006.41,29066.32,23475.5
2021-12-17,3017.73,28545.68,23192.63
2021-12-20,2963.0,27937.81,22744.86
2021-12-21,2975.03,28517.59,22971.33
2021-12-22,2984.48,28562.21,23102.33
2021-12-23,2998.17,28798.37,23193.64
2021-12-24,3012.43,28782.59,23223.76
2021-12-27,2999.55,28676.46,
2021-12-28,3020.24,29069.16,23280.56
2021-12-29,2993.29,28906.88,23086.54
2021-12-30,2977.65,28791.71,23112.01
2021-12-31,,,23397.67
2022-01-03,2988.77,,23274.75
2022-01-04,2989.24,29301.79,23289.84
2022-01-05,2953.97,29332.16,22907.25
2022-01-06,2920.53,28487.87,23072.86
2022-01-07,2954.89,28478.56,23493.38
2022-01-10,2926.72,,23746.54
2022-01-11,2927.38,28222.48,23739.06
2022-01-12,2972.48,28765.66,24402.17
2022-01-13,2962.09,28489.13,24429.77
2022-01-14,2921.92,28124.28,24383.32
2022-01-17,2890.1,28333.52,24218.03
2022-01-18,2864.24,28257.25,24112.78
2022-01-19,2842.28,27467.23,24127.85
2022-01-20,2862.68,27772.93,24952.35
2022-01-21,2834.29,27522.26,24965.55
2022-01-24,2792.0,27588.37,24656.46
2022-01-25,2720.39,27131.34,24243.61
2022-01-26,2709.24,27011.33,24289.9
2022-01-27,2614.49,26170.3,23807.0
2022-01-28,2663.34,26717.34,23550.08
2022-01-31,,27001.98,23802.26
2022-02-01,,27078.48,
2022-02-02,,27533.6,
2022-02-03,2707.82,27241.31,
2022-02-04,2750.26,27439.99,24573.29
2022-02-07,2745.06,27248.87,24579.55
2022-02-08,2746.47,27284.52,24329.49
2022-02-09,2768.85,27579.87,24829.99
2022-02-10,2771.93,27696.08,24924.35
2022-02-11,2747.71,,24906.66
2022-02-14,2704.48,27079.59,24556.57
2022-02-15,2676.54,26865.19,24355.71
2022-02-16,2729.68,27460.4,24718.9
2022-02-17,2744.09,27232.87,24792.77
2022-02-18,2744.52,27122.07,24327.71
2022-02-21,2743.8,26910.87,24170.07
2022-02-22,2706.79,26449.61,23520.0
2022-02-23,2719.53,,23660.28
2022-02-24,2648.8,25970.82,22901.56
2022-02-25,2676.76,26476.5,22767.18
2022-02-28,2699.18,26526.82,22713.02
2022-03-01,,26844.72,22761.71
2022-03-02,2703.52,26393.03,22343.92
2022-03-03,2747.08,26577.27,22467.34
2022-03-04,2713.43,25985.47,21905.29
2022-03-07,2651.31,25221.41,21057.63
2022-03-08,2622.4,24790.95,20765.87
2022-03-09,,24717.53,20627.71
2022-03-10,2680.32,25690.4,20890.26
2022-03-11,2661.28,25162.78,20553.79
2022-03-14,2645.65,25307.85,19531.66
2022-03-15,2621.53,25346.48,18415.08
2022-03-16,2659.23,25762.01,20087.5
2022-03-17,2694.51,26652.89,21501.23
2022-03-18,2707.02,26827.43,21412.4
2022-03-21,2686.05,,21221.34
2022-03-22,2710.0,27224.11,21889.28
2022-03-23,2735.05,28040.16,22154.08
2022-03-24,2729.66,28110.39,21945.95
2022-03-25,2729.98,28149.84,21404.88
2022-03-28,2729.56,27943.89,21684.97
2022-03-29,2741.07,28252.42,21927.63
2022-03-30,2746.74,28027.25,22232.03
2022-03-31,2757.65,27821.43,21996.85
2022-04-01,2739.85,27665.98,22039.55
2022-04-04,2757.9,27736.47,22502.31
2022-04-05,2759.2,27787.98,
2022-04-06,2735.03,27350.3,22080.52
2022-04-07,2695.86,26888.57,21808.98
2022-04-08,2700.39,26985.8,21872.01
2022-04-11,2693.1,26821.52,21208.3
2022-04-12,2666.76,26334.98,21319.13
2022-04-13,2716.49,26843.49,21374.37
2022-04-14,2716.71,27172.0,21518.08
2022-04-15,2696.06,27093.19,
2022-04-18,2693.21,26799.71,
2022-04-19,2718.89,26985.09,21027.76
2022-04-20,2718.69,27217.85,20944.67
2022-04-21,2728.21,27553.06,20682.22
2022-04-22,2704.71,27105.26,20638.52
2022-04-25,2657.13,26590.78,19869.34
2022-04-26,2668.31,26700.11,19934.71
2022-04-27,2639.06,26386.63,19946.36
2022-04-28,2667.49,26847.9,20276.17
2022-04-29,2695.05,,21089.39
2022-05-02,2687.45,26818.53,
2022-05-03,2680.46,,21101.89
2022-05-04,2677.57,,20869.52
2022-05-05,,,20793.4
2022-05-06,2644.51,27003.56,20001.96
2022-05-09,2610.81,26319.34,
2022-05-10,2596.56,26167.1,19633.69
2022-05-11,2592.27,26213.64,19824.57
2022-05-12,2550.08,25748.72,19380.34
2022-05-13,2604.24,26427.65,19898.77
2022-05-16,2596.58,26547.05,19950.21
2022-05-17,2620.44,26659.75,20602.52
2022-05-18,2625.98,26911.2,20644.28
2022-05-19,2592.34,26402.84,20120.68
2022-05-20,2639.29,26739.03,20717.24
2022-05-23,2647.38,27001.52,20470.06
2022-05-24,2605.87,26748.14,20112.1
2022-05-25,2617.22,26677.8,20171.27
2022-05-26,2612.45,26604.84,20116.2
2022-05-27,2638.05,26781.68,20697.36
2022-05-30,2669.66,27369.43,21123.93
2022-05-31,2685.9,27279.8,21415.2
2022-06-01,,27457.89,21294.94
2022-06-02,2658.99,27413.88,21082.13
2022-06-03,2670.65,27761.57,
2022-06-06,,27915.89,21653.9
2022-06-07,2626.34,27943.95,21531.67
2022-06-08,2626.15,28234.29,22014.59
2022-06-09,2625.44,28246.53,21869.05
2022-06-10,2595.87,27824.29,21806.18
2022-06-13,2504.51,26987.44,21067.58
2022-06-14,2492.97,26629.86,21067.99
2022-06-15,2447.38,26326.16,21308.21
2022-06-16,2451.41,26431.2,20845.43
2022-06-17,2440.93,25963.0,21075.0
2022-06-20,2391.03,25771.22,21163.91
2022-06-21,2408.93,26246.31,21559.59
2022-06-22,2342.81,26149.55,21008.34
2022-06-23,2314.32,26171.25,21273.87
2022-06-24,2366.6,26491.97,21719.06
2022-06-27,2401.92,26871.27,22229.52
2022-06-28,2422.09,27049.47,22418.97
2022-06-29,2377.99,26804.6,21996.89
2022-06-30,2332.64,26393.04,21859.79
2022-07-01,2305.42,25935.62,
2022-07-04,2300.34,26153.81,21830.35
2022-07-05,2341.78,26423.47,21853.07
2022-07-06,2292.01,26107.65,21586.66
2022-07-07,2334.27,26490.53,21643.58
2022-07-08,2350.61,26517.19,21725.78
2022-07-11,2340.27,26812.3,21124.2
2022-07-12,2317.76,26336.66,20844.74
2022-07-13,2328.61,26478.77,20797.95
2022-07-14,2322.32,26643.39,20751.21
2022-07-15,2330.98,26788.47,20297.72
2022-07-18,2375.25,,20846.18
2022-07-19,2370.97,26961.68,20661.06
2022-07-20,2386.85,27680.26,20890.22
2022-07-21,2409.16,27803.0,20574.63
2022-07-22,2393.14,27914.66,20609.14
2022-07-25,2403.69,27699.25,20562.94
2022-07-26,2412.96,27655.21,20905.88
2022-07-27,2415.53,27715.75,20670.04
2022-07-28,2435.27,27815.48,20622.68
2022-07-29,2451.5,27801.64,20156.51
2022-08-01,2452.25,27993.35,20165.84
2022-08-02,2439.62,27594.73,19689.21
2022-08-03,2461.45,27741.9,19767.09
2022-08-04,2473.11,27932.2,20174.04
2022-08-05,2490.8,28175.87,20201.94
2022-08-08,2493.1,28249.24,20045.77
2022-08-09,2503.46,27999.96,20003.44
2022-08-10,2480.88,27819.33,19610.84
2022-08-11,2523.78,,20082.43
2022-08-12,2527.94,28546.98,20175.62
2022-08-15,,28871.78,20040.86
2022-08-16,2533.52,28868.91,19830.52
2022-08-17,2516.47,29222.77,19922.45
2022-08-18,2508.05,28942.14,19763.91
2022-08-19,2492.69,28930.33,19773.03
2022-08-22,2462.5,28794.5,19656.98
2022-08-23,2435.34,28452.75,19503.25
2022-08-24,2447.45,28313.47,19268.74
2022-08-25,2477.26,28479.01,19968.38
2022-08-26,2481.03,28641.38,20170.04
2022-08-29,2426.89,27878.96,20023.22
2022-08-30,2450.93,28195.58,19949.03
2022-08-31,2472.05,28091.53,19954.39
2022-09-01,2415.61,27661.47,19597.31
2022-09-02,2409.41,27650.84,19452.09
2022-09-05,2403.68,27619.61,19225.7
2022-09-06,2410.02,27626.51,19202.73
2022-09-07,2376.46,27430.3,19044.3
2022-09-08,2384.28,28065.28,18854.62
2022-09-09,,28214.75,19362.25
2022-09-12,,28542.11,
2022-09-13,2449.54,28614.63,19326.86
2022-09-14,2411.42,27818.62,18847.1
2022-09-15,2401.83,27875.91,18930.38
2022-09-16,2382.78,27567.65,18761.69
2022-09-19,2355.66,,18565.97
2022-09-20,2367.85,27688.42,18781.42
2022-09-21,2347.21,27313.13,18444.62
2022-09-22,2332.31,27153.83,18147.95
2022-09-23,2290.0,,17933.27
2022-09-26,2220.94,26431.55,17855.14
2022-09-27,2223.86,26571.87,17860.31
2022-09-28,2169.29,26173.98,17250.88
2022-09-29,2170.93,26422.05,17165.87
2022-09-30,2155.49,25937.21,17222.83
2022-10-03,,26215.79,17079.51
2022-10-04,2209.38,26992.21,
2022-10-05,2215.22,27120.53,18087.97
2022-10-06,2237.86,27311.3,18012.15
2022-10-07,2232.84,27116.11,17740.05
2022-10-10,,,17216.66
2022-10-11,2192.07,26401.25,16832.36
2022-10-12,2202.47,26396.83,16701.03
2022-10-13,2162.87,26237.42,16389.11
2022-10-14,2212.55,27090.76,16587.69
2022-10-17,2219.71,26775.79,16612.9
2022-10-18,2249.95,27156.14,16914.58
2022-10-19,2237.44,27257.38,16511.28
2022-10-20,2218.09,27006.96,16280.22
2022-10-21,2213.12,26890.58,16211.12
2022-10-24,2236.16,26974.9,15180.69
2022-10-25,2235.07,27250.28,15165.59
2022-10-26,2249.56,27431.84,15317.67
2022-10-27,2288.78,27345.24,15427.94
2022-10-28,2268.4,27105.2,14863.06
2022-10-31,2293.61,27587.46,14687.02
2022-11-01,2335.22,27678.92,15455.27
2022-11-02,2336.87,27663.39,15827.17
2022-11-03,2329.17,,15339.49
2022-11-04,2348.43,27199.74,16161.14
2022-11-07,2371.79,27527.64,16595.91
2022-11-08,2399.04,27872.11,16557.31
2022-11-09,2424.41,27716.43,16358.52
2022-11-10,2402.23,27446.1,16081.04
2022-11-11,2483.16,28263.57,17325.66
2022-11-14,2474.65,27963.47,17619.71
2022-11-15,2480.33,27990.17,18343.12
2022-11-16,2477.45,28028.3,18256.48
2022-11-17,2442.9,27930.57,18045.66
2022-11-18,2444.48,27899.77,17992.54
2022-11-21,2419.5,27944.79,17655.91
2022-11-22,2405.27,28115.74,17424.41
2022-11-23,2418.01,,17523.81
2022-11-24,2441.33,28383.09,17660.9
2022-11-25,2437.86,28283.03,17573.58
2022-11-28,2408.27,28162.83,17297.94
2022-11-29,2433.39,28027.84,18204.68
2022-11-30,2472.53,27968.99,18597.23
2022-12-01,2479.84,28226.08,18736.44
2022-12-02,2434.33,27777.9,18675.35
2022-12-05,2419.32,27820.4,19518.29
2022-12-06,2393.16,27885.87,19441.18
2022-12-07,2382.81,27686.4,18814.82
2022-12-08,2371.08,27574.43,19450.23
2022-12-09,2389.04,27901.01,19900.87
2022-12-12,2373.02,27842.33,19463.63
2022-12-13,2372.4,27954.85,19596.2
2022-12-14,2399.25,28156.21,19673.45
2022-12-15,2360.97,28051.7,19368.59
2022-12-16,2360.02,27527.12,19450.67
2022-12-19,2352.17,27237.64,19352.81
2022-12-20,2333.29,26568.03,19094.8
2022-12-21,2328.95,26387.72,19160.49
2022-12-22,2356.73,26507.87,19679.22
2022-12-23,2313.69,26235.25,19593.06
2022-12-26,2317.14,26405.87,
2022-12-27,2332.79,26447.87,
2022-12-28,2280.45,26340.5,19898.91
2022-12-29,2236.4,26093.67,19741.14
2022-12-30,,26094.5,19781.41
2023-01-02,2225.67,,
2023-01-03,2218.68,,20145.29
2023-01-04,2255.98,25716.86,20793.11
2023-01-05,2264.65,25820.8,21052.17
2023-01-06,2289.97,25973.85,20991.64
2023-01-09,2350.19,,21388.34
2023-01-10,2351.31,26175.56,21331.46
2023-01-11,2359.53,26446.0,21436.05
2023-01-12,2365.1,26449.82,21514.1
2023-01-13,2386.09,26119.52,21738.66
2023-01-16,2399.86,25822.32,21746.72
2023-01-17,2379.39,26138.68,21577.64
2023-01-18,2368.32,26791.12,21678.0
2023-01-19,2380.34,26405.23,21650.98
2023-01-20,2395.26,26553.53,22044.65
2023-01-23,,26906.04,
2023-01-24,,27299.19,
2023-01-25,2428.57,27395.01,
2023-01-26,2468.65,27362.75,22566.78
2023-01-27,2484.02,27382.56,22688.9
2023-01-30,2450.47,27433.4,22069.73
2023-01-31,2425.08,27327.11,21842.33
2023-02-01,2449.8,27346.88,22072.18
2023-02-02,2468.88,27402.05,21958.36
2023-02-03,2480.4,27509.46,21660.47
2023-02-06,2438.19,27693.65,21222.16
2023-02-07,2451.71,27685.47,21298.7
2023-02-08,2483.64,27606.46,21283.52
2023-02-09,2481.52,27584.35,21624.36
2023-02-10,2469.73,27670.98,21190.42
2023-02-13,2452.7,27427.32,21164.42
2023-02-14,2465.64,27602.77,21113.76
2023-02-15,2427.9,27501.86,20812.17
2023-02-16,2475.48,27696.44,20987.67
2023-02-17,2451.21,27513.13,20719.81
2023-02-20,2455.12,27531.94,20886.96
2023-02-21,2458.96,27473.1,20529.49
2023-02-22,2417.68,27104.32,20423.84
2023-02-23,2439.09,,20351.35
2023-02-24,2423.61,27453.48,20010.04
2023-02-27,2402.64,27423.96,19943.51
2023-02-28,2412.85,27445.56,19785.94
2023-03-01,,27516.53,20619.71
2023-03-02,2427.85,27498.87,20429.46
2023-03-03,2432.07,27927.47,20567.54
2023-03-06,2462.62,28237.78,20603.19
2023-03-07,2463.35,28309.16,20534.48
2023-03-08,2431.91,28444.19,20051.25
2023-03-09,2419.09,28623.15,19925.74
2023-03-10,2394.59,28143.97,19319.92
2023-03-13,2410.6,27832.96,19695.97
2023-03-14,2348.97,27222.04,19247.96
2023-03-15,2379.72,27229.48,19539.87
2023-03-16,2377.91,27010.61,19203.91
2023-03-17,2395.69,27333.79,19518.59
2023-03-20,2379.2,26945.67,19000.71
2023-03-21,2388.35,,19258.76
2023-03-22,2416.96,27466.61,19591.43
2023-03-23,2424.48,27419.61,20049.64
2023-03-24,2414.96,27385.25,19915.68
2023-03-27,2409.22,27476.87,19567.69
2023-03-28,2434.94,27518.25,19784.65
2023-03-29,2443.92,27883.78,20192.4
2023-03-30,2453.16,27782.93,20309.13
2023-03-31,2476.86,28041.48,20400.11
2023-04-03,2472.34,28188.15,20409.18
2023-04-04,2480.51,28287.42,20274.59
2023-04-05,2495.21,27813.26,
2023-04-06,2459.23,27472.63,20331.2
2023-04-07,2490.41,27518.31,
2023-04-10,2512.08,27633.66,
2023-04-11,2547.86,27923.37,20485.24
2023-04-12,2550.64,28082.7,20309.86
2023-04-13,2561.66,28156.97,20344.48
2023-04-14,2571.49,28493.47,20438.81
2023-04-17,2575.91,28514.78,20782.45
2023-04-18,2571.09,28658.83,20650.51
2023-04-19,2575.08,28606.76,20367.76
2023-04-20,2563.11,28657.57,20396.97
2023-04-21,2544.4,28564.37,20075.73
2023-04-24,2523.5,28593.52,19959.94
2023-04-25,2489.02,28620.07,19617.88
2023-04-26,2484.83,28416.47,19757.27
2023-04-27,2495.81,28457.68,19840.28
2023-04-28,2501.53,28856.44,19894.57
2023-05-01,,29123.18,
2023-05-02,2524.39,29157.95,19933.81
2023-05-03,2501.4,,19699.16
2023-05-04,2500.94,,19948.73
2023-05-05,,,20049.31
2023-05-08,2513.21,28949.88,20297.03
2023-05-09,2510.06,29242.82,19867.58
2023-05-10,2496.51,29122.18,19762.2
2023-05-11,2491.0,29126.72,19743.79
2023-05-12,2475.42,29388.3,19627.24
2023-05-15,2479.35,29626.34,19971.13
2023-05-16,2480.24,29842.99,19978.25
2023-05-17,2494.66,30093.59,19560.57
2023-05-18,2515.4,30573.93,19727.25
2023-05-19,2537.79,30808.35,19450.57
2023-05-22,2557.08,31086.82,19678.17
2023-05-23,2567.55,30957.77,19431.25
2023-05-24,2567.45,30682.68,19115.93
2023-05-25,2554.69,30801.13,18746.92
2023-05-26,2558.81,30916.31,
2023-05-29,,31233.54,18551.11
2023-05-30,2585.52,31328.16,18595.78
2023-05-31,2577.12,30887.88,18234.27
2023-06-01,2569.17,31148.01,18216.91
2023-06-02,2601.36,31524.22,18949.94
2023-06-05,2615.41,32217.43,19108.5
2023-06-06,,32506.78,19099.28
2023-06-07,2615.6,31913.74,19252.0
2023-06-08,2610.85,31641.27,19299.18
2023-06-09,2641.16,32265.17,19389.95
2023-06-12,2629.35,32434.0,19404.31
2023-06-13,2637.95,33018.65,19521.42
2023-06-14,2619.08,33502.42,19408.42
2023-06-15,2608.54,33485.49,19828.92
2023-06-16,2625.79,33706.08,20040.37
2023-06-19,2609.5,33370.42,19912.89
2023-06-20,2604.91,33388.91,19607.08
2023-06-21,2582.63,33575.14,19218.35
2023-06-22,2593.7,33264.88,
2023-06-23,2570.1,32781.54,18889.97
2023-06-26,2582.2,32698.81,18794.13
2023-06-27,2581.39,32538.33,19148.13
2023-06-28,2564.19,33193.99,19172.05
2023-06-29,2550.02,33234.14,18934.36
2023-06-30,2564.28,33189.04,18916.43
2023-07-03,2602.47,33753.33,19306.59
2023-07-04,2593.31,33422.52,19415.68
2023-07-05,2579.0,33338.7,19110.38
2023-07-06,2556.29,32773.02,18533.05
2023-07-07,2526.71,32388.42,18365.7
2023-07-10,2520.7,32189.73,18479.72
2023-07-11,2562.49,32203.57,18659.83
2023-07-12,2574.72,31943.93,18860.95
2023-07-13,2591.23,32419.33,19350.62
2023-07-14,2628.3,32391.26,19413.78
2023-07-17,2619.0,,
2023-07-18,2607.62,32493.89,19015.72
2023-07-19,2608.24,32896.03,18952.31
2023-07-20,2600.23,32490.52,18928.02
2023-07-21,2609.76,32304.25,19075.26
2023-07-24,2628.53,32700.94,18668.15
2023-07-25,2636.46,32682.51,19434.4
2023-07-26,2592.36,32668.34,19365.14
2023-07-27,2603.81,32891.16,19639.11
2023-07-28,2608.32,32759.23,19916.56
2023-07-31,2632.58,33172.22,20078.94
2023-08-01,2667.07,33476.58,20011.12
2023-08-02,2616.47,32707.69,19517.38
2023-08-03,2605.39,32159.28,19420.87
2023-08-04,2602.8,32192.75,19539.46
2023-08-07,2580.71,32254.56,19537.92
2023-08-08,2573.98,32377.29,19184.17
2023-08-09,2605.12,32204.33,19246.03
2023-08-10,2601.56,32473.65,19248.26
2023-08-11,2591.26,,19075.19
2023-08-14,2570.87,32059.91,18773.55
2023-08-15,,32238.89,18581.11
2023-08-16,2525.64,31766.82,18329.3
2023-08-17,2519.85,31626.0,18326.63
2023-08-18,2504.5,31450.76,17950.85
2023-08-21,2508.8,31565.64,17623.29
2023-08-22,2515.74,31856.71,17791.01
2023-08-23,2505.5,32010.26,17845.92
2023-08-24,2537.68,32287.21,18212.17
2023-08-25,2519.14,31624.28,17956.38
2023-08-28,2543.41,32169.99,18130.74
2023-08-29,2552.16,32226.97,18484.03
2023-08-30,2561.22,32333.46,18482.86
2023-08-31,2556.27,32619.34,18382.06
2023-09-01,2563.71,32710.62,
2023-09-04,2584.55,32939.18,18844.16
2023-09-05,2582.18,33036.76,18456.91
2023-09-06,2563.34,33241.02,18449.98
2023-09-07,2548.26,32991.08,18202.07
2023-09-08,2547.68,32606.84,
2023-09-11,2556.88,32467.76,18096.45
2023-09-12,2536.58,32776.37,18025.89
2023-09-13,2534.7,32706.52,18009.22
2023-09-14,2572.89,33168.1,18047.92
2023-09-15,2601.28,33533.09,18182.89
2023-09-18,2574.72,,17930.55
2023-09-19,2559.21,33242.59,17997.17
2023-09-20,2559.74,33023.78,17885.6
2023-09-21,2514.97,32571.03,17655.41
2023-09-22,2508.13,32402.41,18057.45
2023-09-25,2495.76,32678.62,17729.29
2023-09-26,2462.97,32315.05,17466.9
2023-09-27,2465.07,32371.9,17611.87
2023-09-28,,31872.52,17373.03
2023-09-29,,31857.62,17809.66
2023-10-02,,31759.88,
2023-10-03,,31237.94,17331.22
2023-10-04,2405.69,30526.88,17195.84
2023-10-05,2403.6,31075.36,17213.87
2023-10-06,2408.73,30994.67,17485.98
2023-10-09,,,17517.4
2023-10-10,2402.58,31746.53,17664.73
2023-10-11,2450.08,31936.51,17893.1
2023-10-12,2479.82,32494.66,18238.21
2023-10-13,2456.15,32315.99,17813.45
2023-10-16,2436.24,31659.03,17640.36
2023-10-17,2460.17,32040.29,17773.34
2023-10-18,2462.6,32042.25,17732.52
2023-10-19,2415.8,31430.62,17295.89
2023-10-20,2375.0,31259.36,17172.13
2023-10-23,2357.02,30999.55,
2023-10-24,2383.51,31062.35,16991.53
2023-10-25,2363.17,31269.92,17085.33
2023-10-26,2299.08,30601.78,17044.61
2023-10-27,2302.81,30991.69,17398.73
2023-10-30,2310.55,30696.96,17406.36
2023-10-31,2277.99,30858.85,17112.48
2023-11-01,2301.56,31601.65,17101.78
2023-11-02,2343.12,31949.89,17230.59
2023-11-03,2368.34,,17664.12
2023-11-06,2502.37,32708.48,17966.59
2023-11-07,2443.96,32271.82,17670.16
2023-11-08,2421.62,32166.48,17568.46
2023-11-09,2427.08,32646.46,17511.29
2023-11-10,2409.66,32568.11,17203.26
2023-11-13,2403.76,32585.11,17426.21
2023-11-14,2433.25,32695.93,17396.86
2023-11-15,2486.67,33519.7,18079.0
2023-11-16,2488.18,33424.41,17832.82
2023-11-17,2469.85,33585.2,17454.19
2023-11-20,2491.2,33388.03,17778.07
2023-11-21,2510.42,33354.14,17733.89
2023-11-22,2511.7,33451.83,17734.6
2023-11-23,2514.96,,17910.84
2023-11-24,2496.63,33625.53,17559.42
2023-11-27,2495.66,33447.67,17525.06
2023-11-28,2521.76,33408.39,17354.14
2023-11-29,2519.81,33321.22,16993.44
2023-11-30,2535.29,33486.89,17042.88
2023-12-01,2505.01,33431.51,16830.3
2023-12-04,2514.95,33231.27,16646.05
2023-12-05,2494.28,32775.82,16327.86
2023-12-06,2495.38,33445.9,16463.26
2023-12-07,2492.07,32858.31,16345.89
2023-12-08,2517.85,32307.86,16334.37
2023-12-11,2525.36,32791.8,16201.49
2023-12-12,2535.27,32843.7,16374.5
2023-12-13,2510.66,32926.35,16228.75
2023-12-14,2544.18,32686.25,16402.19
2023-12-15,2563.56,32970.55,16792.19
2023-12-18,2566.86,32758.98,16629.23
2023-12-19,2568.55,33219.39,16505.0
2023-12-20,2614.3,33675.94,16613.81
2023-12-21,2600.02,33140.47,16621.13
2023-12-22,2599.51,33169.05,16340.41
2023-12-25,,33254.03,
2023-12-26,2602.59,33305.85,
2023-12-27,2613.5,33681.24,16624.84
2023-12-28,2655.28,33539.62,17043.53
2023-12-29,,33464.17,17047.39
2024-01-02,2669.81,,16788.55
2024-01-03,2607.31,,16646.41
2024-01-04,2587.02,33288.29,16645.98
2024-01-05,2578.08,33377.42,16535.33
2024-01-08,2567.82,,16224.45
2024-01-09,2561.24,33763.18,16190.02
2024-01-10,2541.98,34441.72,16097.28
2024-01-11,2540.27,35049.86,16302.04
2024-01-12,2525.05,35577.11,16244.58
2024-01-15,2525.99,35901.79,16216.33
2024-01-16,2497.59,35619.18,15865.92
2024-01-17,2435.9,35477.75,15276.9
2024-01-18,2440.04,35466.17,15391.79
2024-01-19,2472.74,35963.27,15308.69
2024-01-22,2464.35,36546.95,14961.18
2024-01-23,2478.61,36517.57,15353.98
2024-01-24,2469.69,36226.48,15899.87
2024-01-25,2470.34,36236.47,16211.96
2024-01-26,2478.56,35751.07,15952.23
2024-01-29,2500.65,36026.94,16077.24
2024-01-30,2498.81,36065.86,15703.45
2024-01-31,2497.09,36286.71,15485.07
2024-02-01,2542.46,36011.46,15566.21
2024-02-02,2615.31,36158.02,15533.56
2024-02-05,2591.31,36354.16,15510.01
2024-02-06,2576.2,36160.66,16136.87
2024-02-07,2609.58,36119.92,16081.89
2024-02-08,2620.32,36863.28,15878.07
2024-02-09,,36897.42,15746.58
2024-02-12,,,
2024-02-13,2649.64,37963.97,
2024-02-14,2620.42,37703.32,15879.38
2024-02-15,2613.8,38157.94,15944.63
2024-02-16,2648.76,38487.24,16339.96
2024-02-19,2680.26,38470.38,16155.61
2024-02-20,2657.79,38363.61,16247.51
2024-02-21,2653.31,38262.16,16503.1
2024-02-22,2664.27,39098.68,16742.95
2024-02-23,2667.7,,16725.86
2024-02-26,2647.08,39233.71,16634.74
2024-02-27,2625.05,39239.52,16790.8
2024-02-28,2652.29,39208.03,16536.85
2024-02-29,2642.36,39166.19,16511.44
2024-03-01,,39910.82,16589.44
2024-03-04,2674.27,40109.23,16595.97
2024-03-05,2649.4,40097.63,16162.64
2024-03-06,2641.49,40090.78,16438.09
2024-03-07,2647.62,39598.71,16229.78
2024-03-08,2680.35,39688.94,16353.39
2024-03-11,2659.84,38820.49,16587.57
2024-03-12,2681.81,38797.51,17093.5
2024-03-13,2693.57,38695.97,17082.11
2024-03-14,2718.76,38807.38,16961.66
2024-03-15,2666.84,38707.64,16720.89
2024-03-18,2685.84,39740.44,16737.12
2024-03-19,2656.17,40003.6,16529.48
2024-03-20,2690.14,,16543.07
2024-03-21,2754.86,40815.66,16863.1
2024-03-22,2748.56,40888.43,16499.47
2024-03-25,2737.57,40414.12,16473.64
2024-03-26,2757.09,40398.03,16618.32
2024-03-27,2755.11,40762.73,16392.84
2024-03-28,2745.82,40168.07,16541.42
2024-03-29,2746.63,40369.44,
2024-04-01,2747.86,39803.09,
2024-04-02,2753.16,39838.91,16931.52
2024-04-03,2706.97,39451.85,16725.1
2024-04-04,2742.0,39773.14,
2024-04-05,2714.21,38992.08,16723.92
2024-04-08,2717.65,39347.04,16732.85
2024-04-09,2705.16,39773.13,16828.07
2024-04-10,,39581.81,17139.17
2024-04-11,2706.96,39442.63,17095.03
2024-04-12,2681.82,39523.55,16721.69
2024-04-15,2670.43,39232.8,16600.46
2024-04-16,2609.63,38471.2,16248.97
2024-04-17,2584.18,37961.8,16251.84
2024-04-18,2634.7,38079.7,16385.87
2024-04-19,2591.86,37068.35,16224.14
2024-04-22,2629.44,37438.61,16511.69
2024-04-23,2623.02,37552.16,16828.93
2024-04-24,2675.75,38460.08,17201.27
2024-04-25,2628.62,37628.48,17284.54
2024-04-26,2656.33,37934.76,17651.15
2024-04-29,2687.44,,17746.91
2024-04-30,2692.06,38405.66,17763.03
2024-05-01,,38274.05,
2024-05-02,2683.65,38236.07,18207.13
2024-05-03,2676.63,,18475.92
2024-05-06,,,18578.3
2024-05-07,2734.36,38835.1,18479.37
2024-05-08,2745.05,38202.37,18313.86
2024-05-09,2712.14,38073.98,18537.81
2024-05-10,2727.63,38229.11,18963.68
2024-05-13,2727.21,38179.46,19115.06
2024-05-14,2730.34,38356.06,19073.71
2024-05-15,,38385.73,
2024-05-16,2753.0,38920.26,19376.53
2024-05-17,2724.62,38787.38,19553.61
2024-05-20,2742.14,39069.68,19636.22
2024-05-21,2724.18,38946.93,19220.62
2024-05-22,2723.46,38617.1,19195.6
2024-05-23,2721.81,39103.22,18868.71
2024-05-24,2687.6,38646.11,18608.94
2024-05-27,2722.99,38900.02,18827.35
2024-05-28,2722.85,38855.37,18821.16
2024-05-29,2677.3,38556.87,18477.01
2024-05-30,2635.44,38054.13,18230.19
2024-05-31,2636.52,38487.9,18079.61
2024-06-03,2682.52,38923.03,18403.04
2024-06-04,2662.1,38837.46,18444.11
2024-06-05,2689.5,38490.17,18424.96
2024-06-06,,38703.51,18476.8
2024-06-07,2722.67,38683.93,18366.95
2024-06-10,2701.17,39038.16,
2024-06-11,2705.32,39134.79,18176.34
2024-06-12,2728.17,38876.71,17937.84
2024-06-13,2754.89,38720.47,18112.63
2024-06-14,2758.42,38814.56,17941.78
2024-06-17,2744.1,38102.44,17936.12
2024-06-18,2763.92,38482.11,17915.55
2024-06-19,2797.33,38570.76,18430.39
2024-06-20,2807.63,38633.02,18335.32
2024-06-21,2784.26,38596.47,18028.52
2024-06-24,2764.73,38804.65,18027.71
2024-06-25,2774.39,39173.15,18072.9
2024-06-26,2792.05,39667.07,18089.93
2024-06-27,2784.06,39341.54,17716.47
2024-06-28,2797.82,39583.08,17718.61
2024-07-01,2804.31,39631.06,
2024-07-02,2780.86,40074.69,17769.14
2024-07-03,2794.01,40580.76,17978.57
2024-07-04,2824.94,40913.65,18028.28
2024-07-05,2862.23,40912.37,17799.61
2024-07-08,2857.76,40780.7,17524.06
2024-07-09,2867.38,41580.17,17523.23
2024-07-10,2867.99,41831.99,17471.67
2024-07-11,2891.35,42224.02,17832.33
2024-07-12,2857.0,41190.68,18293.38
2024-07-15,2860.92,,18015.94
2024-07-16,2866.09,41275.08,17727.98
2024-07-17,2843.29,41097.69,17739.41
2024-07-18,2824.35,40126.35,17778.41
2024-07-19,2795.46,40063.79,17417.68
2024-07-22,2763.51,39599.0,17635.88
2024-07-23,2774.29,39594.39,17469.36
2024-07-24,2758.71,39154.85,17311.05
2024-07-25,2710.65,37869.51,17004.97
2024-07-26,2731.9,37667.41,17021.31
2024-07-29,2765.53,38468.63,17238.34
2024-07-30,2738.19,38525.95,17002.91
2024-07-31,2770.69,39101.82,17344.6
2024-08-01,2777.68,38126.33,17304.96
2024-08-02,2676.19,35909.7,16945.51
2024-08-05,2441.55,31458.42,16698.36
2024-08-06,2522.15,34675.46,16647.34
2024-08-07,2568.41,35089.62,16877.86
2024-08-08,2556.73,34831.15,16891.83
2024-08-09,2588.43,35025.0,17090.23
2024-08-12,2618.3,,17111.65
2024-08-13,2621.5,36232.51,17174.06
2024-08-14,2644.5,36442.43,17113.36
2024-08-15,,36726.64,17109.14
2024-08-16,2697.23,38062.67,17430.16
2024-08-19,2674.36,37388.62,17569.57
2024-08-20,2696.63,38062.92,17511.08
2024-08-21,2701.13,37951.8,17391.01
2024-08-22,2707.67,38211.01,17641.0
2024-08-23,2701.69,38364.27,17612.1
2024-08-26,2698.01,38110.22,17798.73
2024-08-27,2689.25,38288.62,17874.67
2024-08-28,2689.83,38371.76,17692.45
2024-08-29,2662.28,38362.53,17786.32
2024-08-30,2674.31,38647.75,17989.07
2024-09-02,2681.0,38700.87,17691.97
2024-09-03,2664.63,38686.31,17651.49
2024-09-04,2580.8,37047.61,17457.34
2024-09-05,2575.5,36657.09,17444.3
2024-09-06,2544.28,36391.47,
2024-09-09,2535.93,36215.75,17196.96
2024-09-10,2523.43,36159.16,17234.09
2024-09-11,2513.37,35619.77,17108.71
2024-09-12,2572.09,36833.27,17240.39
2024-09-13,2575.41,36581.76,17369.09
2024-09-16,,,17422.12
2024-09-17,,36203.22,17660.02
2024-09-18,,36380.17,
2024-09-19,2580.8,37155.33,18013.16
2024-09-20,2593.37,37723.91,18258.57
2024-09-23,2602.01,,18247.11
2024-09-24,2631.68,37940.59,19000.56
2024-09-25,2596.32,37870.26,19129.1
2024-09-26,2671.57,38925.63,19924.58
2024-09-27,2649.78,39829.56,20632.3
2024-09-30,2593.27,37919.55,21133.68
2024-10-01,,38651.97,
2024-10-02,2561.69,37808.76,22443.73
2024-10-03,,38552.06,22113.51
2024-10-04,2569.71,38635.62,22736.87
2024-10-07,2610.38,39332.74,23099.78
2024-10-08,2594.36,38937.54,20926.79
2024-10-09,,39277.96,20637.24
2024-10-10,2599.16,39380.89,21251.98
2024-10-11,2596.91,39605.8,
2024-10-14,2623.29,,21092.87
2024-10-15,2633.45,39910.55,20318.79
2024-10-16,2610.36,39180.3,20286.85
2024-10-17,2609.3,38911.19,20079.1
2024-10-18,2593.82,38981.75,20804.11
2024-10-21,2604.92,38954.6,20478.46
2024-10-22,2570.7,38411.96,20498.95
2024-10-23,2599.62,38104.86,20760.15
2024-10-24,2581.03,38143.29,20489.62
2024-10-25,2583.27,37913.92,20590.15
2024-10-28,2612.43,38605.53,20599.36
2024-10-29,2617.8,38903.68,20701.14
2024-10-30,2593.79,39277.39,20380.64
2024-10-31,2556.15,39081.25,20317.33
2024-11-01,2542.36,38053.67,20506.43
2024-11-04,2588.97,,20567.52
2024-11-05,2576.88,38474.9,21006.97
2024-11-06,2563.51,39480.67,20538.38
2024-11-07,2564.63,39381.41,20953.34
2024-11-08,2561.15,39500.37,20728.19
2024-11-11,2531.66,39533.32,20426.93
2024-11-12,2482.57,39376.09,19846.88
2024-11-13,2417.08,38721.66,19823.45
2024-11-14,2418.86,38535.7,19435.81
2024-11-15,2416.86,38642.91,19426.34
2024-11-18,2469.07,38220.85,19576.61
2024-11-19,2471.95,38414.43,19663.67
2024-11-20,2482.29,38352.34,19705.01
2024-11-21,2480.63,38026.17,19601.11
2024-11-22,2501.24,38283.85,19229.97
2024-11-25,2534.34,38780.14,19150.99
2024-11-26,2520.36,38442.0,19159.2
2024-11-27,2503.06,38134.97,19603.13
2024-11-28,2504.67,38349.06,19366.96
2024-11-29,2455.91,38208.03,19423.61
2024-12-02,2454.48,38513.02,19550.29
2024-12-03,2500.1,39248.86,19746.32
2024-12-04,2464.0,39276.39,19742.46
2024-12-05,2441.85,39395.6,19560.44
2024-12-06,2428.16,39091.17,19865.85
2024-12-09,2360.58,39160.5,20414.09
2024-12-10,2417.84,39367.58,20311.28
2024-12-11,2442.51,39372.23,20155.05
2024-12-12,2482.12,39849.14,20397.05
2024-12-13,2494.46,39470.44,19971.24
2024-12-16,2488.97,39457.49,19795.49
2024-12-17,2456.81,39364.68,19700.48
2024-12-18,2484.43,39081.71,19864.55
2024-12-19,2435.93,38813.58,19752.51
2024-12-20,2404.15,38701.9,19720.7
2024-12-23,2442.01,39161.34,19883.13
2024-12-24,2440.52,39036.85,20098.29
2024-12-25,,39130.43,
2024-12-26,2429.67,39568.06,
2024-12-27,2404.77,40281.16,20090.46
2024-12-30,2399.49,39894.54,20041.42
2024-12-31,,,20059.95
2025-01-02,2398.94,,19623.32
2025-01-03,2441.92,,19760.27
2025-01-06,2488.64,39307.05,19688.29
2025-01-07,2492.1,40083.3,19447.58
2025-01-08,2521.05,39981.06,19279.84
2025-01-09,2521.9,39605.09,19240.89
2025-01-10,2515.78,39190.4,19064.29
2025-01-13,2489.56,,18874.14
2025-01-14,2497.4,38474.3,19219.78
2025-01-15,2496.81,38444.58,19286.07
2025-01-16,2527.49,38572.6,19522.89
2025-01-17,2523.55,38451.46,19584.06
2025-01-20,2520.05,38902.5,19925.81
2025-01-21,2518.03,39027.98,20106.55
2025-01-22,2547.06,39646.25,19778.77
2025-01-23,2515.49,39958.87,19700.56
2025-01-24,2536.8,39931.98,20066.19
2025-01-27,,39565.8,20197.77
2025-01-28,,39016.87,20225.11
2025-01-29,,39414.78,
2025-01-30,,39513.97,
2025-01-31,2517.37,39572.49,
2025-02-03,2453.95,38520.09,20217.26
2025-02-04,2481.69,38798.37,20789.96
2025-02-05,2509.27,38831.48,20597.09
2025-02-06,2536.75,39066.53,20891.62
2025-02-07,2521.92,38787.02,21133.54
2025-02-10,2521.27,38801.17,21521.98
2025-02-11,2539.05,,21294.86
2025-02-12,2548.39,38963.7,21857.92
2025-02-13,2583.17,39461.47,21814.37
2025-02-14,2591.05,39149.43,22620.33
2025-02-17,2610.42,39174.25,22616.23
2025-02-18,2626.81,39270.4,22976.81
2025-02-19,2671.52,39164.61,22944.24
2025-02-20,2654.06,38678.04,22576.98
2025-02-21,2654.58,38776.94,23477.92
2025-02-24,2645.27,,23341.61
2025-02-25,2630.29,38237.79,23034.02
2025-02-26,2641.09,38142.37,23787.93
2025-02-27,2621.75,38256.17,23718.29
2025-02-28,2532.78,37155.5,22941.32
2025-03-03,,37785.47,23006.27
2025-03-04,2528.92,37331.18,22941.77
2025-03-05,2558.13,37418.24,23594.21
2025-03-06,2576.16,37704.93,24369.71
2025-03-07,2563.48,36887.17,24231.3
2025-03-10,2570.39,37028.27,23783.49
2025-03-11,2537.6,36793.11,23782.14
2025-03-12,2574.82,36819.09,23600.31
2025-03-13,2573.64,36790.03,23462.65
2025-03-14,2566.36,37053.1,23959.98
2025-03-17,2610.69,37396.52,24145.57
2025-03-18,2612.34,37845.42,24740.57
2025-03-19,2628.62,37751.88,24771.14
2025-03-20,2637.1,,24219.95
2025-03-21,2643.13,37677.06,23689.72
2025-03-24,2632.07,37608.49,23905.56
2025-03-25,2615.81,37780.54,23344.25
2025-03-26,2643.94,38027.29,23483.32
2025-03-27,2607.15,37799.97,23578.8
2025-03-28,2557.98,37120.33,23426.6
2025-03-31,2481.12,35617.56,23119.58
2025-04-01,2521.39,35624.48,23206.84
2025-04-02,2505.86,35725.87,23202.53
2025-04-03,2486.7,34735.93,22849.81
2025-04-04,2465.42,33780.58,
2025-04-07,2328.2,31136.58,19828.3
2025-04-08,2334.23,33012.58,20127.68
2025-04-09,2293.7,31714.03,20264.49
2025-04-10,2445.06,34609.0,20681.78
2025-04-11,2432.72,33585.58,20914.69
2025-04-14,2455.89,33982.36,21417.4
2025-04-15,2477.41,34267.54,21466.27
2025-04-16,2447.43,33920.4,21056.98
2025-04-17,2470.41,34377.6,21395.14
2025-04-18,2483.42,34730.28,
2025-04-21,2488.42,34279.92,
2025-04-22,2486.64,34220.6,21562.32
2025-04-23,2525.56,34868.63,22072.62
2025-04-24,2522.33,35039.15,21909.76
2025-04-25,2546.3,35705.74,21980.74
2025-04-28,2548.86,35839.99,21971.96
2025-04-29,2565.42,,22008.11
2025-04-30,2556.61,36045.38,22119.41
2025-05-01,,36452.3,
2025-05-02,2559.79,36830.69,22504.68
2025-05-05,,,
2025-05-06,,,22662.71
2025-05-07,2573.8,36779.66,22691.88
2025-05-08,2579.48,36928.63,22775.92
2025-05-09,2577.27,37503.33,22867.74
2025-05-12,2607.33,37644.26,23549.46
2025-05-13,2608.42,38183.26,23108.27
2025-05-14,2640.57,38128.13,23640.65
2025-05-15,2621.36,37755.51,23453.16
2025-05-16,2626.87,37753.72,23345.05
2025-05-19,2603.42,37498.63,23332.72
2025-05-20,2601.8,37529.49,23681.48
2025-05-21,2625.58,37298.98,23827.78
2025-05-22,2593.67,36985.87,23544.31
2025-05-23,2592.09,37160.47,23601.26
2025-05-26,2644.4,37531.53,23282.33
2025-05-27,2637.22,37724.11,23381.99
2025-05-28,2670.15,37722.4,23258.31
2025-05-29,2720.64,38432.98,23573.38
2025-05-30,2697.67,37965.1,23289.77
2025-06-02,2698.97,37470.67,23157.97
2025-06-03,,37446.81,23512.49
2025-06-04,2770.84,37747.45,23654.03
2025-06-05,2812.05,37554.49,23906.97
2025-06-06,,37741.61,23792.54
2025-06-09,2855.77,38088.57,24181.43
2025-06-10,2871.85,38211.51,24162.87
2025-06-11,2907.04,38421.19,24366.94
2025-06-12,2920.03,38173.09,24035.38
2025-06-13,2894.62,37834.25,23892.56
2025-06-16,2946.66,38311.33,24060.99
2025-06-17,2950.3,38536.74,23980.3
2025-06-18,2972.19,38885.15,23710.69
2025-06-19,2977.74,38488.34,23237.74
2025-06-20,3021.84,38403.23,23530.48
2025-06-23,3014.47,38354.09,23689.13
2025-06-24,3103.64,38790.56,24177.07
2025-06-25,3108.25,38942.07,24474.67
2025-06-26,3079.56,39584.58,24325.4
2025-06-27,3055.94,40150.79,24284.15
2025-06-30,3071.7,40487.39,24072.28
2025-07-01,3089.65,39986.33,
2025-07-02,3075.06,39762.48,24221.41
2025-07-03,3116.27,39785.9,24069.94
2025-07-04,3054.28,39810.88,23916.06
2025-07-07,3059.47,39587.68,23887.83
2025-07-08,3114.95,39688.81,24148.07
2025-07-09,3133.74,39821.28,23892.32
2025-07-10,3183.23,39646.36,24028.37
2025-07-11,3175.77,39569.68,24139.57
2025-07-14,3202.03,39459.62,24203.32
2025-07-15,3215.28,39678.02,24590.12
2025-07-16,3186.38,39663.4,24517.76
2025-07-17,3192.29,39901.19,24498.95
2025-07-18,3188.07,39819.11,24825.66
2025-07-21,3210.81,,24994.14
2025-07-22,3169.94,39774.92,25130.03
2025-07-23,3183.77,41171.32,25538.07
2025-07-24,3190.45,41826.34,25667.18
2025-07-25,3196.05,41456.23,25388.35
2025-07-28,3209.52,40998.27,25562.13
2025-07-29,3230.57,40674.55,25524.45
2025-07-30,3254.47,40654.7,25176.93
2025-07-31,3245.44,41069.82,24773.33
2025-08-01,3119.41,40799.6,24507.81
2025-08-04,3147.75,40290.7,24733.45
2025-08-05,3198.0,40549.54,24902.53
2025-08-06,3198.14,40794.86,24910.63
2025-08-07,3227.68,41059.15,25081.63
2025-08-08,3210.01,41820.48,24858.82
2025-08-11,3206.77,,24906.81
2025-08-12,3189.91,42718.17,24969.68
2025-08-13,3224.37,43274.67,25613.67
2025-08-14,3225.66,42649.26,25519.32
2025-08-15,,43378.31,25270.07
2025-08-18,3177.28,43714.31,25176.85
2025-08-19,3151.56,43546.29,25122.9
2025-08-20,3130.09,42888.55,25165.94
2025-08-21,3141.74,42610.17,25104.61
2025-08-22,3168.73,42633.29,25339.14
2025-08-25,3209.86,42807.82,25829.91
2025-08-26,3179.36,42394.4,25524.92
2025-08-27,3187.16,42520.27,25201.76
2025-08-28,3196.32,42828.79,24998.82
2025-08-29,3186.01,42718.47,25077.62
2025-09-01,3142.93,42188.79,25617.42
2025-09-02,3172.35,42310.49,25496.55
2025-09-03,3184.42,41938.89,25343.43
2025-09-04,3200.83,42580.27,25058.51
2025-09-05,3205.12,43018.75,25417.98
2025-09-08,3219.59,43643.81,25633.91
2025-09-09,3260.05,43459.29,25938.13
2025-09-10,3314.53,43837.67,26200.26
2025-09-11,3344.2,44372.5,26086.32
2025-09-12,3395.54,44768.12,26388.16
2025-09-15,3407.31,,26446.56
2025-09-16,3449.62,44902.27,26438.51
2025-09-17,3413.4,44790.38,26908.39
2025-09-18,3461.3,45303.43,26544.85
2025-09-19,3445.24,45045.81,26545.1
2025-09-22,3468.65,45493.66,26344.14
2025-09-23,3486.19,,26159.12
2025-09-24,3472.14,45630.31,26518.65
2025-09-25,3471.11,45754.93,26484.68
2025-09-26,3386.05,45354.99,26128.2
2025-09-29,3431.21,45043.75,26622.88
2025-09-30,3424.6,44932.63,26855.56
2025-10-01,3455.83,44550.85,
2025-10-02,3549.21,44936.73,27287.12
2025-10-03,,45769.5,27140.92
2025-10-06,,47944.76,26957.77
2025-10-07,,47950.88,
2025-10-08,,47734.99,26829.46
2025-10-09,,48580.44,26752.59
2025-10-10,3610.6,48088.8,26290.32
2025-10-13,3584.55,,25889.48
2025-10-14,3561.81,46847.32,25441.35
2025-10-15,3657.28,47672.67,25910.6
2025-10-16,3748.37,48277.74,25888.51
2025-10-17,3748.89,47582.15,25247.1
2025-10-20,3814.69,49185.5,25858.83
2025-10-21,3823.84,49316.06,26027.55
2025-10-22,3883.68,49307.79,25781.77
2025-10-23,3845.56,48641.61,25967.98
2025-10-24,3941.59,49299.65,26160.15
2025-10-27,4042.83,50512.32,26433.7
2025-10-28,4010.41,50219.18,26346.14
2025-10-29,4081.15,51307.65,
2025-10-30,4086.89,51325.61,26282.69
2025-10-31,4107.5,52411.34,25906.65
2025-11-03,4221.87,,26158.36
2025-11-04,4121.74,51497.2,25952.4
2025-11-05,4004.42,50212.27,25935.41
2025-11-06,4026.45,50883.68,26485.9
2025-11-07,3953.76,50276.37,26241.83
2025-11-10,4073.24,50911.76,26649.06
2025-11-11,4106.39,50842.93,26696.41
2025-11-12,4150.39,51063.31,26922.73
2025-11-13,4170.63,51281.83,27073.03
2025-11-14,4011.57,50376.53,26572.46
2025-11-17,4089.25,50323.91,26384.28
2025-11-18,3953.62,48702.98,25930.03
2025-11-19,3929.51,48537.7,25830.65
2025-11-20,4004.85,49823.94,25835.57
2025-11-21,3853.26,48625.88,25220.02
2025-11-24,3846.06,,25716.5
2025-11-25,3857.78,48659.52,25894.55
2025-11-26,3960.87,49559.07,25928.08
2025-11-27,3986.91,50167.1,25945.93
2025-11-28,3926.59,50253.91,25858.89
2025-12-01,3920.37,49303.28,26033.26
2025-12-02,3994.93,49303.45,26095.05
2025-12-03,4036.3,49864.68,25760.73
2025-12-04,4028.51,51028.42,25935.9
2025-12-05,4100.05,50491.87,26085.08
2025-12-08,4154.85,50581.94,25765.36
2025-12-09,4143.55,50655.1,25434.23
2025-12-10,4135.0,50602.8,25540.78
2025-12-11,4110.62,50148.82,25530.51
2025-12-12,4167.16,50836.55,25976.79
2025-12-15,4090.59,50168.11,25628.88
2025-12-16,3999.13,49383.29,25235.41
2025-12-17,4056.41,49512.28,25468.78
2025-12-18,3994.51,49001.5,25498.13
2025-12-19,4020.55,49507.21,25690.53
2025-12-22,4105.93,50402.39,25801.77
2025-12-23,4117.32,50412.87,25774.14
2025-12-24,4108.62,50344.1,25818.93
2025-12-25,,50407.79,
2025-12-26,4129.68,50750.39,
2025-12-29,4220.56,50526.92,25635.23
2025-12-30,4214.17,50339.48,25854.6
2025-12-31,,,25630.54
