Date,FTSE100,CAC40,DAX
1990-01-02,2434.1,1988.85,1814.38
1990-01-03,2463.7,1979.89,1869.66
1990-01-04,2451.6,2006.42,1835.88
1990-01-05,2444.5,1994.36,1820.0
1990-01-06,,,
1990-01-08,2431.3,1968.95,1843.24
1990-01-09,2436.3,1970.28,1865.94
1990-01-10,2412.7,1970.38,1839.63
1990-01-11,2417.9,1992.89,1855.83
1990-01-12,2380.0,1968.65,1855.66
1990-01-13,,,
1990-01-15,2366.2,1962.89,1841.61
1990-01-16,2349.1,1935.21,1788.68
1990-01-17,2373.9,1953.14,1802.48
1990-01-18,2336.9,1934.72,1779.17
1990-01-19,2335.0,1925.95,1773.56
1990-01-20,,,
1990-01-22,2297.1,1915.82,1779.3
1990-01-23,2291.1,1912.36,1801.52
1990-01-24,2278.6,1881.73,1756.41
1990-01-25,2289.9,1893.23,1787.59
1990-01-26,2314.5,1886.75,1794.14
1990-01-29,2328.8,1904.71,1811.55
1990-01-30,2322.0,1892.03,1812.9
1990-01-31,2337.3,1882.88,1822.78
1990-02-01,2345.8,1895.53,1858.08
1990-02-02,2355.1,1924.7,1910.67
1990-02-03,,,
1990-02-05,2348.4,1926.14,1939.43
1990-02-06,2321.1,1916.33,1937.72
1990-02-07,2307.4,1895.24,1900.1
1990-02-08,2331.0,1905.51,1915.79
1990-02-09,2313.6,1898.25,1885.89
1990-02-10,,,
1990-02-12,2285.9,1867.4,1860.39
1990-02-13,2293.2,1845.43,1840.98
1990-02-14,2298.3,1853.99,1832.23
1990-02-15,2313.8,1856.86,1850.96
1990-02-16,2325.9,1871.12,1893.66
1990-02-17,,,
1990-02-19,2297.1,1838.03,1869.19
1990-02-20,2277.0,1820.16,1823.81
1990-02-21,2259.7,1803.79,1807.19
1990-02-22,2269.2,1836.91,1820.15
1990-02-23,2236.7,1803.62,1789.64
1990-02-24,,,
1990-02-26,2249.3,1804.1,1776.04
1990-02-27,2254.8,1825.38,1804.32
1990-02-28,2255.4,1849.68,1809.92
1990-03-01,2238.4,1832.44,1787.87
1990-03-02,2254.8,1860.48,1818.23
1990-03-03,,,
1990-03-05,2230.5,1874.43,1833.16
1990-03-06,2216.0,1872.3,1822.22
1990-03-07,2230.3,1880.57,1844.72
1990-03-08,2249.9,1917.99,1860.92
1990-03-09,2234.3,1921.11,1858.74
1990-03-12,2222.4,1912.59,1846.08
1990-03-13,2224.5,1924.3,1867.48
1990-03-14,2226.1,1946.37,1862.84
1990-03-15,2234.9,1964.47,1879.32
1990-03-16,2263.9,1958.82,1889.69
1990-03-17,,,
1990-03-19,2238.0,1936.96,1906.77
1990-03-20,2259.7,1925.39,1908.83
1990-03-21,2250.3,1937.18,1937.99
1990-03-22,2258.9,1914.11,1918.98
1990-03-23,2283.9,1937.4,1932.12
1990-03-24,,,
1990-03-26,2298.2,1964.16,1939.53
1990-03-27,2266.3,1945.96,1924.98
1990-03-28,2274.0,1939.33,1928.6
1990-03-29,2263.0,1947.23,1953.89
1990-03-30,2247.9,1971.79,1968.55
1990-03-31,,,
1990-04-02,2221.6,1947.18,1931.3
1990-04-03,2240.7,1985.55,1968.33
1990-04-04,2231.6,2001.49,1963.25
1990-04-05,2239.5,2028.06,1958.39
1990-04-06,2221.1,2069.89,1947.84
1990-04-07,,,
1990-04-09,2227.7,2083.9,1923.86
1990-04-10,2217.5,2075.38,1898.51
1990-04-11,2215.5,2103.1,1893.77
1990-04-12,2222.1,2116.66,1918.17
1990-04-13,,,
1990-04-14,,,
1990-04-16,,,
1990-04-17,2214.5,2126.34,1914.35
1990-04-18,2205.9,2098.68,1889.76
1990-04-19,2184.7,2097.12,1878.87
1990-04-20,2187.1,2129.32,1884.33
1990-04-21,,,
1990-04-23,2159.2,2089.77,1837.5
1990-04-24,2159.9,2101.4,1830.53
1990-04-25,2143.2,2091.57,1843.31
1990-04-26,2133.6,2072.16,1827.07
1990-04-27,2106.6,2066.27,1825.52
1990-04-28,,,
1990-04-30,2103.4,2046.46,1813.25
1990-05-01,2117.9,,
1990-05-02,2137.5,2066.03,1843.41
1990-05-03,2134.7,2098.95,1881.79
1990-05-04,2162.1,2102.64,1912.89
1990-05-07,,2119.83,1934.95
1990-05-08,2182.3,,1899.28
1990-05-09,2162.7,2103.69,1896.58
1990-05-10,2157.0,2104.56,1893.42
1990-05-11,2175.9,2091.85,1875.03
1990-05-12,,,
1990-05-14,2214.5,2090.14,1860.33
1990-05-15,2212.2,2070.67,1851.25
1990-05-16,2221.1,2070.7,1841.77
1990-05-17,2284.4,2103.94,1841.58
1990-05-18,2269.2,2100.17,1843.59
1990-05-19,,,
1990-05-21,2282.0,2092.21,1811.18
1990-05-22,2311.3,2115.0,1813.26
1990-05-23,2287.4,2123.34,1831.8
1990-05-24,2277.0,,
1990-05-25,2265.6,2111.9,1823.17
1990-05-26,,,
1990-05-28,,2114.39,1828.96
1990-05-29,2295.6,2123.09,1842.74
1990-05-30,2346.0,2120.8,1840.54
1990-05-31,2345.2,2107.51,1844.41
1990-06-01,2371.3,2087.6,1856.95
1990-06-02,,,
1990-06-04,2379.0,,
1990-06-05,2380.1,2069.43,1876.69
1990-06-06,2358.5,2045.43,1849.02
1990-06-07,2378.4,2050.45,1837.43
1990-06-08,2366.4,2021.41,1822.23
1990-06-09,,,
1990-06-11,2348.9,2002.38,1809.66
1990-06-12,2370.8,2005.82,1800.36
1990-06-13,2405.3,2025.59,1787.39
1990-06-14,2403.0,2028.08,
1990-06-15,2392.3,2011.87,1792.26
1990-06-16,,,
1990-06-18,2370.5,1988.33,1797.42
1990-06-19,2369.7,2000.14,1836.74
1990-06-20,2371.4,2003.66,1849.55
1990-06-21,2370.3,2007.98,1863.57
1990-06-22,2378.5,2031.73,1872.92
1990-06-23,,,
1990-06-25,2398.5,2040.08,1896.21
1990-06-26,2399.8,2053.4,1890.36
1990-06-27,2373.6,2033.2,1901.46
1990-06-28,2355.7,2038.41,1895.17
1990-06-29,2374.7,2035.03,1879.9
1990-06-30,,,
1990-07-02,2372.0,2029.54,1915.3
1990-07-03,2371.7,2031.98,1906.23
1990-07-04,2355.5,2015.93,1925.13
1990-07-05,2331.4,1999.98,1914.18
1990-07-06,2340.0,2001.9,1932.8
1990-07-07,,,
1990-07-09,2337.6,1990.38,1923.86
1990-07-10,2327.6,1963.02,1909.63
1990-07-11,2360.5,1971.42,1917.89
1990-07-12,2370.5,1975.18,1916.22
1990-07-13,2382.2,1998.34,1931.33
1990-07-14,,,
1990-07-16,2406.5,2015.59,1931.86
1990-07-17,2415.0,2019.5,1929.0
1990-07-18,2402.0,2030.75,1966.04
1990-07-19,2387.3,2023.31,1959.09
1990-07-20,2400.0,2030.6,1947.43
1990-07-21,,,
1990-07-23,2359.7,1990.04,1938.04
1990-07-24,2360.9,1995.61,1921.16
1990-07-25,2364.7,1998.58,1920.25
1990-07-26,2344.1,1984.37,1932.89
1990-07-27,2330.1,1965.79,1919.81
1990-07-28,,,
1990-07-30,2316.5,1955.35,1911.69
1990-07-31,2326.2,1965.57,1919.12
1990-08-01,2339.1,1960.07,1892.89
1990-08-02,2304.7,1918.45,1869.38
1990-08-03,2284.6,1869.45,1840.94
1990-08-04,,,
1990-08-06,2220.1,1773.79,1740.93
1990-08-07,2235.8,1811.84,1770.3
1990-08-08,2237.5,1757.09,1723.63
1990-08-09,2244.6,1779.86,1755.63
1990-08-10,2233.8,1779.83,1749.34
1990-08-11,,,
1990-08-13,2219.6,1721.01,1706.05
1990-08-14,2234.0,1712.03,1715.05
1990-08-15,2239.3,,1742.2
1990-08-16,2222.2,1723.41,1727.42
1990-08-17,2177.1,1665.0,1665.88
1990-08-18,,,
1990-08-20,2156.6,1611.92,1635.69
1990-08-21,2107.8,1546.51,1549.96
1990-08-22,2104.9,1586.27,1575.1
1990-08-23,2075.1,1553.35,1520.34
1990-08-24,2086.4,1617.42,1559.04
1990-08-25,,,
1990-08-27,,1699.72,1654.8
1990-08-28,2126.1,1680.58,1617.89
1990-08-29,2125.7,1698.66,1637.66
1990-08-30,2153.6,1723.23,1638.95
1990-08-31,2162.8,1690.17,1629.51
1990-09-01,,,
1990-09-03,2166.7,1644.01,1629.22
1990-09-04,2147.9,1620.93,1590.07
1990-09-05,2152.0,1638.32,1564.27
1990-09-06,2120.9,1609.51,1557.12
1990-09-07,2123.0,1619.16,1562.48
1990-09-08,,,
1990-09-10,2147.0,1661.76,1600.45
1990-09-11,2144.3,1653.94,1577.42
1990-09-12,2142.3,1648.09,1598.34
1990-09-13,2127.1,1646.27,1582.95
1990-09-14,2093.8,1614.93,1554.07
1990-09-15,,,
1990-09-17,2094.2,1604.02,1541.15
1990-09-18,2064.0,1579.93,1507.27
1990-09-19,2065.8,1570.28,1487.54
1990-09-20,2016.9,1540.6,1457.51
1990-09-21,2025.4,1543.53,1446.57
1990-09-22,,,
1990-09-24,1990.3,1502.8,1416.05
1990-09-25,1999.3,1485.39,1353.4
1990-09-26,2000.0,1499.17,1381.99
1990-09-27,2009.0,1523.95,1354.08
1990-09-28,1990.3,1491.76,1334.89
1990-09-29,,,
1990-10-01,2030.9,1534.44,1420.73
1990-10-02,2058.5,1572.94,1444.89
1990-10-03,2087.0,1567.48,
1990-10-04,2070.5,1552.74,1422.66
1990-10-05,2144.2,1551.93,1392.41
1990-10-06,,,
1990-10-08,2201.6,1586.16,1456.21
1990-10-09,2121.8,1551.46,1441.06
1990-10-10,2102.2,1540.12,1407.07
1990-10-11,2100.4,1541.76,1428.29
1990-10-12,2101.9,1575.7,1459.7
1990-10-13,,,
1990-10-15,2083.6,1598.91,1478.89
1990-10-16,2068.0,1601.92,1460.72
1990-10-17,2082.6,1616.0,1440.79
1990-10-18,2089.0,1647.67,1470.07
1990-10-19,2102.0,1644.7,1482.09
1990-10-20,,,
1990-10-22,2127.0,1639.95,1474.51
1990-10-23,2110.5,1676.17,1514.34
1990-10-24,2088.7,1667.24,1493.82
1990-10-25,2063.2,1645.99,1497.58
1990-10-26,2062.1,1618.58,1457.05
1990-10-27,,,
1990-10-29,2033.9,1627.9,1454.49
1990-10-30,2050.4,1613.59,1433.17
1990-10-31,2050.3,1645.57,1433.82
1990-11-01,2028.0,,1417.26
1990-11-02,2030.4,1634.8,1414.32
1990-11-03,,,
1990-11-05,2050.1,1620.57,1415.38
1990-11-06,2070.3,1613.49,1398.24
1990-11-07,2059.1,1583.46,1371.15
1990-11-08,2036.2,1569.86,1369.44
1990-11-09,2040.6,1572.83,1381.49
1990-11-10,,,
1990-11-12,2051.9,1597.34,1402.24
1990-11-13,2056.0,1610.13,1402.91
1990-11-14,2046.0,1599.13,1406.23
1990-11-15,2060.0,1598.02,1421.19
1990-11-16,2068.1,1612.1,1425.68
1990-11-17,,,
1990-11-19,2095.9,1633.65,1467.47
1990-11-20,2115.2,1633.15,1467.3
1990-11-21,2126.3,1626.97,
1990-11-22,2127.9,1639.68,1496.1
1990-11-23,2170.5,1640.06,1483.36
1990-11-24,,,
1990-11-26,2151.9,1607.24,1443.16
1990-11-27,2159.5,1605.92,1415.26
1990-11-28,2144.3,1601.25,1420.62
1990-11-29,2135.7,1607.06,1418.92
1990-11-30,2149.3,1605.12,1441.23
1990-12-01,,,
1990-12-03,2162.7,1644.87,1462.58
1990-12-04,2146.4,1646.53,1446.34
1990-12-05,2152.6,1660.44,1470.96
1990-12-06,2177.5,1693.52,1504.67
1990-12-07,2183.3,1690.71,1512.84
1990-12-08,,,
1990-12-10,2182.5,1675.01,1504.8
1990-12-11,2166.1,1665.54,1492.68
1990-12-12,2156.9,1667.85,1517.24
1990-12-13,2172.2,1659.4,1517.8
1990-12-14,2168.4,1635.52,1522.4
1990-12-15,,,
1990-12-17,2157.8,1606.23,1475.87
1990-12-18,2161.8,1591.65,1477.41
1990-12-19,2178.7,1589.32,1457.24
1990-12-20,2158.8,1552.72,1409.26
1990-12-21,2164.5,1563.97,1414.88
1990-12-22,,,
1990-12-24,2156.5,,
1990-12-25,,,
1990-12-26,,,
1990-12-27,2167.8,1528.9,1410.87
1990-12-28,2160.4,1517.93,1398.23
1990-12-31,2143.4,1505.1,1398.23
1991-01-02,2128.3,1505.1,1366.1
1991-01-03,2117.8,1539.5,1366.65
1991-01-04,2126.1,1547.66,1396.07
1991-01-05,,,
1991-01-07,2113.4,1507.87,1358.16
1991-01-08,2099.9,1502.77,1353.95
1991-01-09,2128.9,1552.19,1375.16
1991-01-10,2108.7,1507.09,1383.4
1991-01-11,2105.8,1494.94,1382.26
1991-01-12,,,
1991-01-14,2080.8,1441.17,1331.25
1991-01-15,2071.1,1457.27,1325.62
1991-01-16,2054.9,1457.77,1322.68
1991-01-17,2104.6,1560.47,1414.58
1991-01-18,2102.7,1560.27,1405.06
1991-01-19,,,
1991-01-21,2084.0,1553.57,1390.2
1991-01-22,2081.6,1548.64,1375.12
1991-01-23,2080.5,1522.39,1358.76
1991-01-24,2099.5,1553.77,1375.16
1991-01-25,2103.0,1563.0,1382.05
1991-01-26,,,
1991-01-28,2118.0,1565.69,1382.68
1991-01-29,2113.8,1554.49,1380.26
1991-01-30,2152.6,1582.45,1400.73
1991-01-31,2170.1,1580.67,1420.18
1991-02-01,2165.8,1578.08,1426.51
1991-02-02,,,
1991-02-04,2172.4,1581.73,1435.03
1991-02-05,2201.9,1599.24,1438.03
1991-02-06,2194.8,1598.11,1428.69
1991-02-07,2243.7,1598.22,1436.26
1991-02-08,2245.0,1622.75,1467.82
1991-02-09,,,
1991-02-11,2278.9,1637.29,1488.74
1991-02-12,2264.5,1626.24,1468.94
1991-02-13,2267.8,1635.84,1489.41
1991-02-14,2294.4,1652.68,1486.52
1991-02-15,2296.9,1670.39,1531.19
1991-02-18,2318.3,1694.96,1572.57
1991-02-19,2312.4,1700.93,1587.13
1991-02-20,2296.8,1693.07,1567.32
1991-02-21,2312.4,1709.72,1565.59
1991-02-22,2314.2,1716.88,1582.52
1991-02-23,,,
1991-02-25,2335.4,1745.17,1601.15
1991-02-26,2322.2,1712.31,1558.24
1991-02-27,2348.1,1731.02,1565.52
1991-02-28,2380.8,1759.79,1542.09
1991-03-01,2386.9,1746.79,1516.74
1991-03-02,,,
1991-03-04,2382.9,1766.74,1530.86
1991-03-05,2420.1,1800.63,1540.26
1991-03-06,2459.9,1821.01,1594.32
1991-03-07,2437.7,1831.85,1580.46
1991-03-08,2455.0,1828.14,1602.45
1991-03-09,,,
1991-03-11,2459.2,1796.7,1565.78
1991-03-12,2454.4,1795.48,1571.61
1991-03-13,2448.2,1781.17,1542.19
1991-03-14,2500.6,1816.81,1576.55
1991-03-15,2494.2,1800.49,1570.55
1991-03-16,,,
1991-03-18,2490.6,1777.91,1552.85
1991-03-19,2458.9,1740.97,1546.53
1991-03-20,2441.2,1752.22,1517.92
1991-03-21,2474.8,1771.32,1519.59
1991-03-22,2440.4,1772.14,1520.29
1991-03-23,,,
1991-03-25,2432.0,1773.55,1515.5
1991-03-26,2437.6,1775.09,1498.44
1991-03-27,2464.6,1797.06,1508.8
1991-03-28,2456.6,1816.36,1522.8
1991-03-29,,,
1991-03-30,,,
1991-04-01,,,
1991-04-02,2488.3,1827.1,1538.62
1991-04-03,2519.1,1851.89,1577.5
1991-04-04,2524.4,1836.21,1571.97
1991-04-05,2545.4,1851.71,1586.87
1991-04-06,,,
1991-04-08,2530.0,1847.57,1579.95
1991-04-09,2527.2,1845.96,1582.11
1991-04-10,2518.8,1816.92,1561.89
1991-04-11,2531.4,1825.6,1565.37
1991-04-12,2526.1,1821.43,1583.14
1991-04-13,,,
1991-04-15,2542.7,1822.35,1601.42
1991-04-16,2519.5,1802.91,1603.36
1991-04-17,2545.0,1829.45,1623.83
1991-04-18,2538.4,1815.74,1613.76
1991-04-19,2519.8,1791.12,1599.37
1991-04-20,,,
1991-04-22,2490.9,1767.2,1571.91
1991-04-23,2503.8,1781.83,1597.05
1991-04-24,2488.5,1782.03,1603.73
1991-04-25,2482.1,1777.01,1620.45
1991-04-26,2471.0,1774.67,1623.81
1991-04-27,,,
1991-04-29,2498.3,1797.35,1620.28
1991-04-30,2486.3,1779.18,1605.79
1991-05-01,2508.5,,
1991-05-02,2530.6,1824.23,1630.04
1991-05-03,2522.7,1832.31,1631.84
1991-05-04,,,
1991-05-06,,1828.77,1623.99
1991-05-07,2540.5,1830.18,1627.46
1991-05-08,2523.4,,1607.28
1991-05-09,2541.9,,
1991-05-10,2524.3,1850.27,1620.63
1991-05-11,,,
1991-05-13,2486.6,1834.45,1610.9
1991-05-14,2462.2,1805.57,1598.5
1991-05-15,2459.2,1802.63,1590.35
1991-05-16,2471.9,1826.31,1598.08
1991-05-17,2454.0,1826.96,1598.87
1991-05-18,,,
1991-05-20,2466.6,,
1991-05-21,2482.7,1833.09,1617.4
1991-05-22,2465.9,1831.13,1647.69
1991-05-23,2482.8,1813.71,1652.71
1991-05-24,2471.1,1804.83,1671.87
1991-05-25,,,
1991-05-27,,1798.92,1681.45
1991-05-28,2479.7,1807.81,1682.14
1991-05-29,2492.9,1825.16,1681.53
1991-05-30,2491.2,1837.09,
1991-05-31,2499.5,1861.78,1704.11
1991-06-01,,,
1991-06-03,2515.8,1865.66,1694.11
1991-06-04,2506.0,1851.29,1685.38
1991-06-05,2521.5,1862.92,1712.76
1991-06-06,2525.3,1863.92,1704.17
1991-06-07,2506.2,1852.51,1709.64
1991-06-08,,,
1991-06-10,2511.9,1846.25,1704.92
1991-06-11,2542.6,1874.81,1715.8
1991-06-12,2520.2,1849.11,1700.84
1991-06-13,2514.6,1847.24,1692.63
1991-06-14,2522.2,1858.17,1699.83
1991-06-15,,,
1991-06-17,2524.1,1844.85,1701.07
1991-06-18,2516.0,1830.63,1695.42
1991-06-19,2484.9,1798.19,1683.03
1991-06-20,2479.9,1793.65,1687.03
1991-06-21,2487.3,1806.63,1711.86
1991-06-22,,,
1991-06-24,2458.3,1775.63,1691.56
1991-06-25,2461.1,1775.53,1691.56
1991-06-26,2437.3,1760.52,1672.14
1991-06-27,2452.5,1767.99,1666.09
1991-06-28,2414.7,1747.62,1622.18
1991-06-29,,,
1991-07-01,2443.6,1772.81,1625.2
1991-07-02,2460.2,1750.47,1610.52
1991-07-03,2448.1,1718.02,1614.41
1991-07-04,2470.4,1708.05,1616.11
1991-07-05,2484.9,1723.14,1618.91
1991-07-06,,,
1991-07-08,2466.9,1714.3,1605.04
1991-07-09,2487.9,1734.45,1627.63
1991-07-10,2508.4,1757.38,1634.74
1991-07-11,2510.5,1754.03,1637.85
1991-07-12,2497.4,1754.29,1644.76
1991-07-13,,,
1991-07-15,2532.5,1759.77,1646.57
1991-07-16,2557.0,1755.51,1643.85
1991-07-17,2561.0,1758.11,1625.51
1991-07-18,2547.3,,1618.33
1991-07-19,2541.5,1763.54,1623.99
1991-07-20,,,
1991-07-22,2558.5,1762.78,1623.03
1991-07-23,2587.9,1768.93,1632.94
1991-07-24,2580.7,1778.07,1621.69
1991-07-25,2579.6,1780.01,1615.38
1991-07-26,2589.5,1767.66,1605.64
1991-07-27,,,
1991-07-29,2595.0,1767.66,1605.57
1991-07-30,2595.6,1757.9,1614.93
1991-07-31,2588.7,1754.73,1622.31
1991-08-01,2591.7,1766.81,1622.56
1991-08-02,2601.6,1772.13,1615.36
1991-08-03,,,
1991-08-05,2585.4,1764.31,1622.03
1991-08-06,2573.3,1759.53,1611.9
1991-08-07,2597.4,1782.44,1630.21
1991-08-08,2600.6,1789.5,1630.21
1991-08-09,2570.6,1783.54,1632.21
1991-08-10,,,
1991-08-12,2569.4,1780.38,1626.06
1991-08-13,2584.9,1808.84,1644.72
1991-08-14,2608.8,1820.31,1650.19
1991-08-15,2617.2,,1654.29
1991-08-16,2621.0,,1653.33
1991-08-17,,,
1991-08-19,2540.5,1687.54,1541.24
1991-08-20,2554.5,1725.57,1541.0
1991-08-21,2601.9,1792.87,1570.82
1991-08-22,2623.0,1819.13,1630.83
1991-08-23,2640.7,1833.45,1627.24
1991-08-24,,,
1991-08-26,,1853.38,1654.19
1991-08-27,2619.8,1849.67,1647.12
1991-08-28,2624.2,1851.83,1647.5
1991-08-29,2638.2,1857.74,1655.5
1991-08-30,2645.7,1864.26,1650.5
1991-08-31,,,
1991-09-02,2679.6,1863.52,1650.46
1991-09-03,2669.0,1873.18,1655.64
1991-09-04,2664.6,1860.82,1647.91
1991-09-05,2663.3,1868.67,1647.17
1991-09-06,2667.4,1860.39,1646.18
1991-09-07,,,
1991-09-09,2653.2,1855.88,1633.06
1991-09-10,2630.8,1840.47,1629.12
1991-09-11,2626.6,1842.56,1628.19
1991-09-12,2641.9,1861.17,1631.32
1991-09-13,2625.8,1876.19,1637.62
1991-09-14,,,
1991-09-16,2606.0,1878.26,1629.75
1991-09-17,2594.4,1878.42,1634.55
1991-09-18,2583.6,1869.41,1628.07
1991-09-19,2588.7,1880.36,1620.7
1991-09-20,2600.3,1885.49,1616.07
1991-09-23,2579.5,1888.35,1614.16
1991-09-24,2576.6,1885.23,1626.63
1991-09-25,2597.8,1877.93,1625.41
1991-09-26,2595.6,1876.49,1619.99
1991-09-27,2599.0,1883.8,1608.14
1991-09-28,,,
1991-09-30,2621.7,1880.59,1607.03
1991-10-01,2645.6,1887.37,1609.62
1991-10-02,2644.2,1878.25,1607.32
1991-10-03,2625.6,1867.11,
1991-10-04,2624.6,1851.91,1601.73
1991-10-05,,,
1991-10-07,2596.2,1843.58,1588.66
1991-10-08,2599.5,1848.11,1578.71
1991-10-09,2584.1,1843.43,1567.22
1991-10-10,2570.8,1843.64,1567.95
1991-10-11,2555.0,1833.82,1568.42
1991-10-12,,,
1991-10-14,2574.5,1833.38,1571.04
1991-10-15,2576.7,1856.89,1585.04
1991-10-16,2579.0,1863.4,1570.11
1991-10-17,2588.7,1855.47,1564.51
1991-10-18,2601.1,1864.2,1563.25
1991-10-19,,,
1991-10-21,2575.7,1845.97,1572.68
1991-10-22,2559.5,1836.79,1580.71
1991-10-23,2561.1,1830.36,1587.89
1991-10-24,2528.3,1831.61,1579.01
1991-10-25,2514.7,1834.8,1572.03
1991-10-26,,,
1991-10-28,2558.5,1852.07,1576.81
1991-10-29,2553.3,1853.5,1590.75
1991-10-30,2577.1,1861.8,1582.83
1991-10-31,2566.0,1856.67,1582.06
1991-11-01,2549.5,,1573.55
1991-11-02,,,
1991-11-04,2527.8,1841.51,1570.21
1991-11-05,2540.9,1846.91,1576.12
1991-11-06,2534.2,1836.06,1574.59
1991-11-07,2538.0,1838.57,1578.4
1991-11-08,2559.0,1857.55,1606.22
1991-11-09,,,
1991-11-11,2554.9,,1609.02
1991-11-12,2575.5,1858.44,1621.22
1991-11-13,2546.5,1846.79,1623.23
1991-11-14,2561.6,1868.53,1620.96
1991-11-15,2546.5,1863.2,1629.37
1991-11-16,,,
1991-11-18,2502.9,1808.27,1611.93
1991-11-19,2463.1,1765.09,1599.05
1991-11-20,2472.6,1763.49,
1991-11-21,2463.5,1766.02,1598.1
1991-11-22,2446.3,1741.28,1600.26
1991-11-23,,,
1991-11-25,2456.2,1743.25,1589.16
1991-11-26,2471.5,1768.97,1602.87
1991-11-27,2447.5,1757.86,1586.16
1991-11-28,2428.6,1754.88,1588.16
1991-11-29,2420.2,1739.7,1566.57
1991-11-30,,,
1991-12-02,2414.9,1708.78,1545.44
1991-12-03,2420.2,1722.21,1546.84
1991-12-04,2423.8,1713.93,1560.96
1991-12-05,2407.0,1703.23,1553.42
1991-12-06,2388.7,1685.72,1558.18
1991-12-07,,,
1991-12-09,2409.6,1663.37,1559.05
1991-12-10,2392.0,1636.93,1551.11
1991-12-11,2380.2,1645.56,1543.59
1991-12-12,2423.3,1671.62,1546.39
1991-12-13,2451.6,1688.27,1558.34
1991-12-14,,,
1991-12-16,2440.7,1696.8,1552.89
1991-12-17,2432.9,1711.73,1560.93
1991-12-18,2413.6,1706.17,1573.75
1991-12-19,2391.6,1684.19,1561.77
1991-12-20,2358.1,1648.5,1543.19
1991-12-21,,,
1991-12-23,2345.4,1633.57,1539.62
1991-12-24,2384.4,1699.1,
1991-12-25,,,
1991-12-26,,1722.48,
1991-12-27,2418.7,1720.65,1563.59
1991-12-30,2420.0,1741.86,1577.98
1991-12-31,2493.1,1765.66,
1992-01-02,2492.8,1749.91,1601.88
1992-01-03,2504.1,1769.81,1603.62
1992-01-04,,,
1992-01-06,2493.2,1787.57,1603.32
1992-01-07,2483.0,1778.73,1592.45
1992-01-08,2467.1,1785.64,1578.73
1992-01-09,2497.9,1833.86,1589.76
1992-01-10,2477.9,1837.44,1615.71
1992-01-11,,,
1992-01-13,2490.1,1824.29,1622.67
1992-01-14,2516.3,1843.81,1628.53
1992-01-15,2537.1,1873.63,1667.5
1992-01-16,2541.6,1860.19,1666.34
1992-01-17,2536.7,1859.95,1670.99
1992-01-18,,,
1992-01-20,2544.9,1865.85,1677.17
1992-01-21,2543.4,1867.91,1685.29
1992-01-22,2522.0,1841.32,1682.13
1992-01-23,2525.3,1838.69,1669.57
1992-01-24,2510.4,1849.92,1664.77
1992-01-25,,,
1992-01-27,2539.9,1869.27,1683.58
1992-01-28,2552.0,1890.6,1683.08
1992-01-29,2540.7,1879.64,1672.4
1992-01-30,2550.8,1873.94,1680.91
1992-01-31,2571.2,1875.25,1687.49
1992-02-01,,,
1992-02-03,2560.2,1856.98,1689.01
1992-02-04,2556.8,1856.48,1676.4
1992-02-05,2547.1,1865.79,1686.62
1992-02-06,2534.3,1860.61,1681.13
1992-02-07,2517.2,1861.61,1685.52
1992-02-08,,,
1992-02-10,2538.4,1865.55,1682.13
1992-02-11,2537.1,1864.06,1683.55
1992-02-12,2523.7,1861.6,1678.92
1992-02-13,2522.6,1876.47,1681.39
1992-02-14,2513.9,1865.11,1676.48
1992-02-15,,,
1992-02-17,2541.0,1882.07,1681.07
1992-02-18,2555.9,1912.21,1694.99
1992-02-19,2536.7,1915.41,1687.79
1992-02-20,2543.4,1951.22,1703.18
1992-02-21,2542.3,1962.37,1717.63
1992-02-22,,,
1992-02-24,2559.7,1976.52,1729.1
1992-02-25,2546.8,1953.53,1722.3
1992-02-26,2565.0,1981.31,1737.27
1992-02-27,2562.0,1985.12,1749.9
1992-02-28,2562.1,1983.38,1745.13
1992-02-29,,,
1992-03-02,2554.3,1979.67,1747.87
1992-03-03,2565.4,1983.77,1763.31
1992-03-04,2558.4,1988.09,1759.05
1992-03-05,2538.3,1973.04,1764.8
1992-03-06,2533.1,1966.91,1745.95
1992-03-07,,,
1992-03-09,2550.7,1976.28,1750.25
1992-03-10,2574.8,1993.88,1748.45
1992-03-11,2522.4,1968.02,1743.42
1992-03-12,2493.3,1941.75,1727.5
1992-03-13,2476.0,1947.05,1732.64
1992-03-14,,,
1992-03-16,2470.7,1929.22,1724.8
1992-03-17,2491.2,1943.59,1730.07
1992-03-18,2464.7,1928.18,1732.18
1992-03-19,2467.6,1921.99,1724.63
1992-03-20,2456.6,1919.12,1736.3
1992-03-21,,,
1992-03-23,2441.0,1884.57,1717.47
1992-03-24,2458.7,1896.26,1713.11
1992-03-25,2464.9,1928.28,1716.26
1992-03-26,2472.2,1934.75,1719.02
1992-03-27,2447.9,1923.54,1711.45
1992-03-28,,,
1992-03-30,2452.9,1943.75,1710.31
1992-03-31,2440.1,1942.43,1717.86
1992-04-01,2408.6,1928.07,1707.3
1992-04-02,2405.4,1941.95,1721.66
1992-04-03,2382.7,1942.73,1719.63
1992-04-04,,,
1992-04-06,2400.9,1974.77,1734.19
1992-04-07,2404.2,1975.38,1739.42
1992-04-08,2393.2,1907.48,1720.01
1992-04-09,2436.4,1943.64,1720.25
1992-04-10,2572.6,1974.06,1736.07
1992-04-11,,,
1992-04-13,2591.0,1963.27,1727.74
1992-04-14,2600.5,1972.31,1732.53
1992-04-15,2640.2,1990.69,1743.79
1992-04-16,2638.6,1978.21,1749.23
1992-04-17,,,
1992-04-18,,,
1992-04-20,,,
1992-04-21,2625.8,1980.36,1746.5
1992-04-22,2607.8,1983.68,1753.3
1992-04-23,2609.8,1978.14,1752.44
1992-04-24,2643.0,1984.91,1745.7
1992-04-25,,,
1992-04-27,2658.2,1995.72,1742.22
1992-04-28,2651.0,2006.62,1735.94
1992-04-29,2664.9,2036.72,1735.91
1992-04-30,2654.1,2031.14,1734.03
1992-05-01,2659.8,,
1992-05-02,,,
1992-05-04,,2041.62,1728.29
1992-05-05,2662.2,2046.93,1732.64
1992-05-06,2698.7,2047.15,1743.5
1992-05-07,2701.9,2063.4,1750.81
1992-05-08,2725.7,,1748.18
1992-05-09,,,
1992-05-11,2737.8,2077.49,1753.03
1992-05-12,2722.4,2063.63,1751.16
1992-05-13,2720.5,2053.17,1749.42
1992-05-14,2694.7,2017.0,1742.26
1992-05-15,2682.6,2023.95,1724.07
1992-05-16,,,
1992-05-18,2703.6,2051.64,1758.43
1992-05-19,2700.6,2023.13,1763.26
1992-05-20,2711.9,2030.84,1787.5
1992-05-21,2702.0,2016.83,1785.48
1992-05-22,2715.0,2045.12,1802.96
1992-05-23,,,
1992-05-25,,2046.25,1811.57
1992-05-26,2704.6,2029.58,1806.66
1992-05-27,2698.6,2014.09,1794.05
1992-05-28,2694.2,,
1992-05-29,2707.6,2033.29,1803.22
1992-05-30,,,
1992-06-01,2697.6,2017.4,1798.14
1992-06-02,2705.9,2024.87,1801.39
1992-06-03,2680.9,1992.61,1788.58
1992-06-04,2681.9,1994.87,1792.31
1992-06-05,2668.5,1981.58,1789.07
1992-06-08,2645.8,,
1992-06-09,2635.4,1962.23,1786.26
1992-06-10,2636.1,1953.73,1789.76
1992-06-11,2614.1,1928.84,1781.81
1992-06-12,2603.7,1928.29,1782.27
1992-06-13,,,
1992-06-15,2593.6,1918.14,1773.9
1992-06-16,2616.3,1931.41,1779.1
1992-06-17,2598.4,1908.84,1771.78
1992-06-18,2562.7,1891.8,
1992-06-19,2584.8,1913.92,1772.89
1992-06-20,,,
1992-06-22,2550.3,1885.77,1770.64
1992-06-23,2560.6,1895.8,1771.14
1992-06-24,2532.6,1899.64,1768.49
1992-06-25,2557.3,1920.34,1764.89
1992-06-26,2534.1,1915.31,1754.13
1992-06-27,,,
1992-06-29,2515.8,1907.3,1757.12
1992-06-30,2521.2,1900.63,1752.63
1992-07-01,2493.9,1880.92,1756.26
1992-07-02,2476.1,1873.52,1768.61
1992-07-03,2497.1,1883.64,1776.98
1992-07-04,,,
1992-07-06,2469.0,1868.52,1772.36
1992-07-07,2493.7,1879.09,1767.51
1992-07-08,2472.6,1847.75,1751.18
1992-07-09,2497.9,1861.84,1757.64
1992-07-10,2490.8,1859.44,1754.48
1992-07-11,,,
1992-07-13,2478.3,,1736.5
1992-07-14,2484.0,,1734.1
1992-07-15,2486.4,1853.26,1734.62
1992-07-16,2483.4,1851.23,1740.53
1992-07-17,2431.9,1801.78,1702.66
1992-07-18,,,
1992-07-20,2403.7,1767.9,1649.67
1992-07-21,2415.6,1762.67,1659.77
1992-07-22,2387.9,1727.49,1628.22
1992-07-23,2399.5,1734.56,1623.37
1992-07-24,2377.2,1734.62,1610.42
1992-07-25,,,
1992-07-27,2348.0,1755.35,1618.09
1992-07-28,2373.4,1769.0,1610.64
1992-07-29,2423.3,1801.63,1628.15
1992-07-30,2411.6,1782.57,1623.99
1992-07-31,2399.6,1754.67,1615.42
1992-08-01,,,
1992-08-03,2420.2,1784.44,1594.71
1992-08-04,2407.5,1787.63,1611.51
1992-08-05,2392.8,1797.98,1628.81
1992-08-06,2377.6,1793.84,1621.15
1992-08-07,2350.1,1777.27,1609.5
1992-08-08,,,
1992-08-10,2325.7,1755.22,1582.55
1992-08-11,2309.6,1737.8,1564.6
1992-08-12,2303.1,1730.05,1553.01
1992-08-13,2318.0,1722.36,1540.98
1992-08-14,2356.8,1753.46,1547.8
1992-08-17,2376.1,1757.31,1555.42
1992-08-18,2354.7,1736.72,1533.22
1992-08-19,2363.5,1734.21,1524.72
1992-08-20,2359.4,1724.18,1513.06
1992-08-21,2365.7,1744.18,1520.02
1992-08-22,,,
1992-08-24,2311.1,1689.71,1498.74
1992-08-25,2281.0,1667.72,1468.91
1992-08-26,2285.0,1667.8,1473.28
1992-08-27,2311.6,1687.56,1513.42
1992-08-28,2312.6,1687.53,1516.47
1992-08-29,,,
1992-08-31,,1684.88,1541.25
1992-09-01,2298.4,1674.23,1518.7
1992-09-02,2313.0,1711.41,1506.67
1992-09-03,2381.9,1780.46,1530.75
1992-09-04,2362.2,1778.98,1536.5
1992-09-05,,,
1992-09-07,2372.2,1779.3,1540.63
1992-09-08,2337.7,1763.67,1544.55
1992-09-09,2327.5,1756.77,1525.26
1992-09-10,2340.6,1774.18,1528.67
1992-09-11,2370.9,1801.99,1527.8
1992-09-14,2422.1,1873.6,1595.04
1992-09-15,2370.0,1836.15,1587.55
1992-09-16,2378.3,1859.78,1584.56
1992-09-17,2483.9,1852.74,1578.67
1992-09-18,2567.0,1882.94,1589.33
1992-09-19,,,
1992-09-21,2560.1,1826.06,1573.86
1992-09-22,2586.0,1832.81,1550.34
1992-09-23,2580.5,1828.93,1557.83
1992-09-24,2621.2,1829.5,1530.94
1992-09-25,2601.0,1843.53,1513.36
1992-09-26,,,
1992-09-28,2560.0,1770.26,1475.04
1992-09-29,2565.5,1731.93,1476.26
1992-09-30,2553.0,1736.73,1466.36
1992-10-01,2572.3,1724.0,1484.03
1992-10-02,2549.7,1683.34,1478.04
1992-10-05,2446.3,1611.04,1424.4
1992-10-06,2488.4,1612.51,1420.3
1992-10-07,2517.1,1654.15,1436.05
1992-10-08,2538.8,1673.86,1451.12
1992-10-09,2541.2,1657.34,1439.66
1992-10-10,,,
1992-10-12,2557.2,1655.05,1432.54
1992-10-13,2584.7,1685.09,1465.5
1992-10-14,2574.7,1667.93,1458.53
1992-10-15,2546.6,1650.02,1453.43
1992-10-16,2563.9,1664.18,1461.61
1992-10-17,,,
1992-10-19,2562.2,1679.06,1479.07
1992-10-20,2617.0,1731.26,1511.55
1992-10-21,2645.7,1722.24,1503.9
1992-10-22,2658.1,1730.74,1510.11
1992-10-23,2669.7,1766.41,1526.82
1992-10-24,,,
1992-10-26,2661.6,1770.74,1542.49
1992-10-27,2669.8,1774.48,1533.77
1992-10-28,2650.4,1749.86,1510.3
1992-10-29,2642.3,1730.87,1493.64
1992-10-30,2658.3,1742.4,1492.32
1992-10-31,,,
1992-11-02,2687.8,,1472.57
1992-11-03,2705.6,1786.93,1485.0
1992-11-04,2691.7,1804.07,1472.69
1992-11-05,2711.1,1804.7,1480.93
1992-11-06,2702.7,1793.62,1487.16
1992-11-07,,,
1992-11-09,2695.4,1786.65,1508.8
1992-11-10,2714.6,1798.46,1519.06
1992-11-11,2696.8,,1512.21
1992-11-12,2726.4,1821.51,1535.37
1992-11-13,2697.5,1796.8,1548.52
1992-11-14,,,
1992-11-16,2679.6,1772.73,1546.95
1992-11-17,2679.2,1764.44,1545.05
1992-11-18,2704.0,1759.17,1545.05
1992-11-19,2706.2,1722.33,1551.65
1992-11-20,2732.4,1724.18,1544.76
1992-11-21,,,
1992-11-23,2722.9,1674.77,1530.89
1992-11-24,2727.1,1720.61,1510.28
1992-11-25,2709.6,1720.97,1517.72
1992-11-26,2741.8,1739.68,1523.18
1992-11-27,2760.1,1749.66,1522.95
1992-11-28,,,
1992-11-30,2778.8,1771.37,1544.34
1992-12-01,2792.0,1792.29,1544.89
1992-12-02,2764.1,1783.33,1533.96
1992-12-03,2771.0,1799.43,1532.5
1992-12-04,2759.4,1781.68,1522.16
1992-12-05,,,
1992-12-07,2754.5,1788.61,1525.32
1992-12-08,2769.8,1765.88,1508.24
1992-12-09,2750.7,1791.16,1500.59
1992-12-10,2726.5,1769.48,1494.48
1992-12-11,2716.2,1758.7,1476.01
1992-12-12,,,
1992-12-14,2721.8,1738.26,1469.75
1992-12-15,2717.9,1744.79,1481.24
1992-12-16,2732.8,1736.69,1472.07
1992-12-17,2740.3,1735.23,1476.17
1992-12-18,2789.7,1760.12,1492.04
1992-12-19,,,
1992-12-21,2807.7,1786.29,1515.58
1992-12-22,2842.0,1824.37,1523.57
1992-12-23,2827.4,1821.11,1526.95
1992-12-24,2827.5,1854.59,1544.61
1992-12-25,,,
1992-12-26,,,
1992-12-28,,1857.53,1544.61
1992-12-29,2847.8,1870.28,1542.23
1992-12-30,2832.5,1858.77,1545.05
1992-12-31,2846.5,1857.78,
1993-01-04,2861.5,1843.08,1531.33
1993-01-05,2833.6,1850.78,1556.42
1993-01-06,2826.0,1859.63,1556.38
1993-01-07,2816.5,1844.47,1542.5
1993-01-08,2799.2,1852.63,1531.52
1993-01-09,,,
1993-01-11,2773.4,1814.58,1531.96
1993-01-12,2757.9,1796.76,1530.19
1993-01-13,2745.3,1782.53,1516.5
1993-01-14,2759.2,1803.54,1523.74
1993-01-15,2765.1,1827.08,1544.55
1993-01-16,,,
1993-01-18,2763.1,1837.54,1573.13
1993-01-19,2737.6,1837.74,1578.83
1993-01-20,2748.7,1818.82,1574.88
1993-01-21,2773.3,1812.18,1573.67
1993-01-22,2781.2,1820.42,1587.64
1993-01-25,2771.9,1779.9,1569.24
1993-01-26,2835.7,1792.55,1576.16
1993-01-27,2832.5,1777.35,1562.32
1993-01-28,2816.9,1780.64,1567.84
1993-01-29,2807.2,1772.21,1571.85
1993-01-30,,,
1993-02-01,2851.6,1785.9,1585.16
1993-02-02,2834.4,1787.31,1583.09
1993-02-03,2873.8,1824.14,1601.53
1993-02-04,2865.9,1854.38,1601.61
1993-02-05,2862.9,1908.18,1641.37
1993-02-06,,,
1993-02-08,2870.0,1904.73,1647.16
1993-02-09,2831.3,1894.05,1641.58
1993-02-10,2816.4,1893.32,1649.81
1993-02-11,2834.3,1905.57,1651.05
1993-02-12,2843.0,1911.97,1661.43
1993-02-13,,,
1993-02-15,2845.9,1899.49,1664.71
1993-02-16,2812.2,1878.17,1664.22
1993-02-17,2814.0,1904.97,1653.26
1993-02-18,2837.7,1926.52,1672.26
1993-02-19,2840.0,1937.17,1677.39
1993-02-20,,,
1993-02-22,2838.3,1959.23,1680.74
1993-02-23,2818.0,1944.13,1661.58
1993-02-24,2817.0,1953.39,1644.24
1993-02-25,2828.7,1944.64,1658.91
1993-02-26,2868.0,1983.71,1684.35
1993-02-27,,,
1993-03-01,2882.6,1998.8,1700.95
1993-03-02,2882.3,2001.5,1696.74
1993-03-03,2918.6,1995.24,1693.73
1993-03-04,2904.8,1986.75,1687.4
1993-03-05,2922.1,1995.12,1682.82
1993-03-06,,,
1993-03-08,2957.3,2004.26,1694.82
1993-03-09,2949.9,2009.69,1713.13
1993-03-10,2956.7,1992.42,1709.68
1993-03-11,2953.4,1988.94,1717.4
1993-03-12,2915.9,1965.18,1707.14
1993-03-13,,,
1993-03-15,2922.4,1986.03,1702.57
1993-03-16,2919.3,1975.25,1697.83
1993-03-17,2889.9,1967.28,1685.08
1993-03-18,2879.7,1963.52,1696.19
1993-03-19,2900.1,1962.69,1698.81
1993-03-20,,,
1993-03-22,2863.9,1939.28,1661.4
1993-03-23,2861.1,1952.18,1648.44
1993-03-24,2860.6,1954.57,1659.45
1993-03-25,2852.8,2001.36,1657.15
1993-03-26,2852.9,2025.78,1661.29
1993-03-27,,,
1993-03-29,2846.5,2033.86,1674.92
1993-03-30,2861.0,2035.91,1685.07
1993-03-31,2878.7,2031.38,1684.21
1993-04-01,2878.4,2005.89,1671.58
1993-04-02,2869.9,1990.82,1661.75
1993-04-03,,,
1993-04-05,2838.8,1974.68,1658.69
1993-04-06,2832.2,1995.33,1665.4
1993-04-07,2822.1,1983.96,1650.31
1993-04-08,2821.8,1986.86,1655.73
1993-04-09,,,
1993-04-10,,,
1993-04-12,,,
1993-04-13,2846.8,2018.08,1671.05
1993-04-14,2842.1,2015.43,1672.44
1993-04-15,2839.7,1988.63,1675.21
1993-04-16,2824.4,1986.69,1678.85
1993-04-17,,,
1993-04-19,2830.0,1968.91,1693.3
1993-04-20,2856.1,1949.33,1687.11
1993-04-21,2869.6,1931.89,1666.87
1993-04-22,2881.1,1944.46,1666.74
1993-04-23,2843.8,1916.58,1657.1
1993-04-24,,,
1993-04-26,2822.3,1911.62,1649.81
1993-04-27,2832.7,1927.41,1640.78
1993-04-28,2797.3,1942.51,1628.87
1993-04-29,2786.8,1920.55,1623.94
1993-04-30,2813.1,1939.03,1627.19
1993-05-01,,,
1993-05-03,,1936.97,1629.16
1993-05-04,2812.6,1923.63,1627.37
1993-05-05,2796.5,1926.34,1623.16
1993-05-06,2786.3,1920.49,1623.26
1993-05-07,2793.7,1878.57,1611.92
1993-05-08,,,
1993-05-10,2829.8,1877.21,1609.03
1993-05-11,2836.1,1854.52,1616.15
1993-05-12,2860.8,1872.67,1629.46
1993-05-13,2849.3,1879.93,1639.79
1993-05-14,2847.0,1851.74,1634.51
1993-05-15,,,
1993-05-17,2858.1,1835.72,1627.88
1993-05-18,2847.3,1846.4,1628.48
1993-05-19,2819.7,1836.78,1617.41
1993-05-20,2816.8,,
1993-05-21,2812.2,,1610.59
1993-05-22,,,
1993-05-24,2825.6,1861.37,1603.09
1993-05-25,2837.7,1891.09,1618.18
1993-05-26,2846.9,1890.43,1622.0
1993-05-27,2855.3,1904.59,1634.47
1993-05-28,2840.7,1888.7,1631.85
1993-05-29,,,
1993-05-31,,,
1993-06-01,2849.2,1872.8,1619.89
1993-06-02,2863.0,1875.84,1625.21
1993-06-03,2852.8,1867.92,1629.62
1993-06-04,2829.9,1859.69,1637.85
1993-06-05,,,
1993-06-07,2844.8,1887.86,1655.61
1993-06-08,2844.4,1893.65,1661.61
1993-06-09,2866.9,1915.23,1673.07
1993-06-10,2860.0,1911.22,
1993-06-11,2861.8,1920.43,1680.98
1993-06-12,,,
1993-06-14,2885.5,1916.84,1691.98
1993-06-15,2870.0,1897.86,1684.1
1993-06-16,2883.0,1918.81,1689.56
1993-06-17,2875.7,1900.31,1692.29
1993-06-18,2879.4,1910.29,1686.9
1993-06-19,,,
1993-06-21,2903.4,1929.17,1689.82
1993-06-22,2907.6,1935.28,1698.08
1993-06-23,2900.7,1942.41,1699.39
1993-06-24,2894.7,1963.3,1686.29
1993-06-25,2887.5,1960.84,1695.24
1993-06-26,,,
1993-06-28,2897.0,1990.95,1707.2
1993-06-29,2886.0,1977.5,1708.33
1993-06-30,2900.0,1971.87,1697.63
1993-07-01,2888.8,1960.15,1706.63
1993-07-02,2857.7,1941.15,1697.81
1993-07-03,,,
1993-07-05,2838.5,1925.44,1692.17
1993-07-06,2848.1,1935.12,1700.87
1993-07-07,2848.3,1943.73,1719.76
1993-07-08,2845.9,1980.37,1783.7
1993-07-09,2843.2,1985.7,1797.41
1993-07-10,,,
1993-07-12,2830.9,1992.22,1818.17
1993-07-13,2837.1,1991.15,1807.16
1993-07-14,2832.3,,1811.55
1993-07-15,2831.7,1963.08,1807.66
1993-07-16,2833.0,1974.93,1813.46
1993-07-19,2842.9,1981.7,1836.29
1993-07-20,2823.9,1968.44,1838.99
1993-07-21,2814.1,1947.53,1823.81
1993-07-22,2820.1,1965.72,1823.52
1993-07-23,2827.7,1995.04,1830.83
1993-07-24,,,
1993-07-26,2844.2,2006.22,1854.52
1993-07-27,2879.4,1998.11,1845.23
1993-07-28,2884.2,1989.53,1833.91
1993-07-29,2917.6,2036.0,1833.7
1993-07-30,2926.5,2085.88,1803.23
1993-07-31,,,
1993-08-02,2941.7,2129.03,1815.08
1993-08-03,2945.0,2110.58,1843.43
1993-08-04,2941.3,2101.36,1860.56
1993-08-05,2943.4,2115.3,1860.7
1993-08-06,2969.8,2149.83,1869.38
1993-08-07,,,
1993-08-09,2986.4,2138.52,1872.3
1993-08-10,2971.6,2139.78,1865.16
1993-08-11,3006.1,2167.39,1865.8
1993-08-12,3009.1,2161.87,1904.95
1993-08-13,3010.1,2148.0,1906.58
1993-08-14,,,
1993-08-16,3008.3,,1912.19
1993-08-17,3025.0,2136.29,1910.17
1993-08-18,3073.6,2160.75,1935.72
1993-08-19,3065.5,2139.2,1938.98
1993-08-20,3057.6,2128.2,1922.68
1993-08-21,,,
1993-08-23,3042.0,2111.37,1888.27
1993-08-24,3049.3,2123.4,1897.69
1993-08-25,3079.2,2159.31,1917.78
1993-08-26,3079.2,2173.61,1901.15
1993-08-27,3100.6,2183.88,1904.6
1993-08-28,,,
1993-08-30,,2205.67,1921.89
1993-08-31,3100.0,2216.49,1944.89
1993-09-01,3085.1,2191.93,1918.58
1993-09-02,3072.6,2185.12,1925.62
1993-09-03,3057.3,2156.09,1925.16
1993-09-04,,,
1993-09-06,3059.0,2157.96,1910.28
1993-09-07,3038.6,2137.29,1885.96
1993-09-08,3035.4,2129.44,1885.29
1993-09-09,3031.2,2108.75,1880.81
1993-09-10,3037.0,2108.38,1861.44
1993-09-11,,,
1993-09-13,3024.8,2119.07,1872.57
1993-09-14,3028.0,2134.14,1880.57
1993-09-15,2989.4,2078.51,1860.39
1993-09-16,3003.9,2075.64,1855.67
1993-09-17,3005.5,2099.5,1881.99
1993-09-18,,,
1993-09-20,3004.5,2107.36,1912.84
1993-09-21,3001.6,2094.39,1925.85
1993-09-22,3007.5,2079.96,1893.0
1993-09-23,3001.3,2057.53,1916.51
1993-09-24,3005.2,2092.6,1885.86
1993-09-25,,,
1993-09-27,3026.3,2108.61,1912.18
1993-09-28,3036.9,2119.97,1913.61
1993-09-29,3030.1,2126.8,1907.69
1993-09-30,3037.5,2114.63,1915.71
1993-10-01,3039.3,2116.72,1912.09
1993-10-02,,,
1993-10-04,3067.7,2128.66,1923.72
1993-10-05,3085.2,2158.77,1972.73
1993-10-06,3100.8,2164.46,1987.05
1993-10-07,3092.4,2147.41,1997.04
1993-10-08,3108.6,2156.38,2005.01
1993-10-09,,,
1993-10-11,3102.2,2138.72,2011.02
1993-10-12,3094.7,2126.85,1998.61
1993-10-13,3080.9,2127.28,2001.51
1993-10-14,3086.3,2113.88,1990.07
1993-10-15,3120.8,2139.26,2015.03
1993-10-16,,,
1993-10-18,3137.6,2144.99,2033.32
1993-10-19,3129.6,2147.32,2026.76
1993-10-20,3156.3,2149.68,2042.56
1993-10-21,3188.3,2199.72,2034.69
1993-10-22,3199.0,2231.86,2066.17
1993-10-23,,,
1993-10-25,3184.8,2227.73,2074.39
1993-10-26,3165.3,2210.37,2058.72
1993-10-27,3154.3,2192.02,2043.08
1993-10-28,3163.0,2195.98,2038.46
1993-10-29,3171.0,2181.95,2069.0
1993-10-30,,,
1993-11-01,3164.4,,2062.12
1993-11-02,3164.1,2169.71,2095.58
1993-11-03,3162.3,2171.16,2084.36
1993-11-04,3149.0,2135.97,2062.61
1993-11-05,3085.6,2081.01,2012.56
1993-11-06,,,
1993-11-08,3077.6,2084.79,2010.81
1993-11-09,3096.0,2112.89,2022.83
1993-11-10,3098.5,2087.33,2023.84
1993-11-11,3099.7,,2023.33
1993-11-12,3099.1,2096.85,2015.01
1993-11-13,,,
1993-11-15,3093.3,2117.9,2049.11
1993-11-16,3097.5,2115.85,2071.72
1993-11-17,3120.0,2147.99,
1993-11-18,3125.5,2149.67,2085.34
1993-11-19,3108.0,2145.23,2077.37
1993-11-20,,,
1993-11-22,3070.6,2082.61,2030.0
1993-11-23,3069.3,2071.47,2027.41
1993-11-24,3067.2,2070.61,2029.55
1993-11-25,3093.1,2118.4,2047.71
1993-11-26,3111.4,2120.62,2047.24
1993-11-27,,,
1993-11-29,3135.8,2119.3,2043.43
1993-11-30,3166.9,2110.09,2057.77
1993-12-01,3233.2,2153.98,2089.87
1993-12-02,3223.9,2160.45,2110.53
1993-12-03,3234.2,2188.4,2120.61
1993-12-04,,,
1993-12-06,3237.3,2186.74,2118.8
1993-12-07,3237.3,2176.12,2115.46
1993-12-08,3277.4,2205.31,2148.13
1993-12-09,3271.6,2211.4,2175.8
1993-12-10,3261.3,2198.13,2161.13
1993-12-11,,,
1993-12-13,3254.6,2196.31,2172.75
1993-12-14,3248.4,2156.5,2149.97
1993-12-15,3278.8,2162.63,2110.7
1993-12-16,3311.2,2160.26,2137.45
1993-12-17,3337.1,2196.44,2151.02
1993-12-18,,,
1993-12-20,3364.9,2223.47,2178.16
1993-12-21,3342.4,2215.86,2182.93
1993-12-22,3355.7,2225.79,2197.51
1993-12-23,3396.5,2243.02,2222.84
1993-12-24,3412.3,2251.48,
1993-12-27,,2276.55,2253.98
1993-12-28,,2264.64,2242.82
1993-12-29,3462.0,2281.89,2214.7
1993-12-30,3428.8,2281.22,2266.68
1993-12-31,3418.4,2268.22,
1994-01-03,,2290.56,2267.98
1994-01-04,3408.5,2274.34,2253.58
1994-01-05,3379.2,2249.55,2233.41
1994-01-06,3403.0,2275.06,2220.22
1994-01-07,3446.0,2307.55,2211.64
1994-01-08,,,
1994-01-10,3440.6,2317.25,2233.79
1994-01-11,3413.8,2331.33,2228.75
1994-01-12,3372.0,2281.9,2209.18
1994-01-13,3360.0,2252.19,2164.66
1994-01-14,3400.6,2262.25,2141.82
1994-01-15,,,
1994-01-17,3407.8,2234.78,2137.38
1994-01-18,3437.0,2247.35,2113.84
1994-01-19,3475.1,2274.67,2134.38
1994-01-20,3470.0,2257.81,2116.2
1994-01-21,3484.2,2243.97,2075.61
1994-01-22,,,
1994-01-24,3481.4,2274.49,2080.01
1994-01-25,3444.0,2278.34,2126.78
1994-01-26,3436.1,2282.35,2119.17
1994-01-27,3427.3,2280.95,2125.14
1994-01-28,3447.4,2313.17,2133.47
1994-01-29,,,
1994-01-31,3491.8,2334.36,2177.45
1994-02-01,3481.5,2331.29,2179.67
1994-02-02,3520.3,2355.93,2184.01
1994-02-03,3491.5,2321.99,2151.72
1994-02-04,3475.4,2329.17,2138.25
1994-02-05,,,
1994-02-07,3419.1,2287.06,2079.4
1994-02-08,3440.2,2299.85,2107.21
1994-02-09,3429.1,2302.06,2085.29
1994-02-10,3407.0,2296.77,2118.96
1994-02-11,3378.9,2275.09,2090.61
1994-02-12,,,
1994-02-14,3363.5,2243.16,2116.01
1994-02-15,3393.2,2257.97,2115.62
1994-02-16,3417.7,2264.32,2136.61
1994-02-17,3425.3,2281.18,2128.72
1994-02-18,3382.6,2251.78,2151.97
1994-02-19,,,
1994-02-21,3350.3,2215.2,2119.53
1994-02-22,3333.7,2226.73,2107.62
1994-02-23,3341.9,2252.0,2127.67
1994-02-24,3267.5,2208.29,2090.29
1994-02-25,3281.2,2198.92,2074.92
1994-02-26,,,
1994-02-28,3328.1,2238.06,2091.57
1994-03-01,3270.6,2183.12,2067.05
1994-03-02,3248.1,2144.66,2020.33
1994-03-03,3246.5,2154.41,2037.9
1994-03-04,3278.0,2178.69,2060.09
1994-03-05,,,
1994-03-07,3305.9,2219.89,2108.91
1994-03-08,3264.4,2216.43,2124.04
1994-03-09,3246.7,2199.64,2116.09
1994-03-10,3233.9,2184.58,2141.1
1994-03-11,3191.9,2174.91,2103.49
1994-03-12,,,
1994-03-14,3233.4,2215.02,2145.17
1994-03-15,3267.4,2258.52,2165.59
1994-03-16,3242.9,2242.71,2172.73
1994-03-17,3255.7,2247.84,2175.06
1994-03-18,3218.1,2221.34,2155.61
1994-03-19,,,
1994-03-21,3198.0,2202.69,2131.28
1994-03-22,3201.5,2200.68,2141.34
1994-03-23,3155.3,2200.17,2161.13
1994-03-24,3121.7,2152.56,2161.68
1994-03-25,3129.0,2136.62,2130.06
1994-03-26,,,
1994-03-28,3129.5,2144.49,2161.42
1994-03-29,3123.4,2123.44,2168.35
1994-03-30,3092.4,2083.87,2147.53
1994-03-31,3086.4,2081.94,2133.11
1994-04-01,,,
1994-04-02,,,
1994-04-04,,,
1994-04-05,3116.2,2100.25,2158.29
1994-04-06,3131.5,2128.22,2191.2
1994-04-07,3129.0,2119.57,2201.41
1994-04-08,3120.8,2114.77,2203.34
1994-04-09,,,
1994-04-11,3149.4,2145.28,2225.33
1994-04-12,3159.1,2148.55,2210.6
1994-04-13,3145.8,2152.36,2209.19
1994-04-14,3131.7,2139.05,2198.71
1994-04-15,3168.3,2159.59,2200.42
1994-04-16,,,
1994-04-18,3138.2,2160.06,2228.78
1994-04-19,3128.0,2135.98,2172.42
1994-04-20,3098.3,2102.71,2182.64
1994-04-21,3101.2,2091.95,2196.97
1994-04-22,3133.7,2135.17,2213.92
1994-04-23,,,
1994-04-25,3106.1,2116.29,2202.22
1994-04-26,3125.3,2130.91,2243.2
1994-04-27,3150.0,2147.32,2253.57
1994-04-28,3129.9,2150.25,2251.22
1994-04-29,3125.3,2165.96,2245.98
1994-04-30,,,
1994-05-02,,2186.23,2268.65
1994-05-03,3100.0,2178.99,2252.29
1994-05-04,3070.5,2141.57,2249.02
1994-05-05,3106.0,2162.62,2235.84
1994-05-06,3106.0,2158.22,2237.02
1994-05-07,,,
1994-05-09,3097.8,2139.42,2218.88
1994-05-10,3136.3,2164.98,2235.15
1994-05-11,3130.5,2176.74,2243.63
1994-05-12,3137.8,,
1994-05-13,3119.2,2187.0,2258.75
1994-05-14,,,
1994-05-16,3115.6,2187.7,2271.11
1994-05-17,3123.5,2195.17,2259.71
1994-05-18,3116.5,2183.99,2267.41
1994-05-19,3122.8,2165.35,2247.76
1994-05-20,3127.3,2155.43,2249.65
1994-05-21,,,
1994-05-23,3108.4,,
1994-05-24,3089.1,2133.32,2198.72
1994-05-25,3020.7,2084.41,2158.77
1994-05-26,3019.7,2091.89,2130.25
1994-05-27,2966.4,2050.67,2140.99
1994-05-28,,,
1994-05-30,,2052.51,2118.15
1994-05-31,2970.5,2029.9,2127.7
1994-06-01,2931.9,1979.68,2129.7
1994-06-02,2980.8,2007.38,
1994-06-03,2997.8,2041.74,2148.39
1994-06-04,,,
1994-06-06,3009.4,2037.15,2163.07
1994-06-07,3004.8,2023.74,2135.1
1994-06-08,3038.2,2046.81,2145.2
1994-06-09,3028.9,2028.39,2129.32
1994-06-10,3055.9,2020.72,2133.08
1994-06-11,,,
1994-06-13,3016.3,1977.66,2105.78
1994-06-14,3039.6,1991.99,2074.7
1994-06-15,3045.8,1966.39,2074.7
1994-06-16,3030.1,1942.81,2054.91
1994-06-17,3022.9,1935.95,2050.72
1994-06-18,,,
1994-06-20,2971.1,1903.04,1968.82
1994-06-21,2940.2,1890.78,1983.27
1994-06-22,2960.4,1917.04,1994.42
1994-06-23,2942.4,1939.02,2022.1
1994-06-24,2876.6,1907.02,2005.31
1994-06-25,,,
1994-06-27,2899.9,1911.6,1988.6
1994-06-28,2909.0,1925.76,2018.26
1994-06-29,2946.3,1936.33,2046.3
1994-06-30,2919.2,1892.0,2025.34
1994-07-01,2936.4,1872.86,2036.52
1994-07-02,,,
1994-07-04,2970.4,1866.18,2054.4
1994-07-05,2965.0,1878.73,2032.69
1994-07-06,2946.7,1888.99,2035.7
1994-07-07,2964.4,1920.75,2043.85
1994-07-08,2962.4,1920.78,2050.85
1994-07-09,,,
1994-07-11,2983.8,1949.75,2065.66
1994-07-12,2963.9,1942.08,2048.05
1994-07-13,3005.3,1974.59,2054.0
1994-07-14,3050.4,,2055.62
1994-07-15,3074.8,,2093.61
1994-07-16,,,
1994-07-18,3082.0,2025.13,2098.19
1994-07-19,3091.3,2052.33,2128.79
1994-07-20,3077.2,2043.72,2138.65
1994-07-21,3095.1,2053.78,2113.3
1994-07-22,3114.7,2041.41,2150.26
1994-07-23,,,
1994-07-25,3106.1,2059.84,2136.22
1994-07-26,3117.2,2076.84,2151.96
1994-07-27,3082.3,2055.69,2140.44
1994-07-28,3095.9,2053.43,2122.81
1994-07-29,3082.6,2074.99,2146.64
1994-07-30,,,
1994-08-01,3097.4,2069.58,2153.79
1994-08-02,3157.5,2117.23,2186.39
1994-08-03,3160.4,2115.07,2198.92
1994-08-04,3150.5,2096.45,2183.36
1994-08-05,3167.5,2107.07,2184.76
1994-08-06,,,
1994-08-08,3171.9,2106.34,2184.67
1994-08-09,3168.6,2074.48,2164.2
1994-08-10,3167.0,2064.17,2160.37
1994-08-11,3138.2,2038.93,2155.28
1994-08-12,3142.3,2006.95,2124.68
1994-08-13,,,
1994-08-15,3142.2,,2138.84
1994-08-16,3147.3,2012.35,2143.14
1994-08-17,3190.3,2034.98,2162.29
1994-08-18,3182.6,2010.54,2153.56
1994-08-19,3191.4,2001.33,2149.57
1994-08-20,,,
1994-08-22,3171.3,1972.63,2123.79
1994-08-23,3175.1,2000.63,2107.87
1994-08-24,3205.2,2006.29,2126.37
1994-08-25,3234.2,2026.52,2152.21
1994-08-26,3265.1,2062.74,2161.54
1994-08-27,,,
1994-08-29,,2075.27,2193.19
1994-08-30,3249.6,2060.37,2210.85
1994-08-31,3251.3,2069.08,2212.85
1994-09-01,3216.5,2034.91,2200.8
1994-09-02,3222.7,2020.37,2204.71
1994-09-03,,,
1994-09-05,3241.5,1998.2,2174.52
1994-09-06,3205.4,1961.45,2165.9
1994-09-07,3203.9,1964.2,2163.82
1994-09-08,3180.0,1983.4,2172.37
1994-09-09,3139.3,1948.83,2185.15
1994-09-10,,,
1994-09-12,3128.8,1966.79,2154.61
1994-09-13,3121.4,1969.36,2136.09
1994-09-14,3079.8,1952.94,2124.12
1994-09-15,3112.7,1977.3,2113.98
1994-09-16,3065.1,1924.59,2118.73
1994-09-17,,,
1994-09-19,3079.1,1922.87,2096.76
1994-09-20,3037.3,1919.25,2078.96
1994-09-21,3014.8,1897.18,2079.5
1994-09-22,3021.2,1899.37,2073.03
1994-09-23,3028.2,1927.35,2089.12
1994-09-24,,,
1994-09-26,2999.8,1902.72,2068.67
1994-09-27,3008.5,1901.28,2058.73
1994-09-28,3038.7,1904.95,2068.11
1994-09-29,2992.5,1876.18,2043.58
1994-09-30,3026.3,1879.25,2011.75
1994-10-01,,,
1994-10-03,2983.5,1852.83,
1994-10-04,3001.8,1876.12,1994.95
1994-10-05,2956.3,1833.72,1968.72
1994-10-06,2984.4,1843.38,1961.03
1994-10-07,2998.7,1856.38,1960.59
1994-10-08,,,
1994-10-10,3032.3,1898.32,2024.79
1994-10-11,3073.0,1919.02,2071.06
1994-10-12,3100.5,1918.14,2077.57
1994-10-13,3141.9,1955.68,2082.63
1994-10-14,3106.7,1933.02,2105.73
1994-10-15,,,
1994-10-17,3120.2,1906.42,2090.88
1994-10-18,3085.3,1898.6,2084.76
1994-10-19,3060.8,1876.31,2051.16
1994-10-20,3063.2,1867.37,2069.95
1994-10-21,3032.8,1842.09,2022.22
1994-10-22,,,
1994-10-24,3029.1,1841.59,2025.38
1994-10-25,3000.9,1824.42,1974.63
1994-10-26,2999.9,1831.54,2020.5
1994-10-27,3029.6,1858.11,2013.2
1994-10-28,3083.8,1905.69,2040.32
1994-10-29,,,
1994-10-31,3097.4,,2071.63
1994-11-01,3096.3,,2069.73
1994-11-02,3081.3,1873.6,2042.35
1994-11-03,3104.4,1911.13,2051.48
1994-11-04,3097.6,1931.65,2067.56
1994-11-05,,,
1994-11-07,3065.8,1906.07,2043.52
1994-11-08,3063.8,1921.54,2053.44
1994-11-09,3099.6,1943.86,2096.47
1994-11-10,3103.5,1948.35,2082.4
1994-11-11,3075.9,,2078.35
1994-11-12,,,
1994-11-14,3095.3,1941.08,2089.29
1994-11-15,3135.4,1954.53,2110.75
1994-11-16,3146.5,1950.2,
1994-11-17,3127.5,1927.53,2102.69
1994-11-18,3131.0,1926.5,2100.23
1994-11-19,,,
1994-11-21,3121.0,1927.83,2105.28
1994-11-22,3078.7,1911.41,2074.77
1994-11-23,3027.5,1893.09,2033.31
1994-11-24,3036.6,1934.68,2055.97
1994-11-25,3033.5,1945.89,2051.62
1994-11-26,,,
1994-11-28,3047.1,1952.38,2058.45
1994-11-29,3061.1,1939.97,2044.28
1994-11-30,3081.4,1975.94,2048.26
1994-12-01,3039.6,1963.95,2046.59
1994-12-02,3017.3,1982.71,2038.51
1994-12-03,,,
1994-12-05,3033.5,1973.65,2071.12
1994-12-06,3016.1,1968.95,2046.88
1994-12-07,3012.5,1969.84,2055.6
1994-12-08,3013.8,1954.09,2042.21
1994-12-09,2977.3,1936.99,2028.33
1994-12-10,,,
1994-12-12,2943.4,1919.32,2024.82
1994-12-13,2946.4,1917.11,2011.25
1994-12-14,2980.6,1930.02,2024.77
1994-12-15,2973.4,1931.1,2052.59
1994-12-16,3013.6,1924.16,2070.06
1994-12-17,,,
1994-12-19,3034.4,1928.09,2075.94
1994-12-20,3058.1,1924.72,2079.93
1994-12-21,3070.4,1940.89,2086.66
1994-12-22,3091.7,1952.05,2100.65
1994-12-23,3083.4,1949.85,2094.01
1994-12-24,,,
1994-12-26,,1966.57,
1994-12-27,,1955.98,2106.15
1994-12-28,3095.8,1927.83,2109.01
1994-12-29,3065.6,1894.15,2077.03
1994-12-30,3065.5,1881.15,2106.58
1995-01-02,,,2079.19
1995-01-03,3065.7,1885.91,2068.92
1995-01-04,3051.6,1901.79,2072.9
1995-01-05,3032.3,1871.53,2051.46
1995-01-06,3065.0,1886.4,2058.2
1995-01-07,,,
1995-01-09,3055.8,1864.22,2053.41
1995-01-10,3060.4,1859.19,2062.08
1995-01-11,3049.4,1849.13,2061.76
1995-01-12,3033.2,1844.06,2059.68
1995-01-13,3048.3,1853.98,2064.14
1995-01-14,,,
1995-01-16,3076.7,1872.81,2088.25
1995-01-17,3054.4,1856.94,2081.39
1995-01-18,3054.9,1860.27,2085.62
1995-01-19,3028.6,1837.11,2079.6
1995-01-20,2995.0,1813.33,2050.86
1995-01-21,,,
1995-01-23,2954.2,1772.84,2013.03
1995-01-24,2969.0,1780.17,2027.67
1995-01-25,2982.2,1802.46,2026.97
1995-01-26,3007.3,1826.28,2040.79
1995-01-27,3022.2,1814.13,2030.56
1995-01-28,,,
1995-01-30,2995.9,1813.43,2026.68
1995-01-31,2991.6,1797.9,2024.82
1995-02-01,3017.3,1827.78,2047.44
1995-02-02,3034.7,1816.1,2038.46
1995-02-03,3059.7,1842.43,2077.94
1995-02-04,,,
1995-02-06,3062.0,1872.11,2085.08
1995-02-07,3072.7,1870.44,2093.01
1995-02-08,3072.5,1850.91,2087.78
1995-02-09,3099.0,1874.44,2117.8
1995-02-10,3109.9,1869.4,2127.56
1995-02-11,,,
1995-02-13,3081.1,1850.31,2118.96
1995-02-14,3071.3,1856.09,2128.33
1995-02-15,3074.9,1861.9,2135.49
1995-02-16,3051.1,1835.0,2112.06
1995-02-17,3044.2,1822.47,2119.29
1995-02-18,,,
1995-02-20,3018.6,1802.24,2101.98
1995-02-21,3023.4,1805.62,2101.82
1995-02-22,3019.5,1804.37,2096.26
1995-02-23,3049.3,1827.01,2126.44
1995-02-24,3037.7,1805.74,2117.59
1995-02-25,,,
1995-02-27,3025.3,1802.17,2106.05
1995-02-28,3009.3,1776.85,2097.85
1995-03-01,3041.2,1808.36,2127.21
1995-03-02,3038.2,1807.35,2116.64
1995-03-03,3025.1,1795.24,2094.16
1995-03-04,,,
1995-03-06,3001.9,1773.25,2069.95
1995-03-07,2977.0,1748.61,2041.26
1995-03-08,2992.1,1756.76,2029.38
1995-03-09,2986.9,1727.07,1989.2
1995-03-10,3021.1,1743.1,2008.85
1995-03-11,,,
1995-03-13,3011.8,1721.8,1974.14
1995-03-14,3050.6,1768.99,2022.5
1995-03-15,3047.0,1738.6,1995.22
1995-03-16,3094.1,1785.76,2016.15
1995-03-17,3089.3,1788.83,1979.52
1995-03-18,,,
1995-03-20,3124.2,1811.57,1984.99
1995-03-21,3135.0,1813.78,1984.15
1995-03-22,3139.7,1817.98,1978.07
1995-03-23,3136.4,1795.66,1935.08
1995-03-24,3153.4,1817.29,1935.87
1995-03-25,,,
1995-03-27,3149.8,1836.1,1928.82
1995-03-28,3128.3,1837.19,1911.7
1995-03-29,3142.3,1852.42,1918.85
1995-03-30,3176.2,1893.0,1949.76
1995-03-31,3137.9,1859.48,1914.69
1995-04-01,,,
1995-04-03,3143.1,1864.0,1934.96
1995-04-04,3188.1,1882.77,1965.68
1995-04-05,3190.2,1872.92,1972.59
1995-04-06,3200.9,1890.16,1976.52
1995-04-07,3210.9,1900.36,1978.71
1995-04-08,,,
1995-04-10,3204.2,1880.92,1980.81
1995-04-11,3190.9,1869.31,1979.26
1995-04-12,3209.8,1871.93,1991.08
1995-04-13,3208.8,1881.14,1982.99
1995-04-14,,,
1995-04-15,,,
1995-04-17,,,
1995-04-18,3194.5,1855.7,1954.62
1995-04-19,3170.1,1874.9,1943.88
1995-04-20,3174.7,1882.0,1955.33
1995-04-21,3199.9,1928.37,1987.7
1995-04-22,,,
1995-04-24,3209.3,1918.51,1978.97
1995-04-25,3214.9,1945.93,2007.57
1995-04-26,3226.2,1942.32,2028.52
1995-04-27,3217.6,1930.96,2024.25
1995-04-28,3216.7,1918.46,2017.95
1995-04-29,,,
1995-05-01,3220.4,,
1995-05-02,3248.2,1936.85,2036.47
1995-05-03,3262.6,1971.07,2037.99
1995-05-04,3264.3,1946.19,2034.15
1995-05-05,3251.7,1927.41,2021.22
1995-05-06,,,
1995-05-08,,,2030.65
1995-05-09,3261.2,1988.67,2050.66
1995-05-10,3290.1,1996.67,2064.41
1995-05-11,3317.9,2003.62,2086.41
1995-05-12,3310.3,2017.27,2102.4
1995-05-13,,,
1995-05-15,3310.7,1991.53,2092.0
1995-05-16,3300.8,2001.27,2109.36
1995-05-17,3297.4,2004.68,2088.99
1995-05-18,3285.8,1989.78,2083.8
1995-05-19,3261.0,1965.46,2064.42
1995-05-20,,,
1995-05-22,3284.2,1979.54,2096.87
1995-05-23,3291.8,1965.31,2083.55
1995-05-24,3327.3,1960.67,2105.88
1995-05-25,3328.2,,
1995-05-26,3311.1,1919.07,2065.71
1995-05-27,,,
1995-05-29,,1927.82,2069.26
1995-05-30,3309.9,1927.3,2081.46
1995-05-31,3319.4,1947.95,2099.95
1995-06-01,3340.6,1960.8,2119.24
1995-06-02,3345.0,1971.3,2132.72
1995-06-03,,,
1995-06-05,3376.6,,
1995-06-06,3380.0,1965.94,2154.17
1995-06-07,3370.8,1974.69,2136.72
1995-06-08,3380.8,1951.19,2137.21
1995-06-09,3337.7,1897.02,2107.16
1995-06-10,,,
1995-06-12,3344.6,1907.75,2127.79
1995-06-13,3348.0,1922.79,2124.25
1995-06-14,3339.8,1893.65,2124.84
1995-06-15,3370.4,1920.7,
1995-06-16,3366.1,1904.95,2125.06
1995-06-17,,,
1995-06-19,3381.3,1918.43,2154.13
1995-06-20,3377.2,1896.12,2140.36
1995-06-21,3378.3,1902.75,2144.88
1995-06-22,3403.8,1925.21,2162.39
1995-06-23,3379.4,1895.07,2138.22
1995-06-24,,,
1995-06-26,3309.2,1902.44,2137.36
1995-06-27,3313.2,1877.67,2128.99
1995-06-28,3282.7,1865.45,2091.3
1995-06-29,3294.0,1861.9,2094.68
1995-06-30,3314.6,1858.82,2089.04
1995-07-01,,,
1995-07-03,3323.7,1879.68,2099.68
1995-07-04,3349.2,1889.44,2110.13
1995-07-05,3394.9,1907.76,2117.63
1995-07-06,3388.3,1889.49,2111.35
1995-07-07,3462.9,1950.8,2163.37
1995-07-08,,,
1995-07-10,3455.0,1949.39,2184.39
1995-07-11,3464.0,1961.32,2194.15
1995-07-12,3450.6,1961.66,2200.32
1995-07-13,3447.2,1948.32,2193.72
1995-07-14,3429.2,,2191.25
1995-07-15,,,
1995-07-17,3442.6,1951.5,2201.36
1995-07-18,3420.7,1928.99,2183.71
1995-07-19,3405.3,1931.18,2195.31
1995-07-20,3400.4,1905.94,2183.52
1995-07-21,3413.1,1908.85,2196.54
1995-07-22,,,
1995-07-24,3431.6,1929.56,2232.02
1995-07-25,3432.9,1941.34,2232.23
1995-07-26,3454.3,1942.53,2237.73
1995-07-27,3458.3,1947.88,2239.36
1995-07-28,3468.9,1932.78,2217.91
1995-07-29,,,
1995-07-31,3463.3,1920.04,2222.51
1995-08-01,3449.9,1917.81,2211.26
1995-08-02,3499.9,1960.03,2249.6
1995-08-03,3475.6,1950.83,2234.86
1995-08-04,3482.4,1957.08,2236.68
1995-08-05,,,
1995-08-07,3483.5,1950.37,2244.56
1995-08-08,3468.8,1954.66,2236.89
1995-08-09,3468.3,1943.74,2222.28
1995-08-10,3474.7,1949.22,2236.72
1995-08-11,3467.5,1946.21,2228.44
1995-08-12,,,
1995-08-14,3441.4,,2211.03
1995-08-15,3444.4,,2236.73
1995-08-16,3465.1,1970.37,2251.64
1995-08-17,3470.6,1967.27,2253.93
1995-08-18,3509.8,1971.56,2265.86
1995-08-19,,,
1995-08-21,3535.7,1984.44,2269.6
1995-08-22,3530.2,1963.36,2258.97
1995-08-23,3515.9,1957.42,2262.66
1995-08-24,3520.0,1939.17,2253.91
1995-08-25,3524.9,1937.81,2257.34
1995-08-26,,,
1995-08-28,,1890.05,2240.31
1995-08-29,3502.6,1899.51,2230.27
1995-08-30,3504.0,1921.43,2251.3
1995-08-31,3477.8,1883.39,2234.23
1995-09-01,3509.4,1881.69,2242.76
1995-09-02,,,
1995-09-04,3522.7,1900.52,2263.08
1995-09-05,3532.4,1902.48,2266.57
1995-09-06,3557.7,1884.77,2266.37
1995-09-07,3545.6,1861.7,2269.01
1995-09-08,3554.5,1854.9,2266.77
1995-09-11,3549.3,1869.68,2268.26
1995-09-12,3535.9,1873.56,2266.07
1995-09-13,3570.8,1898.23,2300.72
1995-09-14,3565.4,1892.37,2300.29
1995-09-15,3564.6,1879.97,2305.58
1995-09-16,,,
1995-09-18,3533.3,1871.74,2289.49
1995-09-19,3541.4,1882.5,2306.66
1995-09-20,3561.5,1863.79,2294.15
1995-09-21,3557.9,1853.92,2275.72
1995-09-22,3514.8,1790.69,2204.44
1995-09-23,,,
1995-09-25,3507.0,1800.58,2212.97
1995-09-26,3523.3,1816.3,2232.02
1995-09-27,3485.0,1791.82,2190.9
1995-09-28,3479.0,1767.58,2184.24
1995-09-29,3508.2,1788.35,2201.27
1995-09-30,,,
1995-10-02,3520.2,1780.71,2197.01
1995-10-03,3524.2,1800.7,
1995-10-04,3544.1,1803.87,2211.6
1995-10-05,3544.4,1800.32,2191.54
1995-10-06,3526.5,1809.57,2176.35
1995-10-07,,,
1995-10-09,3510.3,1785.71,2157.41
1995-10-10,3460.1,1777.96,2137.01
1995-10-11,3474.3,1794.43,2153.56
1995-10-12,3523.8,1803.75,2159.73
1995-10-13,3568.0,1817.03,2206.11
1995-10-14,,,
1995-10-16,3557.3,1790.49,2193.85
1995-10-17,3562.2,1779.74,2185.52
1995-10-18,3593.0,1770.66,2197.57
1995-10-19,3578.6,1757.3,2176.09
1995-10-20,3551.4,1740.72,2148.12
1995-10-21,,,
1995-10-23,3531.5,1721.14,2116.86
1995-10-24,3535.3,1724.21,2114.88
1995-10-25,3537.8,1764.12,2140.74
1995-10-26,3519.6,1754.12,2142.74
1995-10-27,3497.9,1742.38,2112.01
1995-10-28,,,
1995-10-30,3510.0,1795.34,2149.71
1995-10-31,3529.1,1814.01,2165.76
1995-11-01,3518.7,,2182.11
1995-11-02,3523.0,1828.74,2180.49
1995-11-03,3500.4,1832.1,2169.69
1995-11-04,,,
1995-11-06,3514.8,1822.64,2168.57
1995-11-07,3522.4,1857.35,2174.27
1995-11-08,3537.1,1866.33,2184.05
1995-11-09,3541.6,1852.63,2182.47
1995-11-10,3523.4,1839.82,2174.78
1995-11-11,,,
1995-11-13,3536.8,1838.24,2195.15
1995-11-14,3547.9,1838.21,2197.34
1995-11-15,3571.4,1875.18,2196.64
1995-11-16,3610.8,1905.14,2202.5
1995-11-17,3609.2,1890.52,2196.59
1995-11-18,,,
1995-11-20,3628.8,1881.4,2204.01
1995-11-21,3604.1,1872.93,2201.9
1995-11-22,3632.4,1875.47,2194.53
1995-11-23,3602.5,1867.11,2197.26
1995-11-24,3624.0,1890.95,2210.92
1995-11-25,,,
1995-11-27,3649.0,1889.76,2247.97
1995-11-28,3648.8,1870.34,2242.91
1995-11-29,3655.5,1857.33,2249.75
1995-11-30,3664.3,1828.28,2254.95
1995-12-01,3680.4,1820.91,2266.56
1995-12-02,,,
1995-12-04,3669.7,1774.86,2261.08
1995-12-05,3664.2,1814.87,2269.34
1995-12-06,3662.8,1834.75,2274.94
1995-12-07,3639.5,1846.8,2260.62
1995-12-08,3630.0,1856.33,2277.7
1995-12-09,,,
1995-12-11,3652.1,1849.59,2280.39
1995-12-12,3654.9,1848.94,2278.64
1995-12-13,3662.4,1833.76,2283.26
1995-12-14,3671.6,1874.98,2286.21
1995-12-15,3642.6,1859.25,2283.84
1995-12-16,,,
1995-12-18,3596.1,1820.47,2240.24
1995-12-19,3576.9,1810.21,2241.43
1995-12-20,3613.7,1831.2,2268.07
1995-12-21,3633.3,1834.38,2268.35
1995-12-22,3658.3,1873.37,2280.81
1995-12-23,,,
1995-12-25,,,
1995-12-26,,1866.67,
1995-12-27,3676.4,1877.03,2280.44
1995-12-28,3676.7,1879.06,2273.9
1995-12-29,3689.3,1871.97,2260.69
1996-01-02,3687.9,1908.38,2284.86
1996-01-03,3715.6,1942.96,2329.22
1996-01-04,3714.1,1931.21,2324.32
1996-01-05,3704.5,1917.72,2331.88
1996-01-06,,,
1996-01-08,3720.6,1916.56,2323.48
1996-01-09,3700.3,1916.29,2349.66
1996-01-10,3671.5,1910.11,2338.19
1996-01-11,3654.9,1897.85,2329.51
1996-01-12,3657.3,1907.59,2356.45
1996-01-13,,,
1996-01-15,3662.7,1924.4,2359.05
1996-01-16,3710.6,1952.1,2376.87
1996-01-17,3704.2,1966.0,2371.3
1996-01-18,3748.7,1960.06,2380.9
1996-01-19,3748.4,1964.28,2398.76
1996-01-20,,,
1996-01-22,3754.2,1954.42,2390.53
1996-01-23,3735.0,1934.08,2384.47
1996-01-24,3758.2,1945.97,2423.07
1996-01-25,3734.2,1950.19,2443.72
1996-01-26,3734.7,1966.73,2432.93
1996-01-27,,,
1996-01-29,3734.6,1980.68,2446.05
1996-01-30,3735.3,2003.13,2435.79
1996-01-31,3759.3,2021.03,2470.14
1996-02-01,3752.8,2024.09,2459.26
1996-02-02,3781.3,2022.21,2452.06
1996-02-03,,,
1996-02-05,3746.6,1985.59,2419.01
1996-02-06,3747.5,1988.47,2428.28
1996-02-07,3726.1,1983.29,2446.16
1996-02-08,3708.4,1956.16,2430.2
1996-02-09,3716.3,1960.65,2411.93
1996-02-10,,,
1996-02-12,3726.6,1967.67,2428.05
1996-02-13,3747.6,1983.33,2433.91
1996-02-14,3745.0,1956.38,2427.07
1996-02-15,3779.8,1964.21,2423.01
1996-02-16,3770.9,1952.5,2429.02
1996-02-17,,,
1996-02-19,3744.3,1939.74,2398.58
1996-02-20,3714.6,1932.36,2382.61
1996-02-21,3725.6,1936.9,2391.12
1996-02-22,3740.0,1953.26,2412.0
1996-02-23,3740.3,1976.89,2451.78
1996-02-24,,,
1996-02-26,3704.2,1960.93,2442.34
1996-02-27,3715.9,1974.52,2444.92
1996-02-28,3738.2,1996.89,2472.5
1996-02-29,3727.6,1990.77,2473.55
1996-03-01,3752.7,2017.19,2501.22
1996-03-02,,,
1996-03-04,3768.6,2015.31,2487.99
1996-03-05,3777.1,2001.94,2479.03
1996-03-06,3758.9,2005.89,2466.04
1996-03-07,3758.2,2008.03,2480.94
1996-03-08,3710.3,1975.46,2469.12
1996-03-09,,,
1996-03-11,3674.5,1948.89,2407.79
1996-03-12,3639.5,1932.07,2435.97
1996-03-13,3640.3,1944.3,2426.38
1996-03-14,3681.8,1962.41,2426.49
1996-03-15,3644.8,1950.12,2458.23
1996-03-16,,,
1996-03-18,3669.6,1965.02,2463.16
1996-03-19,3693.0,1967.2,2493.26
1996-03-20,3685.4,1969.79,2485.9
1996-03-21,3698.3,1976.89,2504.12
1996-03-22,3707.0,1974.35,2504.02
1996-03-23,,,
1996-03-25,3681.9,2003.83,2510.32
1996-03-26,3660.9,2007.95,2499.32
1996-03-27,3672.4,2030.51,2525.42
1996-03-28,3672.6,2019.97,2508.44
1996-03-29,3699.7,2044.77,2485.87
1996-03-30,,,
1996-04-01,3718.4,2055.63,2489.09
1996-04-02,3728.5,2070.41,2501.22
1996-04-03,3725.1,2064.0,2494.4
1996-04-04,3755.6,2074.96,2495.18
1996-04-05,,,
1996-04-06,,,
1996-04-08,,,
1996-04-09,3758.6,2081.71,2503.26
1996-04-10,3767.4,2093.94,2530.02
1996-04-11,3744.2,2072.52,2509.71
1996-04-12,3766.8,2074.74,2511.78
1996-04-13,,,
1996-04-15,3790.5,2080.56,2545.94
1996-04-16,3825.3,2097.34,2538.38
1996-04-17,3805.6,2075.12,2524.18
1996-04-18,3820.7,2085.96,2535.52
1996-04-19,3857.1,2092.45,2536.52
1996-04-20,,,
1996-04-22,3852.7,2116.54,2545.91
1996-04-23,3833.0,2111.98,2550.18
1996-04-24,3817.6,2122.1,2538.26
1996-04-25,3819.3,2116.35,2532.41
1996-04-26,3832.8,2138.36,2537.17
1996-04-27,,,
1996-04-29,3809.2,2130.78,2506.46
1996-04-30,3817.9,2146.79,2505.25
1996-05-01,3806.0,,
1996-05-02,3776.4,2136.8,2502.31
1996-05-03,3751.6,2115.38,2457.49
1996-05-04,,,
1996-05-06,,2090.42,2468.91
1996-05-07,3723.0,2083.74,2479.53
1996-05-08,3707.3,,2472.64
1996-05-09,3728.3,2085.41,2469.38
1996-05-10,3754.4,2114.8,2468.78
1996-05-11,,,
1996-05-13,3739.2,2100.85,2496.17
1996-05-14,3759.7,2122.08,2519.73
1996-05-15,3776.2,2124.64,2528.75
1996-05-16,3753.6,,
1996-05-17,3789.6,2136.91,2537.33
1996-05-18,,,
1996-05-20,3778.2,2120.59,2550.0
1996-05-21,3789.4,2129.71,2570.78
1996-05-22,3764.2,2103.49,2556.87
1996-05-23,3747.0,2114.45,2560.46
1996-05-24,3752.1,2117.65,2542.24
1996-05-25,,,
1996-05-27,,,
1996-05-28,3760.2,2132.9,2558.3
1996-05-29,3775.7,2117.1,2551.45
1996-05-30,3746.7,2108.44,2527.31
1996-05-31,3747.8,2110.06,2542.8
1996-06-01,,,
1996-06-03,3739.2,2121.1,2532.83
1996-06-04,3755.2,2111.0,2546.25
1996-06-05,3753.4,2115.35,2552.53
1996-06-06,3760.3,2133.22,
1996-06-07,3706.8,2101.99,2557.43
1996-06-08,,,
1996-06-10,3728.8,2120.84,2558.81
1996-06-11,3755.7,2137.5,2546.35
1996-06-12,3769.2,2137.29,2568.88
1996-06-13,3761.7,2126.2,2567.47
1996-06-14,3753.6,2111.78,2548.83
1996-06-15,,,
1996-06-17,3761.5,2113.04,2546.12
1996-06-18,3756.4,2107.94,2549.29
1996-06-19,3753.2,2100.7,2554.29
1996-06-20,3727.5,2077.08,2539.67
1996-06-21,3722.3,2084.18,2540.11
1996-06-22,,,
1996-06-24,3710.8,2097.63,2566.43
1996-06-25,3679.5,2118.43,2572.96
1996-06-26,3695.5,2113.28,2573.69
1996-06-27,3678.8,2112.85,2551.62
1996-06-28,3711.0,2123.7,2561.39
1996-06-29,,,
1996-07-01,3725.6,2118.75,2564.0
1996-07-02,3725.7,2111.8,2572.25
1996-07-03,3714.1,2113.98,2568.95
1996-07-04,3760.6,2126.81,2577.39
1996-07-05,3743.2,2098.79,2583.49
1996-07-06,,,
1996-07-08,3741.5,2079.06,2551.04
1996-07-09,3752.3,2076.57,2562.18
1996-07-10,3765.8,2081.85,2567.43
1996-07-11,3749.0,2073.66,2575.54
1996-07-12,3728.3,2050.55,2544.26
1996-07-13,,,
1996-07-15,3698.3,2029.51,2550.53
1996-07-16,3632.3,1989.51,2469.79
1996-07-17,3658.2,1995.11,2497.19
1996-07-18,3693.4,2007.26,2506.22
1996-07-19,3710.5,1992.83,2520.19
1996-07-20,,,
1996-07-22,3681.3,1960.33,2482.4
1996-07-23,3708.4,1982.23,2475.07
1996-07-24,3668.8,1954.1,2447.8
1996-07-25,3684.7,1974.67,2465.0
1996-07-26,3673.3,1962.86,2470.34
1996-07-27,,,
1996-07-29,3678.8,1961.1,2477.81
1996-07-30,3668.5,1968.49,2457.48
1996-07-31,3703.2,1995.89,2473.35
1996-08-01,3734.4,2009.9,2494.46
1996-08-02,3770.6,2023.41,2508.65
1996-08-03,,,
1996-08-05,3788.3,2013.19,2520.93
1996-08-06,3788.4,1999.34,2522.47
1996-08-07,3811.1,1996.74,2531.89
1996-08-08,3811.4,1997.42,2538.15
1996-08-09,3810.7,1989.54,2525.64
1996-08-10,,,
1996-08-12,3803.3,1978.17,2528.18
1996-08-13,3823.4,1980.57,2539.41
1996-08-14,3830.3,1979.52,2538.68
1996-08-15,3837.4,,2546.33
1996-08-16,3872.9,,2548.36
1996-08-17,,,
1996-08-19,3863.7,1986.21,2562.76
1996-08-20,3883.2,2019.26,2560.26
1996-08-21,3872.1,2000.64,2543.74
1996-08-22,3891.1,2017.76,2557.26
1996-08-23,3907.5,2020.82,2555.16
1996-08-24,,,
1996-08-26,,2020.42,2552.36
1996-08-27,3905.7,2017.99,2558.84
1996-08-28,3918.7,2002.9,2563.16
1996-08-29,3885.0,1977.56,2560.06
1996-08-30,3867.6,1970.61,2543.83
1996-08-31,,,
1996-09-02,3884.4,1976.98,2532.88
1996-09-03,3855.9,1971.43,2510.77
1996-09-04,3872.7,1984.77,2532.39
1996-09-05,3887.2,1996.23,2529.54
1996-09-06,3893.0,2004.75,2517.0
1996-09-07,,,
1996-09-09,3910.8,2020.3,2548.73
1996-09-10,3916.1,2042.12,2570.95
1996-09-11,3905.6,2038.06,2566.8
1996-09-12,3932.6,2065.37,2570.32
1996-09-13,3967.9,2080.37,2595.96
1996-09-14,,,
1996-09-16,3977.2,2086.19,2629.87
1996-09-17,3972.3,2080.86,2628.08
1996-09-18,3955.7,2072.73,2625.7
1996-09-19,3974.3,2082.33,2624.44
1996-09-20,3964.1,2079.46,2646.1
1996-09-21,,,
1996-09-23,3919.7,2067.09,2627.04
1996-09-24,3910.5,2081.5,2638.45
1996-09-25,3935.7,2103.41,2658.97
1996-09-26,3933.2,2104.14,2666.55
1996-09-27,3946.4,2107.05,2659.04
1996-09-30,3953.7,2132.81,2651.85
1996-10-01,3992.2,2123.21,2655.73
1996-10-02,4015.1,2141.84,2676.5
1996-10-03,4000.0,2136.09,
1996-10-04,4025.0,2152.69,2683.28
1996-10-05,,,
1996-10-07,4031.5,2151.55,2702.64
1996-10-08,4035.6,2161.54,2691.17
1996-10-09,4009.3,2146.71,2702.99
1996-10-10,3994.7,2135.63,2680.75
1996-10-11,4028.1,2147.12,2686.03
1996-10-12,,,
1996-10-14,4038.7,2143.62,2693.88
1996-10-15,4050.8,2168.28,2728.45
1996-10-16,4024.4,2158.52,2714.9
1996-10-17,4042.1,2165.33,2716.26
1996-10-18,4053.1,2185.23,2734.82
1996-10-19,,,
1996-10-21,4073.1,2180.22,2729.03
1996-10-22,4057.2,2175.61,2718.98
1996-10-23,4028.4,2148.86,2699.53
1996-10-24,3999.4,2151.62,2678.43
1996-10-25,4022.4,2162.43,2674.22
1996-10-26,,,
1996-10-28,4025.3,2150.39,2703.83
1996-10-29,3993.5,2125.74,2673.62
1996-10-30,3963.9,2124.76,2678.73
1996-10-31,3979.1,2140.51,2659.25
1996-11-01,3948.5,,2683.25
1996-11-02,,,
1996-11-04,3928.1,2142.15,2671.86
1996-11-05,3921.1,2187.32,2691.29
1996-11-06,3935.7,2213.37,2729.19
1996-11-07,3900.4,2211.81,2713.22
1996-11-08,3910.8,2205.2,2739.83
1996-11-09,,,
1996-11-11,3914.4,,2728.32
1996-11-12,3934.3,2229.13,2734.3
1996-11-13,3926.9,2217.19,2773.43
1996-11-14,3926.1,2218.18,2777.01
1996-11-15,3958.2,2240.33,2795.8
1996-11-16,,,
1996-11-18,3962.1,2228.81,2763.84
1996-11-19,3978.1,2240.05,2764.09
1996-11-20,3962.8,2233.39,2774.5
1996-11-21,3953.8,2233.57,2772.34
1996-11-22,4018.7,2255.47,2763.69
1996-11-25,4054.6,2277.14,2799.19
1996-11-26,4068.4,2275.08,2810.64
1996-11-27,4049.2,2270.77,2797.03
1996-11-28,4050.2,2290.31,2817.49
1996-11-29,4058.0,2315.66,2845.52
1996-11-30,,,
1996-12-02,4038.5,2318.63,2858.6
1996-12-03,4061.5,2349.11,2886.98
1996-12-04,4045.2,2308.65,2866.07
1996-12-05,4051.2,2292.5,2909.91
1996-12-06,3963.0,2240.72,2791.96
1996-12-07,,,
1996-12-09,4011.6,2255.84,2857.24
1996-12-10,4035.7,2251.4,2891.0
1996-12-11,3982.5,2213.28,2841.05
1996-12-12,3990.7,2212.11,2847.08
1996-12-13,3972.4,2203.41,2799.71
1996-12-14,,,
1996-12-16,3993.8,2222.57,2855.79
1996-12-17,3979.6,2193.7,2815.13
1996-12-18,4018.2,2218.89,2820.75
1996-12-19,4051.3,2248.7,2807.75
1996-12-20,4077.6,2278.53,2854.45
1996-12-21,,,
1996-12-23,4087.2,2287.44,2845.57
1996-12-24,4092.5,2289.55,
1996-12-25,,,
1996-12-26,,2303.75,
1996-12-27,4091.0,2306.95,2852.88
1996-12-30,4115.7,2318.63,2888.69
1996-12-31,4118.5,2315.73,
1997-01-02,4057.4,2256.97,2848.77
1997-01-03,4089.5,2282.76,2859.28
1997-01-04,,,
1997-01-06,4106.5,2306.67,2881.32
1997-01-07,4078.8,2301.69,2886.13
1997-01-08,4087.5,2331.62,2906.34
1997-01-09,4087.0,2349.08,2892.63
1997-01-10,4056.6,2327.5,2933.39
1997-01-11,,,
1997-01-13,4107.3,2361.27,2954.95
1997-01-14,4168.2,2402.14,2948.88
1997-01-15,4158.9,2387.98,2988.45
1997-01-16,4197.5,2407.77,2993.31
1997-01-17,4207.7,2425.1,3001.37
1997-01-18,,,
1997-01-20,4194.0,2406.1,3030.68
1997-01-21,4195.5,2409.88,2976.71
1997-01-22,4219.1,2442.46,3028.67
1997-01-23,4271.5,2461.25,3033.46
1997-01-24,4218.8,2430.34,2998.24
1997-01-25,,,
1997-01-27,4212.0,2435.17,2994.53
1997-01-28,4237.4,2482.76,2989.33
1997-01-29,4207.5,2465.01,2999.2
1997-01-30,4228.4,2503.06,3017.32
1997-01-31,4275.8,2516.56,3035.15
1997-02-01,,,
1997-02-03,4257.8,2508.55,3062.29
1997-02-04,4260.9,2503.07,3067.06
1997-02-05,4281.5,2541.25,3098.0
1997-02-06,4265.9,2558.43,3104.14
1997-02-07,4307.8,2597.52,3138.01
1997-02-10,4307.7,2595.37,3184.36
1997-02-11,4304.3,2582.09,3187.58
1997-02-12,4304.3,2599.33,3216.14
1997-02-13,4327.1,2628.41,3229.48
1997-02-14,4341.0,2627.42,3248.18
1997-02-15,,,
1997-02-17,4337.8,2634.48,3232.57
1997-02-18,4332.3,2617.52,3276.16
1997-02-19,4357.4,2594.76,3233.75
1997-02-20,4356.1,2575.24,3196.03
1997-02-21,4336.8,2562.84,3184.09
1997-02-22,,,
1997-02-24,4331.1,2567.85,3184.21
1997-02-25,4344.7,2607.72,3233.21
1997-02-26,4329.3,2602.17,3237.87
1997-02-27,4339.2,2629.4,3276.72
1997-02-28,4308.3,2607.55,3259.64
1997-03-03,4307.1,2600.26,3263.86
1997-03-04,4357.7,2651.69,3320.66
1997-03-05,4360.1,2666.19,3364.99
1997-03-06,4399.3,2698.92,3417.6
1997-03-07,4420.3,2708.28,3376.2
1997-03-08,,,
1997-03-10,4437.4,2709.21,3436.07
1997-03-11,4444.3,2686.15,3460.59
1997-03-12,4422.5,2642.73,3415.4
1997-03-13,4397.7,2632.1,3349.81
1997-03-14,4424.3,2645.62,3359.29
1997-03-15,,,
1997-03-17,4373.3,2588.38,3350.99
1997-03-18,4356.8,2573.95,3291.19
1997-03-19,4332.2,2596.77,3315.93
1997-03-20,4258.1,2553.72,3264.67
1997-03-21,4254.8,2587.13,3298.24
1997-03-22,,,
1997-03-24,4214.8,2579.28,3321.84
1997-03-25,4270.7,2624.25,3349.14
1997-03-26,4301.5,2648.73,3418.12
1997-03-27,4312.9,2656.68,3429.05
1997-03-28,,,
1997-03-29,,,
1997-03-31,,,
1997-04-01,4248.1,2581.82,3295.93
1997-04-02,4236.6,2530.28,3301.91
1997-04-03,4214.6,2514.52,3215.24
1997-04-04,4236.6,2517.97,3244.93
1997-04-07,4271.7,2572.31,3312.88
1997-04-08,4269.3,2579.0,3329.76
1997-04-09,4292.3,2617.55,3359.46
1997-04-10,4313.2,2607.97,3351.49
1997-04-11,4270.7,2574.56,3340.05
1997-04-12,,,
1997-04-14,4251.7,2566.13,3279.9
1997-04-15,4286.8,2620.63,3327.68
1997-04-16,4294.6,2620.97,3353.45
1997-04-17,4298.9,2615.18,3383.25
1997-04-18,4310.5,2547.56,3344.39
1997-04-19,,,
1997-04-21,4328.7,2522.67,3347.58
1997-04-22,4346.1,2514.67,3340.33
1997-04-23,4387.7,2533.64,3395.95
1997-04-24,4388.5,2539.83,3397.36
1997-04-25,4369.7,2536.26,3377.27
1997-04-26,,,
1997-04-28,4389.7,2550.25,3363.06
1997-04-29,4433.2,2602.86,3383.19
1997-04-30,4436.0,2639.46,3438.07
1997-05-01,4445.0,,
1997-05-02,4455.6,2655.31,3460.37
1997-05-03,,,
1997-05-05,,2672.84,3528.78
1997-05-06,4519.3,2651.93,3568.28
1997-05-07,4537.5,2643.31,3551.98
1997-05-08,4580.4,,
1997-05-09,4630.9,2633.91,3562.41
1997-05-10,,,
1997-05-12,4669.6,2693.09,3575.37
1997-05-13,4691.0,2719.58,3595.15
1997-05-14,4686.9,2774.63,3573.69
1997-05-15,4681.2,2776.01,3562.11
1997-05-16,4693.9,2784.28,3604.55
1997-05-17,,,
1997-05-19,4645.2,,
1997-05-20,4607.5,2751.11,3543.43
1997-05-21,4642.0,2786.35,3596.09
1997-05-22,4651.8,2741.65,3579.42
1997-05-23,4661.8,2762.9,3602.19
1997-05-24,,,
1997-05-26,,2654.74,3657.86
1997-05-27,4681.6,2680.34,3674.36
1997-05-28,4677.5,2583.17,3636.42
1997-05-29,4672.3,2579.24,
1997-05-30,4621.3,2583.94,3547.84
1997-05-31,,,
1997-06-02,4562.8,2601.45,3605.62
1997-06-03,4557.8,2624.49,3625.74
1997-06-04,4557.1,2635.37,3661.84
1997-06-05,4576.2,2690.85,3673.03
1997-06-06,4645.0,2719.25,3695.29
1997-06-07,,,
1997-06-09,4686.7,2686.2,3667.43
1997-06-10,4739.6,2664.18,3665.01
1997-06-11,4724.8,2696.19,3677.43
1997-06-12,4757.4,2760.27,3707.99
1997-06-13,4783.1,2808.52,3744.44
1997-06-14,,,
1997-06-16,4745.1,2795.87,3765.11
1997-06-17,4682.2,2762.6,3741.48
1997-06-18,4657.0,2751.74,3730.27
1997-06-19,4653.7,2739.69,3749.27
1997-06-20,4593.9,2757.1,3788.27
1997-06-21,,,
1997-06-23,4575.8,2762.2,3754.72
1997-06-24,4596.3,2784.76,3755.82
1997-06-25,4640.0,2867.44,3798.51
1997-06-26,4657.9,2893.64,3805.29
1997-06-27,4640.3,2891.04,3795.41
1997-06-28,,,
1997-06-30,4604.6,2858.26,3785.77
1997-07-01,4728.3,2944.04,3819.85
1997-07-02,4751.4,2909.45,3854.76
1997-07-03,4831.7,2936.98,3887.39
1997-07-04,4812.8,2934.48,3942.53
1997-07-05,,,
1997-07-07,4810.7,2947.66,3972.84
1997-07-08,4758.5,2929.81,4006.4
1997-07-09,4762.4,2950.56,4055.86
1997-07-10,4767.8,2929.09,3992.38
1997-07-11,4799.5,2941.59,4040.97
1997-07-12,,,
1997-07-14,4857.4,,4124.19
1997-07-15,4899.3,2950.7,4121.13
1997-07-16,4964.2,2988.01,4201.24
1997-07-17,4949.0,2958.59,4227.31
1997-07-18,4877.2,2876.69,4196.53
1997-07-19,,,
1997-07-21,4805.7,2874.12,4108.4
1997-07-22,4846.7,2921.13,4230.42
1997-07-23,4874.5,3003.53,4406.09
1997-07-24,4862.9,2973.53,4335.74
1997-07-25,4851.5,3025.94,4317.64
1997-07-26,,,
1997-07-28,4862.6,3022.2,4371.16
1997-07-29,4876.6,3023.63,4381.69
1997-07-30,4927.3,3069.3,4421.72
1997-07-31,4907.5,3075.67,4438.93
1997-08-01,4899.3,3049.44,4408.79
1997-08-02,,,
1997-08-04,4895.7,2992.41,4296.94
1997-08-05,4960.6,2984.1,4302.68
1997-08-06,5026.2,3037.09,4335.39
1997-08-07,5086.8,3056.34,4414.35
1997-08-08,5031.3,2996.27,4354.15
1997-08-09,,,
1997-08-11,5031.9,2983.44,4333.13
1997-08-12,5075.8,2998.57,4363.09
1997-08-13,5003.6,2924.04,4278.48
1997-08-14,4991.3,2921.84,4231.43
1997-08-15,4865.8,,4152.86
1997-08-16,,,
1997-08-18,4835.0,2870.13,4078.6
1997-08-19,4914.2,2936.16,4169.62
1997-08-20,4958.4,2979.27,4223.43
1997-08-21,4978.0,2957.23,4253.67
1997-08-22,4901.1,2904.23,4086.01
1997-08-23,,,
1997-08-25,,2898.57,4071.79
1997-08-26,4886.3,2869.26,3959.33
1997-08-27,4906.9,2871.7,3995.66
1997-08-28,4845.4,2828.41,3973.65
1997-08-29,4817.5,2770.49,3906.03
1997-08-30,,,
1997-09-01,4870.2,2805.84,3989.96
1997-09-02,4952.2,2921.15,4047.37
1997-09-03,4976.9,2917.92,4103.65
1997-09-04,4991.3,2926.99,4071.68
1997-09-05,4994.2,2924.51,4100.67
1997-09-06,,,
1997-09-08,4985.2,2940.89,4068.01
1997-09-09,4950.5,2919.72,4094.39
1997-09-10,4905.2,2874.57,4050.14
1997-09-11,4854.8,2843.6,3972.55
1997-09-12,4848.2,2834.07,3854.81
1997-09-13,,,
1997-09-15,4902.9,2898.62,3820.13
1997-09-16,4976.4,2940.55,3898.95
1997-09-17,5013.1,2944.0,4010.48
1997-09-18,5046.2,2978.37,4000.48
1997-09-19,5023.8,2977.18,4032.97
1997-09-20,,,
1997-09-22,5075.7,3017.45,4088.92
1997-09-23,5027.5,2997.23,4098.2
1997-09-24,5077.2,3023.77,4102.39
1997-09-25,5065.5,3005.38,4148.58
1997-09-26,5226.3,2985.63,4080.78
1997-09-27,,,
1997-09-29,5220.3,2988.96,4104.27
1997-09-30,5244.2,3008.26,4167.85
1997-10-01,5317.1,3054.93,4196.98
1997-10-02,5296.1,3052.07,4273.71
1997-10-03,5330.8,3094.01,
1997-10-04,,,
1997-10-06,5300.0,3077.98,4302.13
1997-10-07,5305.6,3064.42,4307.39
1997-10-08,5262.1,3024.08,4347.24
1997-10-09,5217.8,2960.65,4243.01
1997-10-10,5227.3,2955.11,4188.52
1997-10-11,,,
1997-10-13,5300.1,3000.98,4231.4
1997-10-14,5298.9,3005.54,4202.37
1997-10-15,5263.7,2992.16,4193.69
1997-10-16,5287.9,2992.87,4118.22
1997-10-17,5271.1,2958.02,4061.5
1997-10-18,,,
1997-10-20,5211.0,2946.71,4040.75
1997-10-21,5225.9,2989.89,4139.5
1997-10-22,5148.8,2958.06,4171.45
1997-10-23,4991.5,2856.87,3977.26
1997-10-24,4970.2,2849.03,4050.87
1997-10-25,,,
1997-10-27,4840.7,2769.64,3879.12
1997-10-28,4755.4,2651.33,3567.22
1997-10-29,4871.8,2818.0,3791.81
1997-10-30,4801.9,2739.47,3727.4
1997-10-31,4842.3,2739.3,3726.69
1997-11-01,,,
1997-11-03,4906.4,2787.96,3854.07
1997-11-04,4897.4,2774.9,3812.45
1997-11-05,4908.3,2822.42,3866.68
1997-11-06,4863.8,2781.82,3823.91
1997-11-07,4764.3,2699.71,3699.89
1997-11-08,,,
1997-11-10,4806.8,,3752.53
1997-11-11,4793.7,,3731.08
1997-11-12,4720.4,2696.6,3659.27
1997-11-13,4711.0,2700.66,3704.29
1997-11-14,4741.8,2696.04,3730.94
1997-11-15,,,
1997-11-17,4867.0,2772.99,3794.61
1997-11-18,4845.4,2782.61,3833.47
1997-11-19,4830.1,2790.56,3834.82
1997-11-20,4908.4,2821.19,3915.94
1997-11-21,4985.8,2861.7,3959.69
1997-11-22,,,
1997-11-24,4898.6,2802.48,3830.63
1997-11-25,4863.5,2786.26,3849.23
1997-11-26,4891.2,2811.65,3916.53
1997-11-27,4889.0,2829.01,3953.84
1997-11-28,4831.8,2859.19,3949.14
1997-11-29,,,
1997-12-01,4921.8,2918.48,4068.05
1997-12-02,4977.6,2913.09,4072.96
1997-12-03,4970.7,2902.35,4082.89
1997-12-04,5082.3,2914.45,4139.8
1997-12-05,5142.9,2910.09,4170.08
1997-12-06,,,
1997-12-08,5187.4,2932.47,4223.36
1997-12-09,5177.1,2959.4,4184.91
1997-12-10,5130.7,2932.18,4117.27
1997-12-11,5035.9,2828.45,4030.16
1997-12-12,5045.2,2830.26,4082.6
1997-12-13,,,
1997-12-15,5121.8,2838.27,4060.04
1997-12-16,5203.4,2912.18,4083.97
1997-12-17,5190.8,2893.25,4158.68
1997-12-18,5168.3,2894.5,4166.24
1997-12-19,5020.2,2822.9,4084.75
1997-12-20,,,
1997-12-22,5018.2,2869.73,4043.02
1997-12-23,5049.8,2858.13,4121.79
1997-12-24,5013.9,2874.08,
1997-12-25,,,
1997-12-26,,2871.27,
1997-12-27,,,
1997-12-29,5112.4,2939.46,4197.37
1997-12-30,5132.3,2975.47,4249.69
1997-12-31,5135.5,2998.91,
1998-01-02,5193.5,3040.14,4315.37
1998-01-03,,,
1998-01-05,5262.5,3072.84,4384.81
1998-01-06,5264.4,3037.73,4352.63
1998-01-07,5224.1,3006.73,4391.54
1998-01-08,5237.1,2954.94,4347.23
1998-01-09,5138.3,2919.81,4236.94
1998-01-10,,,
1998-01-12,5068.8,2862.54,4087.28
1998-01-13,5083.9,2902.93,4159.4
1998-01-14,5106.9,2919.8,4190.08
1998-01-15,5165.8,2932.75,4148.34
1998-01-16,5263.1,2976.09,4184.46
1998-01-17,,,
1998-01-19,5273.6,2986.95,4284.94
1998-01-20,5278.2,3008.34,4307.91
1998-01-21,5272.3,2998.11,4282.84
1998-01-22,5253.1,2988.59,4220.25
1998-01-23,5181.4,2966.15,4237.31
1998-01-24,,,
1998-01-26,5237.2,3000.47,4224.78
1998-01-27,5326.3,3052.02,4278.76
1998-01-28,5372.6,3088.26,4391.02
1998-01-29,5422.4,3133.82,4419.38
1998-01-30,5458.5,3172.14,4440.38
1998-01-31,,,
1998-02-02,5599.0,3187.5,4522.81
1998-02-03,5612.8,3188.43,4532.52
1998-02-04,5595.8,3166.26,4486.95
1998-02-05,5606.4,3189.6,4548.46
1998-02-06,5629.7,3216.66,4496.33
1998-02-07,,,
1998-02-09,5600.9,3220.94,4563.55
1998-02-10,5613.3,3235.76,4523.75
1998-02-11,5607.9,3240.0,4588.43
1998-02-12,5552.5,3178.7,4536.83
1998-02-13,5582.3,3187.73,4502.48
1998-02-14,,,
1998-02-16,5619.9,3225.12,4520.64
1998-02-17,5709.5,3280.45,4602.4
1998-02-18,5723.4,3281.71,4628.83
1998-02-19,5718.5,3250.63,4582.4
1998-02-20,5751.6,3262.5,4602.65
1998-02-21,,,
1998-02-23,5702.8,3273.48,4657.54
1998-02-24,5651.0,3262.63,4599.54
1998-02-25,5745.1,3348.2,4635.82
1998-02-26,5764.8,3397.03,4692.03
1998-02-27,5767.3,3421.92,4709.83
1998-02-28,,,
1998-03-02,5820.6,3446.7,4736.74
1998-03-03,5807.7,3414.87,4757.14
1998-03-04,5733.1,3381.32,4709.58
1998-03-05,5695.6,3395.8,4623.4
1998-03-06,5782.9,3483.22,4715.95
1998-03-07,,,
1998-03-09,5818.9,3525.85,4780.83
1998-03-10,5828.5,3521.51,4834.43
1998-03-11,5829.8,3539.43,4832.76
1998-03-12,5794.8,3526.57,4839.6
1998-03-13,5782.3,3540.23,4889.65
1998-03-14,,,
1998-03-16,5785.1,3598.26,4883.85
1998-03-17,5834.9,3661.63,4946.68
1998-03-18,5903.6,3652.52,4919.72
1998-03-19,5997.9,3688.68,4936.32
1998-03-20,5956.3,3688.91,5001.55
1998-03-21,,,
1998-03-23,5947.0,3680.13,4971.32
1998-03-24,5983.7,3738.54,5028.24
1998-03-25,5967.8,3818.71,5096.62
1998-03-26,5905.6,3783.78,5039.76
1998-03-27,5939.3,3810.23,5083.16
1998-03-28,,,
1998-03-30,5911.9,3800.23,5069.9
1998-03-31,5932.2,3875.81,5102.35
1998-04-01,6017.6,3883.31,5154.21
1998-04-02,6052.8,3935.88,5176.66
1998-04-03,6064.2,3932.02,5223.52
1998-04-04,,,
1998-04-06,6105.8,3986.75,5271.65
1998-04-07,6094.0,3903.27,5357.05
1998-04-08,6055.2,3873.87,5269.46
1998-04-09,6105.5,3894.48,5317.22
1998-04-10,,,
1998-04-11,,,
1998-04-13,,,
1998-04-14,6104.1,3867.66,5374.78
1998-04-15,6074.1,3884.61,5388.47
1998-04-16,6002.0,3845.94,5324.14
1998-04-17,5922.2,3861.58,5268.75
1998-04-18,,,
1998-04-20,5954.1,3885.69,5442.0
1998-04-21,5955.0,3860.4,5388.94
1998-04-22,5931.1,3835.07,5360.65
1998-04-23,5898.1,3822.13,5251.46
1998-04-24,5863.9,3783.34,5144.28
1998-04-25,,,
1998-04-27,5722.4,3685.83,5088.13
1998-04-28,5806.6,3777.23,5018.67
1998-04-29,5833.1,3733.93,5108.48
1998-04-30,5928.3,3880.92,5107.44
1998-05-01,6010.3,,
1998-05-02,,,
1998-05-04,,3974.25,5314.66
1998-05-05,5986.5,3944.91,5232.03
1998-05-06,5992.4,3947.45,5229.8
1998-05-07,5938.0,3906.36,5186.23
1998-05-08,5969.8,,5257.58
1998-05-09,,,
1998-05-11,6028.3,4017.24,5341.69
1998-05-12,5956.7,3987.33,5297.35
1998-05-13,5972.9,4019.76,5376.88
1998-05-14,5948.5,4011.98,5361.22
1998-05-15,5917.8,3990.23,5393.14
1998-05-16,,,
1998-05-18,5826.2,3945.31,5342.85
1998-05-19,5877.8,3980.84,5388.9
1998-05-20,5907.4,4047.92,5510.98
1998-05-21,5935.6,,
1998-05-22,5955.6,4049.78,5564.21
1998-05-23,,,
1998-05-25,,4108.71,5575.16
1998-05-26,5970.7,4115.88,5644.29
1998-05-27,5870.2,4017.37,5490.64
1998-05-28,5862.3,4014.92,5481.26
1998-05-29,5870.7,4041.16,5569.08
1998-05-30,,,
1998-06-01,5837.9,,
1998-06-02,5842.3,4086.98,5582.78
1998-06-03,5898.4,4149.37,5613.76
1998-06-04,5860.8,4119.03,5592.48
1998-06-05,5947.3,4185.05,5688.5
1998-06-08,6037.8,4204.58,5779.09
1998-06-09,6019.8,4201.86,5760.03
1998-06-10,5987.4,4208.6,5754.46
1998-06-11,5852.5,4141.61,
1998-06-12,5769.8,4050.76,5670.83
1998-06-13,,,
1998-06-15,5715.7,4005.33,5527.32
1998-06-16,5729.7,4013.28,5591.57
1998-06-17,5832.7,4092.92,5709.36
1998-06-18,5812.1,4052.27,5718.06
1998-06-19,5748.1,4027.32,5702.61
1998-06-20,,,
1998-06-22,5712.4,4018.64,5654.75
1998-06-23,5772.0,4065.04,5718.71
1998-06-24,5804.9,4126.33,5779.91
1998-06-25,5858.9,4203.81,5866.63
1998-06-26,5877.4,4215.7,5870.42
1998-06-27,,,
1998-06-29,5884.5,4248.24,5915.13
1998-06-30,5832.5,4203.45,5897.44
1998-07-01,5919.9,4260.68,5906.85
1998-07-02,5960.2,4252.09,5904.1
1998-07-03,5988.4,4304.38,5953.16
1998-07-04,,,
1998-07-06,5990.3,4311.1,5918.37
1998-07-07,6003.4,4333.09,5960.98
1998-07-08,6009.6,4339.91,6013.14
1998-07-09,5969.7,4319.18,5996.77
1998-07-10,5929.7,4256.35,5982.42
1998-07-11,,,
1998-07-13,5958.2,,6019.48
1998-07-14,6100.2,,6095.28
1998-07-15,6151.5,4344.3,6108.24
1998-07-16,6116.8,4358.13,6094.02
1998-07-17,6174.0,4388.48,6147.87
1998-07-18,,,
1998-07-20,6179.0,4368.91,6171.43
1998-07-21,6132.7,4322.08,6165.52
1998-07-22,5989.6,4220.12,6110.73
1998-07-23,5976.2,4235.89,6058.45
1998-07-24,5892.3,4205.41,6035.28
1998-07-25,,,
1998-07-27,5836.1,4139.53,5885.0
1998-07-28,5835.8,4122.35,5889.01
1998-07-29,5844.1,4139.19,5853.63
1998-07-30,5910.7,4197.64,5880.87
1998-07-31,5837.0,4177.31,5873.92
1998-08-01,,,
1998-08-03,5809.7,4095.03,5758.77
1998-08-04,5736.1,4047.88,5756.2
1998-08-05,5632.5,3976.4,5632.51
1998-08-06,5594.1,3968.59,5517.64
1998-08-07,5680.4,4041.88,5581.22
1998-08-08,,,
1998-08-10,5587.6,3939.45,5476.25
1998-08-11,5432.8,3845.98,5268.4
1998-08-12,5462.2,3945.7,5402.37
1998-08-13,5399.5,3951.69,5356.23
1998-08-14,5455.0,3994.91,5447.9
1998-08-17,5467.2,3983.81,5456.58
1998-08-18,5648.2,4123.25,5568.88
1998-08-19,5694.3,4125.72,5596.41
1998-08-20,5667.4,4087.49,5488.22
1998-08-21,5477.0,3943.68,5163.51
1998-08-22,,,
1998-08-24,5553.7,3937.43,5234.88
1998-08-25,5654.4,4029.32,5371.76
1998-08-26,5545.4,3913.17,5231.61
1998-08-27,5368.5,3745.64,5060.84
1998-08-28,5249.4,3708.97,4993.54
1998-08-29,,,
1998-08-31,,3651.85,4833.89
1998-09-01,5169.1,3646.29,4791.81
1998-09-02,5235.8,3729.67,4970.5
1998-09-03,5118.7,3646.46,4812.18
1998-09-04,5167.0,3690.75,4820.25
1998-09-05,,,
1998-09-07,5347.0,3695.35,4923.37
1998-09-08,5344.2,3803.74,5103.84
1998-09-09,5311.3,3762.13,5040.87
1998-09-10,5136.6,3589.35,4747.33
1998-09-11,5118.6,3578.34,4737.15
1998-09-12,,,
1998-09-14,5268.6,3714.81,4896.49
1998-09-15,5281.7,3698.0,4831.22
1998-09-16,5291.7,3729.32,4857.97
1998-09-17,5132.9,3525.26,4669.51
1998-09-18,5055.6,3465.22,4598.58
1998-09-19,,,
1998-09-21,4990.3,3342.65,4433.87
1998-09-22,5103.3,3347.98,4575.15
1998-09-23,5214.7,3423.78,4699.39
1998-09-24,5167.6,3381.13,4646.25
1998-09-25,5061.0,3310.59,4561.58
1998-09-26,,,
1998-09-28,5093.5,3337.64,4653.94
1998-09-29,5108.7,3337.05,4578.27
1998-09-30,5064.4,3197.95,4474.51
1998-10-01,4908.2,3038.01,4226.49
1998-10-02,4750.4,3039.14,3962.5
1998-10-05,4648.7,2979.89,4034.23
1998-10-06,4854.0,3136.48,4156.64
1998-10-07,4828.9,3097.69,4087.83
1998-10-08,4698.9,2959.97,3896.08
1998-10-09,4823.4,3092.9,3983.65
1998-10-10,,,
1998-10-12,5037.6,3263.32,4225.49
1998-10-13,4990.1,3278.85,4274.48
1998-10-14,5038.4,3361.04,4318.52
1998-10-15,5056.3,3362.26,4399.05
1998-10-16,5133.1,3390.1,4489.1
1998-10-17,,,
1998-10-19,5077.5,3395.35,4458.4
1998-10-20,5251.9,3492.52,4595.82
1998-10-21,5206.6,3440.78,4523.24
1998-10-22,5229.9,3420.92,4454.28
1998-10-23,5217.1,3393.76,4451.09
1998-10-24,,,
1998-10-26,5231.5,3449.48,4577.74
1998-10-27,5331.2,3550.75,4682.45
1998-10-28,5293.9,3493.6,4536.34
1998-10-29,5358.5,3483.43,4549.33
1998-10-30,5438.4,3522.93,4671.12
1998-10-31,,,
1998-11-02,5525.5,3569.6,4761.15
1998-11-03,5503.9,3583.64,4705.08
1998-11-04,5622.9,3684.16,4841.72
1998-11-05,5479.8,3596.18,4811.6
1998-11-06,5491.0,3588.63,4836.22
1998-11-07,,,
1998-11-09,5433.9,3585.32,4768.58
1998-11-10,5432.3,3544.74,4662.78
1998-11-11,5476.8,,4717.7
1998-11-12,5449.0,3560.23,4639.89
1998-11-13,5463.2,3562.23,4639.65
1998-11-14,,,
1998-11-16,5510.5,3621.85,4783.77
1998-11-17,5502.7,3601.57,4702.63
1998-11-18,5474.0,3612.5,4698.72
1998-11-19,5606.2,3706.76,4795.69
1998-11-20,5717.5,3802.7,4911.88
1998-11-21,,,
1998-11-23,5848.4,3845.81,5019.12
1998-11-24,5798.3,3839.38,4958.82
1998-11-25,5755.3,3849.84,4944.37
1998-11-26,5827.9,3915.53,5051.63
1998-11-27,5844.2,3950.94,5121.48
1998-11-28,,,
1998-11-30,5743.9,3843.38,5022.7
1998-12-01,5537.5,3688.34,4781.73
1998-12-02,5507.2,3649.91,4691.69
1998-12-03,5566.1,3715.67,4787.08
1998-12-04,5581.9,3738.59,4775.23
1998-12-05,,,
1998-12-07,5576.7,3771.22,4713.96
1998-12-08,5615.7,3765.41,4699.34
1998-12-09,5669.1,3772.61,4663.68
1998-12-10,5660.3,3746.97,4642.69
1998-12-11,5541.7,3695.7,4536.2
1998-12-14,5534.5,3663.21,4522.86
1998-12-15,5557.1,3673.76,4574.5
1998-12-16,5630.4,3707.47,4663.45
1998-12-17,5685.2,3751.17,4723.81
1998-12-18,5741.9,3691.89,4629.23
1998-12-21,5876.5,3803.41,4780.93
1998-12-22,5843.3,3820.47,4825.38
1998-12-23,5908.8,3872.42,4951.77
1998-12-24,5867.2,,
1998-12-25,,,
1998-12-28,,3873.1,5044.77
1998-12-29,5941.5,3891.1,5031.87
1998-12-30,5882.6,3942.66,5002.39
1998-12-31,,,
1999-01-04,5879.4,4147.5,5252.36
1999-01-05,5958.2,4200.78,5253.91
1999-01-06,6148.8,4294.82,5443.62
1999-01-07,6101.2,4230.67,5323.21
1999-01-08,6147.2,4245.42,5392.84
1999-01-11,6085.0,4201.9,5270.6
1999-01-12,6033.6,4100.7,5200.1
1999-01-13,5850.1,3958.72,4931.8
1999-01-14,5820.2,3997.06,4912.75
1999-01-15,5941.0,4054.81,4960.22
1999-01-18,6123.9,4151.68,5050.4
1999-01-19,6027.6,4115.99,5073.15
1999-01-20,6105.6,4190.01,5143.06
1999-01-21,6022.3,4154.03,5156.67
1999-01-22,5861.2,4019.33,5019.28
1999-01-25,5880.9,4050.8,4982.45
1999-01-26,5885.7,4071.28,4986.8
1999-01-27,5876.4,4098.1,5061.18
1999-01-28,5872.5,4199.67,5096.41
1999-01-29,5896.0,4251.8,5159.96
1999-02-01,6012.4,4303.92,5190.82
1999-02-02,6013.0,4243.57,5166.87
1999-02-03,5940.3,4188.84,5085.66
1999-02-04,5939.9,4167.42,5077.85
1999-02-05,5855.3,4147.3,5080.77
1999-02-08,5834.9,4154.02,5027.22
1999-02-09,5779.9,4038.49,4904.35
1999-02-10,5770.2,4001.93,4796.82
1999-02-11,5888.5,4072.34,4839.33
1999-02-12,5950.7,4060.36,4888.74
1999-02-15,6023.2,4065.19,4879.55
1999-02-16,6108.6,4052.32,4904.68
1999-02-17,6078.4,3985.49,4810.09
1999-02-18,6074.9,4039.41,4845.08
1999-02-19,6031.2,4130.48,4802.38
1999-02-22,6069.9,4165.86,4845.18
1999-02-23,6155.2,4207.95,4987.56
1999-02-24,6307.6,4213.7,5062.31
1999-02-25,6206.5,4152.56,4958.58
1999-02-26,6175.1,4092.94,4911.81
1999-03-01,6060.9,4032.05,4784.31
1999-03-02,6061.3,4048.63,4804.02
1999-03-03,6048.3,4004.16,4697.67
1999-03-04,6101.4,4087.99,4678.72
1999-03-05,6205.5,4189.56,4839.09
1999-03-08,6208.8,4175.97,4788.69
1999-03-09,6237.7,4159.8,4758.46
1999-03-10,6241.5,4162.31,4721.41
1999-03-11,6335.7,4184.38,4754.41
1999-03-12,6282.2,4175.03,5008.16
1999-03-15,6206.8,4185.12,5029.24
1999-03-16,6201.9,4186.35,5094.63
1999-03-17,6140.6,4170.01,5077.43
1999-03-18,6114.3,4152.37,5013.62
1999-03-19,6163.2,4219.65,5099.48
1999-03-22,6152.8,4197.06,5027.06
1999-03-23,6060.5,4079.47,4915.03
1999-03-24,6016.7,4058.16,4780.13
1999-03-25,6085.0,4137.01,4863.81
1999-03-26,6139.2,4115.71,4775.17
1999-03-29,6252.9,4153.65,4876.92
1999-03-30,6264.1,4141.98,4856.84
1999-03-31,6295.3,4197.88,4884.2
1999-04-01,6330.0,4229.85,4914.59
1999-04-02,,,
1999-04-05,,,
1999-04-06,6415.3,4304.48,4965.29
1999-04-07,6473.2,4318.04,5052.27
1999-04-08,6437.9,4330.7,5068.75
1999-04-09,6472.8,4363.14,5124.18
1999-04-12,6441.2,4355.0,5159.16
1999-04-13,6513.1,4367.41,5199.18
1999-04-14,6493.6,4349.26,5182.16
1999-04-15,6466.1,4310.64,5181.01
1999-04-16,6420.6,4300.91,5155.35
1999-04-19,6515.3,4379.34,5220.15
1999-04-20,6319.8,4253.27,5087.29
1999-04-21,6311.0,4291.6,5163.29
1999-04-22,6413.6,4291.85,5218.82
1999-04-23,6428.0,4262.43,5195.42
1999-04-26,6503.6,4284.4,5256.22
1999-04-27,6593.6,4390.92,5347.5
1999-04-28,6598.8,4374.7,5348.61
1999-04-29,6497.6,4371.53,5334.42
1999-04-30,6552.2,4405.35,5393.11
1999-05-03,,4442.84,5377.56
1999-05-04,6533.1,4438.55,5383.21
1999-05-05,6401.7,4368.17,5307.22
1999-05-06,6406.6,4333.24,5274.45
1999-05-07,6356.0,4289.56,5297.38
1999-05-10,6348.8,4347.15,5205.95
1999-05-11,6378.3,4349.98,5249.15
1999-05-12,6343.1,4354.79,5248.02
1999-05-13,6456.6,4415.88,
1999-05-14,6300.4,4323.83,5173.25
1999-05-17,6165.8,4248.94,5114.47
1999-05-18,6206.4,4312.74,5154.94
1999-05-19,6266.7,4375.91,5181.51
1999-05-20,6368.2,4421.91,5235.64
1999-05-21,6353.1,4398.13,5264.68
1999-05-24,6322.1,,
1999-05-25,6249.3,4373.78,5143.1
1999-05-26,6236.8,4376.68,5160.44
1999-05-27,6199.5,4326.44,5083.83
1999-05-28,6226.2,4315.04,5068.73
1999-05-31,,4351.29,5069.83
1999-06-01,6250.0,4313.69,5021.24
1999-06-02,6302.2,4315.34,4997.83
1999-06-03,6348.6,4354.52,
1999-06-04,6361.5,4344.25,5107.81
1999-06-07,6412.0,4404.24,5190.15
1999-06-08,6431.5,4407.58,5211.08
1999-06-09,6453.0,4422.39,5253.89
1999-06-10,6403.4,4380.99,5206.47
1999-06-11,6484.8,4385.83,5262.15
1999-06-14,6430.1,4372.39,5268.87
1999-06-15,6451.2,4418.18,5342.86
1999-06-16,6504.9,4481.75,5381.25
1999-06-17,6493.6,4508.77,5412.0
1999-06-18,6527.8,4539.56,5430.32
1999-06-21,6581.2,4545.09,5468.47
1999-06-22,6552.4,4538.04,5468.67
1999-06-23,6496.5,4481.66,5399.11
1999-06-24,6416.7,4434.21,5327.6
1999-06-25,6435.4,4416.89,5301.21
1999-06-28,6405.7,4465.23,5356.95
1999-06-29,6307.1,4503.83,5359.53
1999-06-30,6318.5,4536.61,5378.52
1999-07-01,6488.9,4609.26,5480.22
1999-07-02,6491.9,4620.67,5519.05
1999-07-05,6592.0,4697.84,5625.62
1999-07-06,6620.6,4692.51,5612.9
1999-07-07,6597.4,4662.2,5588.5
1999-07-08,6557.3,4631.13,5607.1
1999-07-09,6562.6,4647.83,5638.95
1999-07-12,6545.5,4662.28,5652.02
1999-07-13,6445.6,4594.65,5573.82
1999-07-14,6473.1,,5610.89
1999-07-15,6575.0,4665.67,5619.26
1999-07-16,6563.2,4656.79,5619.94
1999-07-19,6483.7,4618.75,5624.74
1999-07-20,6392.0,4548.31,5491.29
1999-07-21,6329.8,4501.27,5414.17
1999-07-22,6297.8,4489.57,5340.91
1999-07-23,6207.4,4440.45,5310.63
1999-07-26,6169.1,4401.58,5206.44
1999-07-27,6262.8,4426.12,5224.16
1999-07-28,6297.2,4428.71,5229.56
1999-07-29,6117.5,4306.4,5052.32
1999-07-30,6231.9,4382.06,5101.87
1999-08-02,6288.3,4377.87,5129.5
1999-08-03,6250.6,4354.75,5107.68
1999-08-04,6235.4,4326.2,5119.37
1999-08-05,6101.6,4240.7,4978.45
1999-08-06,6121.0,4223.64,5010.47
1999-08-09,6126.4,4292.9,5087.3
1999-08-10,5978.4,4245.35,5000.87
1999-08-11,6014.4,4268.95,5019.69
1999-08-12,6153.3,4365.66,5127.43
1999-08-13,6245.1,4434.28,5219.43
1999-08-16,6235.4,4458.75,5257.1
1999-08-17,6166.4,4479.75,5259.91
1999-08-18,6201.8,4479.26,5230.47
1999-08-19,6118.0,4408.9,5186.85
1999-08-20,6180.8,4472.0,5254.14
1999-08-23,6322.1,4487.35,5301.98
1999-08-24,6315.1,4540.4,5324.02
1999-08-25,6369.5,4629.23,5400.32
1999-08-26,6383.9,4629.37,5389.34
1999-08-27,6375.2,4642.71,5420.36
1999-08-30,,4657.44,5392.53
1999-08-31,6246.4,4589.22,5270.77
1999-09-01,6276.2,4633.38,5317.12
1999-09-02,6195.6,4550.6,5189.92
1999-09-03,6332.1,4672.37,5336.22
1999-09-06,6375.7,4668.04,5400.55
1999-09-07,6309.5,4679.93,5391.36
1999-09-08,6253.6,4680.61,5400.7
1999-09-09,6260.6,4717.42,5436.86
1999-09-10,6191.0,4745.48,5483.95
1999-09-13,6169.0,4716.78,5446.91
1999-09-14,6116.0,4697.39,5401.47
1999-09-15,6067.7,4662.02,5387.18
1999-09-16,6014.6,4640.55,5304.42
1999-09-17,6039.8,4644.32,5303.94
1999-09-20,6056.5,4680.49,5351.98
1999-09-21,5957.3,4612.93,5282.76
1999-09-22,5913.9,4568.12,5238.76
1999-09-23,5969.7,4601.24,5299.57
1999-09-24,5937.6,4540.87,5186.53
1999-09-27,6078.6,4596.6,5239.64
1999-09-28,6007.2,4543.92,5119.1
1999-09-29,6020.6,4535.08,5135.62
1999-09-30,6029.8,4591.42,5149.83
1999-10-01,5970.7,4550.57,5124.55
1999-10-04,6052.9,4603.24,5218.86
1999-10-05,6084.5,4661.13,5301.85
1999-10-06,6097.5,4691.72,5353.32
1999-10-07,6200.4,4742.26,5419.31
1999-10-08,6199.4,4721.93,5419.26
1999-10-11,6234.8,4722.35,5414.5
1999-10-12,6174.8,4658.54,5358.46
1999-10-13,6113.4,4602.85,5295.43
1999-10-14,6039.4,4583.63,5220.29
1999-10-15,5907.3,4524.42,5184.23
1999-10-18,5869.2,4495.3,5156.28
1999-10-19,5993.7,4591.2,5296.91
1999-10-20,6006.7,4577.83,5291.23
1999-10-21,5939.3,4602.39,5246.49
1999-10-22,6058.9,4677.8,5357.75
1999-10-25,6009.4,4669.28,5320.4
1999-10-26,6092.4,4706.59,5388.76
1999-10-27,6045.7,4695.05,5363.86
1999-10-28,6149.1,4748.62,5478.89
1999-10-29,6255.7,4888.62,5525.4
1999-11-01,6284.0,,5524.92
1999-11-02,6252.0,4898.52,5546.95
1999-11-03,6280.8,4917.84,5560.87
1999-11-04,6331.3,4943.74,5635.62
1999-11-05,6356.6,4975.9,5658.1
1999-11-08,6374.3,4994.77,5647.94
1999-11-09,6435.5,4997.56,5694.73
1999-11-10,6447.0,5051.83,5742.42
1999-11-11,6551.4,5132.08,5802.36
1999-11-12,6511.6,5141.51,5791.05
1999-11-15,6533.6,5178.13,5859.29
1999-11-16,6583.0,5191.01,5909.52
1999-11-17,6555.7,5178.23,5870.17
1999-11-18,6550.8,5246.33,5950.05
1999-11-19,6482.3,5263.23,5955.97
1999-11-22,6442.0,5147.96,5819.89
1999-11-23,6534.2,5152.87,5814.74
1999-11-24,6561.8,5189.38,5818.73
1999-11-25,6682.8,5352.6,5961.45
1999-11-26,6684.8,5396.99,5958.07
1999-11-29,6692.3,5373.91,5888.88
1999-11-30,6597.2,5341.62,5896.04
1999-12-01,6646.0,5381.41,5933.84
1999-12-02,6653.7,5354.19,5937.2
1999-12-03,6742.2,5468.05,6119.17
1999-12-06,6694.0,5509.97,6142.19
1999-12-07,6660.9,5534.51,6158.77
1999-12-08,6619.4,5487.12,6115.59
1999-12-09,6680.8,5548.62,6118.06
1999-12-10,6739.5,5481.1,6097.9
1999-12-13,6710.7,5535.76,6127.2
1999-12-14,6702.1,5564.47,6187.99
1999-12-15,6633.8,5530.13,6232.75
1999-12-16,6672.0,5540.16,6341.29
1999-12-17,6724.6,5502.4,6353.9
1999-12-20,6731.2,5521.11,6378.66
1999-12-21,6707.5,5529.24,6418.68
1999-12-22,6728.6,5621.29,6492.53
1999-12-23,6776.8,5731.35,6782.39
1999-12-24,6806.5,5852.5,
1999-12-27,,5834.47,6837.41
1999-12-28,,5827.08,6861.54
1999-12-29,6835.9,5837.75,6859.58
1999-12-30,6930.2,5958.32,6958.14
1999-12-31,,,
2000-01-03,,5917.37,6750.76
2000-01-04,6665.9,5672.02,6586.95
2000-01-05,6535.9,5479.7,6502.07
2000-01-06,6447.2,5450.11,6474.92
2000-01-07,6504.8,5539.61,6780.96
2000-01-10,6607.7,5646.12,6925.52
2000-01-11,6518.9,5613.9,6891.25
2000-01-12,6532.8,5582.5,6912.81
2000-01-13,6531.5,5633.24,6955.98
2000-01-14,6658.2,5787.44,7173.22
2000-01-17,6669.5,5842.78,7258.9
2000-01-18,6504.6,5672.95,7072.12
2000-01-19,6445.4,5649.46,7091.04
2000-01-20,6348.7,5709.74,7112.66
2000-01-21,6346.3,5681.32,6992.75
2000-01-24,6379.8,5690.86,6931.99
2000-01-25,6274.1,5597.5,6809.64
2000-01-26,6375.6,5646.32,6969.37
2000-01-27,6441.0,5688.35,7126.13
2000-01-28,6375.6,5731.05,7066.6
2000-01-31,6268.5,5659.81,6835.6
2000-02-01,6290.9,5773.42,7050.46
2000-02-02,6302.8,5946.86,7171.95
2000-02-03,6324.3,6149.67,7354.26
2000-02-04,6185.0,6275.72,7444.61
2000-02-07,6118.6,6203.58,7296.32
2000-02-08,6285.8,6297.66,7549.88
2000-02-09,6315.4,6271.6,7629.11
2000-02-10,6279.8,6207.52,7709.27
2000-02-11,6193.3,6287.01,7611.55
2000-02-14,6068.6,6268.32,7644.8
2000-02-15,6005.2,6092.63,7396.13
2000-02-16,6147.4,6046.27,7490.32
2000-02-17,6209.3,6154.96,7580.53
2000-02-18,6165.0,6062.72,7573.78
2000-02-21,6081.6,5967.28,7590.53
2000-02-22,6014.7,5963.31,7607.94
2000-02-23,6144.1,6031.25,7698.97
2000-02-24,6086.7,6078.78,7640.53
2000-02-25,6198.0,6188.64,7738.68
2000-02-28,6099.6,6102.73,7587.13
2000-02-29,6232.6,6190.96,7644.55
2000-03-01,6364.9,6256.32,7727.93
2000-03-02,6432.1,6477.55,7945.77
2000-03-03,6487.5,6514.11,7960.03
2000-03-06,6567.8,6545.98,7975.78
2000-03-07,6466.5,6441.85,8064.97
2000-03-08,6411.2,6344.97,7987.0
2000-03-09,6532.1,6423.43,7949.15
2000-03-10,6568.7,6510.28,7975.95
2000-03-13,6466.9,6336.93,7693.85
2000-03-14,6487.1,6350.35,7650.05
2000-03-15,6447.0,6188.94,7414.46
2000-03-16,6557.2,6258.53,7583.96
2000-03-17,6558.0,6304.28,7710.92
2000-03-20,6624.5,6352.51,7872.38
2000-03-21,6617.9,6320.87,7807.93
2000-03-22,6609.6,6279.29,7798.62
2000-03-23,6594.6,6268.31,7694.78
2000-03-24,6738.5,6364.26,7932.42
2000-03-27,6687.2,6450.85,7892.49
2000-03-28,6650.1,6524.3,7931.93
2000-03-29,6598.8,6505.48,7864.76
2000-03-30,6445.2,6313.82,7644.89
2000-03-31,6540.2,6286.05,7599.39
2000-04-03,6462.1,6130.27,7429.22
2000-04-04,6427.0,6221.94,7522.8
2000-04-05,6379.3,6036.94,7330.77
2000-04-06,6451.1,6224.02,7446.21
2000-04-07,6569.9,6308.04,7522.2
2000-04-10,6533.4,6364.9,7516.95
2000-04-11,6379.2,6261.42,7442.66
2000-04-12,6350.8,6238.7,7443.07
2000-04-13,6357.0,6264.34,7449.06
2000-04-14,6178.1,6065.71,7214.83
2000-04-17,5994.6,6060.54,7187.14
2000-04-18,6074.0,6147.44,7196.49
2000-04-19,6184.9,6166.46,7216.71
2000-04-20,6241.2,6234.51,7157.95
2000-04-21,,,
2000-04-24,,,
2000-04-25,6283.0,6320.29,7280.51
2000-04-26,6256.5,6390.87,7388.55
2000-04-27,6179.3,6247.86,7221.74
2000-04-28,6327.4,6419.72,7414.68
2000-05-01,,,
2000-05-02,6373.4,6562.41,7555.92
2000-05-03,6184.8,6435.65,7376.93
2000-05-04,6199.6,6491.74,7386.71
2000-05-05,6238.8,6545.76,7530.82
2000-05-08,6216.3,6514.42,7408.09
2000-05-09,6123.8,6369.61,7280.54
2000-05-10,6100.6,6263.34,7120.86
2000-05-11,6245.9,6380.13,7259.48
2000-05-12,6283.5,6449.27,7269.28
2000-05-15,6247.7,6392.27,7195.15
2000-05-16,6318.4,6557.39,7371.06
2000-05-17,6196.2,6453.05,7211.51
2000-05-18,6232.9,6451.97,7181.58
2000-05-19,6045.4,6196.05,6989.03
2000-05-22,6035.5,6094.17,6912.96
2000-05-23,6086.8,6148.56,6927.69
2000-05-24,6118.6,6027.1,6834.88
2000-05-25,6231.1,6129.66,6978.87
2000-05-26,6216.9,6129.15,6938.33
2000-05-29,,6205.13,7016.66
2000-05-30,6359.6,6325.49,7119.26
2000-05-31,6359.3,6426.26,7109.67
2000-06-01,6470.5,6599.71,7272.76
2000-06-02,6626.4,6673.52,7438.95
2000-06-05,6546.7,6656.26,7408.02
2000-06-06,6546.8,6589.77,7359.8
2000-06-07,6503.8,6498.5,7292.98
2000-06-08,6496.6,6523.66,7243.13
2000-06-09,6443.8,6549.05,7254.53
2000-06-12,6430.9,,7235.64
2000-06-13,6447.1,6532.84,7268.91
2000-06-14,6536.3,6608.1,7350.94
2000-06-15,6490.8,6512.98,7328.62
2000-06-16,6526.0,6456.26,7131.4
2000-06-19,6490.2,6505.16,7198.8
2000-06-20,6526.9,6554.92,7227.27
2000-06-21,6477.8,6490.76,7100.09
2000-06-22,6413.8,6474.88,7053.67
2000-06-23,6391.5,6545.35,6980.41
2000-06-26,6405.2,6586.26,7027.19
2000-06-27,6375.3,6568.09,7048.96
2000-06-28,6313.5,6607.96,7056.05
2000-06-29,6239.0,6400.82,6874.54
2000-06-30,6312.7,6446.54,6898.21
2000-07-03,6470.4,6508.47,6958.96
2000-07-04,6417.0,6494.77,6944.36
2000-07-05,6382.5,6462.7,6961.73
2000-07-06,6419.6,6453.97,6951.09
2000-07-07,6497.5,6565.97,7052.22
2000-07-10,6466.2,6487.42,7070.82
2000-07-11,6475.8,6490.35,7003.98
2000-07-12,6518.5,6536.51,7065.97
2000-07-13,6475.7,6570.36,7195.99
2000-07-14,6475.4,,7318.38
2000-07-17,6525.5,6619.25,7430.7
2000-07-18,6450.5,6514.54,7406.91
2000-07-19,6465.4,6495.11,7366.57
2000-07-20,6469.0,6563.77,7480.14
2000-07-21,6378.4,6464.12,7373.26
2000-07-24,6381.3,6502.57,7328.31
2000-07-25,6390.7,6463.91,7329.04
2000-07-26,6387.1,6493.0,7302.12
2000-07-27,6352.1,6511.53,7183.44
2000-07-28,6335.7,6415.72,7128.3
2000-07-31,6365.3,6542.49,7190.37
2000-08-01,6379.3,6532.29,7145.53
2000-08-02,6391.3,6529.91,7112.45
2000-08-03,6317.1,6354.93,7037.91
2000-08-04,6363.5,6461.35,7016.59
2000-08-07,6387.8,6519.04,7113.22
2000-08-08,6358.1,6532.44,7123.81
2000-08-09,6414.0,6570.18,7226.71
2000-08-10,6387.3,6562.54,7280.97
2000-08-11,6384.5,6553.0,7322.98
2000-08-14,6419.9,6609.36,7331.67
2000-08-15,6475.5,6636.61,7307.43
2000-08-16,6532.0,6684.08,7315.27
2000-08-17,6518.2,6635.34,7278.43
2000-08-18,6543.7,6594.35,7232.42
2000-08-21,6542.2,6571.63,7199.34
2000-08-22,6584.8,6513.71,7249.2
2000-08-23,6566.2,6501.7,7232.78
2000-08-24,6557.0,6461.93,7230.26
2000-08-25,6563.7,6595.11,7307.17
2000-08-28,,6615.02,7339.22
2000-08-29,6586.3,6633.99,7294.4
2000-08-30,6615.1,6634.62,7185.56
2000-08-31,6672.7,6625.42,7216.45
2000-09-01,6795.0,6813.66,7344.67
2000-09-04,6798.1,6922.33,7445.56
2000-09-05,6752.5,6856.76,7395.07
2000-09-06,6694.7,6796.79,7333.02
2000-09-07,6689.2,6834.46,7373.34
2000-09-08,6600.7,6703.36,7267.77
2000-09-11,6582.0,6675.01,7214.45
2000-09-12,6555.5,6697.8,7135.75
2000-09-13,6478.2,6568.89,7006.26
2000-09-14,6555.5,6637.91,7048.5
2000-09-15,6417.3,6614.65,6999.54
2000-09-18,6410.2,6522.38,6891.69
2000-09-19,6403.5,6529.95,6937.74
2000-09-20,6279.9,6405.43,6765.23
2000-09-21,6199.2,6254.77,6682.92
2000-09-22,6205.9,6258.58,6740.25
2000-09-25,6257.1,6336.28,6788.69
2000-09-26,6213.2,6294.06,6765.04
2000-09-27,6269.3,6319.79,6814.06
2000-09-28,6264.1,6311.03,6832.76
2000-09-29,6294.2,6266.63,6798.12
2000-10-02,6284.5,6349.24,6862.26
2000-10-03,6345.0,6400.43,
2000-10-04,6334.9,6296.13,6823.43
2000-10-05,6382.0,6335.12,6892.49
2000-10-06,6391.2,6258.41,6776.39
2000-10-09,6264.8,6110.06,6680.78
2000-10-10,6247.7,6143.3,6673.15
2000-10-11,6117.6,5956.12,6561.63
2000-10-12,6131.9,5990.7,6465.26
2000-10-13,6209.6,6064.21,6661.3
2000-10-16,6285.7,6088.04,6627.25
2000-10-17,6203.2,6067.15,6531.71
2000-10-18,6148.2,5937.35,6483.0
2000-10-19,6218.9,6066.48,6619.43
2000-10-20,6276.3,6149.44,6618.43
2000-10-23,6315.9,6182.34,6620.87
2000-10-24,6438.4,6323.74,6802.81
2000-10-25,6367.8,6277.9,6748.22
2000-10-26,6302.3,6208.42,6767.9
2000-10-27,6366.5,6268.93,6924.68
2000-10-30,6388.4,6296.84,6926.57
2000-10-31,6438.4,6397.66,7077.44
2000-11-01,6457.6,6409.05,7059.07
2000-11-02,6392.0,6400.31,7088.64
2000-11-03,6385.4,6398.92,7128.27
2000-11-06,6431.0,6352.24,7136.3
2000-11-07,6466.9,6386.07,7076.28
2000-11-08,6477.4,6336.03,7008.64
2000-11-09,6442.2,6271.15,6959.5
2000-11-10,6400.2,6147.49,6851.69
2000-11-13,6274.8,6037.73,6742.1
2000-11-14,6412.9,6225.98,6966.65
2000-11-15,6432.3,6301.78,6961.09
2000-11-16,6430.4,6283.06,6842.11
2000-11-17,6440.1,6161.92,6752.29
2000-11-20,6345.0,6021.79,6609.48
2000-11-21,6382.1,6081.02,6678.07
2000-11-22,6221.4,5944.7,6510.54
2000-11-23,6287.3,6053.04,6601.0
2000-11-24,6327.6,6145.65,6664.18
2000-11-27,6374.7,6171.33,6696.91
2000-11-28,6249.8,6069.22,6625.56
2000-11-29,6164.9,6060.65,6598.32
2000-11-30,6142.2,5928.08,6372.33
2000-12-01,6170.4,5928.5,6512.91
2000-12-04,6158.7,5791.51,6408.1
2000-12-05,6299.0,5994.89,6637.09
2000-12-06,6273.3,5985.24,6622.25
2000-12-07,6231.4,5984.69,6566.08
2000-12-08,6288.3,5939.32,6691.25
2000-12-11,6370.3,6077.88,6782.52
2000-12-12,6390.4,6047.66,6733.59
2000-12-13,6403.0,5962.29,6620.21
2000-12-14,6263.8,5905.65,6469.95
2000-12-15,6175.8,5839.54,6331.3
2000-12-18,6246.5,5887.49,6390.25
2000-12-19,6295.0,5958.86,6479.28
2000-12-20,6176.7,5766.3,6248.76
2000-12-21,6115.5,5758.92,6200.71
2000-12-22,6097.5,5783.73,6251.4
2000-12-25,,,
2000-12-26,,,
2000-12-27,6218.2,5857.15,6328.16
2000-12-28,6223.2,5920.6,6371.64
2000-12-29,6222.5,5926.42,6433.61
2001-01-02,6174.7,5798.9,6289.82
2001-01-03,6039.9,5684.05,6434.96
2001-01-04,6185.6,5815.99,6376.54
2001-01-05,6198.1,5758.02,6382.31
2001-01-08,6149.6,5732.8,6392.17
2001-01-09,6088.1,5663.19,6404.52
2001-01-10,6059.9,5653.35,6320.07
2001-01-11,6114.9,5702.78,6465.21
2001-01-12,6165.5,5834.34,6490.03
2001-01-15,6170.3,5833.38,6522.87
2001-01-16,6083.3,5761.67,6502.89
2001-01-17,6197.4,5884.09,6653.38
2001-01-18,6209.9,5860.16,6635.76
2001-01-19,6209.3,5845.73,6651.53
2001-01-22,6232.0,5882.76,6675.0
2001-01-23,6214.7,5839.73,6722.41
2001-01-24,6264.4,5900.32,6706.67
2001-01-25,6255.6,5934.68,6727.49
2001-01-26,6294.3,5925.62,6695.2
2001-01-29,6317.0,5887.9,6750.96
2001-01-30,6334.5,5917.15,6739.3
2001-01-31,6297.5,5998.49,6795.14
2001-02-01,6251.8,5899.72,6704.68
2001-02-02,6256.4,5826.37,6638.2
2001-02-05,6269.2,5823.49,6628.07
2001-02-06,6293.4,5852.35,6693.03
2001-02-07,6225.6,5752.14,6578.96
2001-02-08,6206.1,5773.46,6636.81
2001-02-09,6164.3,5712.36,6497.07
2001-02-12,6241.4,5759.48,6564.91
2001-02-13,6228.5,5739.03,6557.93
2001-02-14,6176.2,5644.23,6479.87
2001-02-15,6197.9,5704.53,6591.67
2001-02-16,6088.3,5595.13,6439.26
2001-02-19,6094.0,5584.75,6472.21
2001-02-20,5980.1,5548.74,6451.57
2001-02-21,5972.4,5474.37,6347.99
2001-02-22,6003.1,5452.48,6277.99
2001-02-23,5943.7,5322.84,6075.34
2001-02-26,5916.7,5415.1,6189.07
2001-02-27,5941.2,5437.76,6220.48
2001-02-28,5917.9,5367.48,6208.24
2001-03-01,5908.6,5341.34,6123.38
2001-03-02,5858.6,5291.92,6159.02
2001-03-05,5931.3,5368.83,6216.38
2001-03-06,6012.0,5457.28,6284.06
2001-03-07,6001.8,5483.68,6305.64
2001-03-08,6003.2,5438.66,6267.06
2001-03-09,5917.3,5368.89,6204.42
2001-03-12,5826.5,5242.4,6046.56
2001-03-13,5720.7,5186.87,5962.93
2001-03-14,5625.9,5115.5,5794.12
2001-03-15,5729.2,5177.66,5889.95
2001-03-16,5562.8,5104.77,5734.49
2001-03-19,5551.6,5048.6,5657.29
2001-03-20,5646.8,5138.4,5782.16
2001-03-21,5540.7,5023.76,5622.09
2001-03-22,5314.8,4824.82,5388.02
2001-03-23,5402.3,4951.13,5544.67
2001-03-26,5576.6,5124.8,5726.97
2001-03-27,5728.1,5235.6,5938.21
2001-03-28,5614.0,5150.43,5817.52
2001-03-29,5588.4,5157.92,5879.3
2001-03-30,5633.7,5180.45,5829.95
2001-04-02,5618.5,5210.48,5760.76
2001-04-03,5463.1,5004.0,5553.46
2001-04-04,5535.7,5071.82,5597.66
2001-04-05,5621.8,5158.56,5773.34
2001-04-06,5601.5,5139.71,5698.88
2001-04-09,5663.3,5183.22,5781.01
2001-04-10,5803.0,5331.23,5913.84
2001-04-11,5788.1,5361.53,5951.16
2001-04-12,5766.6,5372.71,6002.3
2001-04-13,,,
2001-04-16,,,
2001-04-17,5761.1,5340.98,5935.58
2001-04-18,5890.2,5505.08,6164.88
2001-04-19,5871.6,5480.05,6181.91
2001-04-20,5879.8,5449.34,6127.97
2001-04-23,5871.3,5396.85,6051.48
2001-04-24,5840.3,5424.43,6124.57
2001-04-25,5827.5,5407.84,6115.19
2001-04-26,5868.3,5481.73,6123.66
2001-04-27,5951.4,5575.97,6175.24
2001-04-30,5966.9,5640.03,6264.51
2001-05-01,5928.0,,
2001-05-02,5904.2,5572.91,6213.84
2001-05-03,5765.8,5457.07,6089.17
2001-05-04,5870.3,5455.55,6138.28
2001-05-07,,5498.52,6122.62
2001-05-08,5886.4,5516.93,6108.72
2001-05-09,5893.7,5492.08,6063.94
2001-05-10,5964.0,5606.46,6165.18
2001-05-11,5896.8,5567.25,6141.02
2001-05-14,5690.5,5487.72,6064.68
2001-05-15,5842.9,5544.13,6070.38
2001-05-16,5884.0,5522.69,6148.44
2001-05-17,5904.5,5592.65,6173.81
2001-05-18,5915.0,5638.24,6186.87
2001-05-21,5941.6,5652.04,6249.87
2001-05-22,5976.6,5693.47,6270.59
2001-05-23,5897.4,5630.74,6215.25
2001-05-24,5915.9,5656.47,6278.9
2001-05-25,5889.8,5581.94,6223.57
2001-05-28,,5606.32,6216.83
2001-05-29,5863.9,5542.27,6120.33
2001-05-30,5796.9,5444.27,6041.22
2001-05-31,5796.1,5454.19,6123.26
2001-06-01,5809.6,5432.71,6125.17
2001-06-04,5856.5,,6177.74
2001-06-05,5922.5,5516.27,6242.13
2001-06-06,5901.5,5496.49,6192.44
2001-06-07,5948.3,5453.39,6184.25
2001-06-08,5950.6,5439.93,6187.21
2001-06-11,5860.5,5418.47,6162.74
2001-06-12,5804.0,5311.94,6059.15
2001-06-13,5820.2,5353.63,6111.94
2001-06-14,5752.5,5297.07,6031.27
2001-06-15,5723.0,5243.84,5915.18
2001-06-18,5671.6,5160.28,5869.04
2001-06-19,5680.4,5199.41,5922.53
2001-06-20,5699.6,5170.49,5876.04
2001-06-21,5641.4,5134.97,5926.38
2001-06-22,5665.7,5183.67,5941.77
2001-06-25,5661.9,5213.46,5902.32
2001-06-26,5555.7,5090.73,5847.79
2001-06-27,5607.9,5057.72,5833.1
2001-06-28,5638.4,5133.56,5971.77
2001-06-29,5642.5,5225.33,6058.38
2001-07-02,5716.7,5296.51,6109.5
2001-07-03,5639.9,5205.78,6056.84
2001-07-04,5600.5,5175.13,6015.72
2001-07-05,5549.6,5123.83,5999.19
2001-07-06,5479.2,4999.36,5862.1
2001-07-09,5468.9,5027.37,5869.86
2001-07-10,5467.9,4973.4,5816.32
2001-07-11,5391.9,4914.68,5801.8
2001-07-12,5481.6,4961.43,5889.88
2001-07-13,5537.0,5025.24,5928.01
2001-07-16,5517.1,5022.76,5853.76
2001-07-17,5427.8,4978.54,5846.66
2001-07-18,5404.6,4867.5,5728.37
2001-07-19,5437.4,4930.39,5829.69
2001-07-20,5387.1,4880.7,5764.06
2001-07-23,5405.3,4911.92,5791.73
2001-07-24,5320.2,4855.6,5663.26
2001-07-25,5275.7,4773.17,5582.76
2001-07-26,5286.1,4842.12,5675.76
2001-07-27,5403.1,4967.15,5754.86
2001-07-30,5446.7,5033.71,5792.19
2001-07-31,5529.1,5085.51,5861.19
2001-08-01,5546.9,5112.48,5835.23
2001-08-02,5584.5,5088.7,5777.28
2001-08-03,5547.6,5031.29,5735.88
2001-08-06,5526.4,5066.25,5746.04
2001-08-07,5536.8,5051.62,5752.51
2001-08-08,5476.5,4986.23,5614.51
2001-08-09,5402.9,4888.3,5512.28
2001-08-10,5427.2,4846.02,5433.49
2001-08-13,5431.1,4920.35,5453.77
2001-08-14,5507.8,4962.64,5520.71
2001-08-15,5461.6,4933.97,5455.44
2001-08-16,5389.8,4882.62,5361.92
2001-08-17,5342.1,4777.37,5222.12
2001-08-20,5357.4,4791.43,5207.83
2001-08-21,5430.3,4834.87,5216.11
2001-08-22,5408.7,4812.14,5220.21
2001-08-23,5396.5,4809.5,5254.04
2001-08-24,5471.9,4916.56,5387.5
2001-08-27,,4905.79,5406.47
2001-08-28,5434.7,4815.72,5308.78
2001-08-29,5417.6,4834.89,5305.0
2001-08-30,5332.7,4703.87,5162.4
2001-08-31,5345.0,4689.34,5188.17
2001-09-03,5312.1,4629.8,5094.1
2001-09-04,5379.6,4673.98,5208.1
2001-09-05,5316.0,4571.56,5048.08
2001-09-06,5204.3,4480.75,4875.37
2001-09-07,5070.3,4413.51,4730.67
2001-09-10,5033.7,4383.74,4670.13
2001-09-11,4746.0,4059.75,4273.53
2001-09-12,4882.1,4114.26,4335.2
2001-09-13,4943.6,4113.87,4392.4
2001-09-14,4755.7,3909.49,4115.98
2001-09-17,4898.9,4015.46,4234.55
2001-09-18,4848.7,3970.18,4194.85
2001-09-19,4721.7,3888.93,4041.8
2001-09-20,4556.9,3738.18,3809.67
2001-09-21,4433.7,3652.87,3787.23
2001-09-24,4613.9,3861.19,4038.69
2001-09-25,4663.4,3902.85,4009.12
2001-09-26,4696.1,3975.53,4095.32
2001-09-27,4763.6,4013.23,4184.5
2001-09-28,4903.4,4079.02,4308.15
2001-10-01,4785.6,4004.57,4239.97
2001-10-02,4832.3,4044.66,4304.2
2001-10-03,4881.8,4024.25,4436.66
2001-10-04,5016.2,4195.8,4548.13
2001-10-05,5036.0,4164.76,4487.69
2001-10-08,5032.7,4172.21,4495.15
2001-10-09,5009.8,4176.97,4472.42
2001-10-10,5153.1,4319.38,4613.19
2001-10-11,5164.9,4330.68,4718.46
2001-10-12,5145.5,4336.88,4625.13
2001-10-15,5067.3,4213.91,4548.48
2001-10-16,5082.6,4308.49,4626.48
2001-10-17,5203.4,4411.51,4644.82
2001-10-18,5116.0,4338.09,4574.37
2001-10-19,5017.7,4264.89,4513.53
2001-10-22,5070.4,4341.29,4619.32
2001-10-23,5193.3,4455.76,4704.22
2001-10-24,5167.6,4486.35,4811.82
2001-10-25,5086.6,4378.45,4715.6
2001-10-26,5188.6,4478.63,4820.26
2001-10-29,5085.9,4383.24,4660.35
2001-10-30,5003.6,4251.93,4543.98
2001-10-31,5039.7,4341.29,4559.13
2001-11-01,5071.2,4366.94,4636.13
2001-11-02,5129.5,4369.4,4583.31
2001-11-05,5209.1,4485.34,4755.11
2001-11-06,5214.1,4461.69,4707.65
2001-11-07,5216.3,4493.27,4860.66
2001-11-08,5278.1,4573.04,4993.57
2001-11-09,5244.2,4514.28,4910.07
2001-11-12,5146.2,4376.58,4820.37
2001-11-13,5277.1,4565.68,4946.97
2001-11-14,5240.7,4575.09,4953.53
2001-11-15,5238.2,4577.28,5006.33
2001-11-16,5291.0,4587.3,5062.64
2001-11-19,5338.0,4660.49,5185.1
2001-11-20,5298.7,4593.52,5096.18
2001-11-21,5313.8,4557.03,5087.03
2001-11-22,5345.9,4599.8,5124.54
2001-11-23,5293.2,4573.82,5150.97
2001-11-26,5302.5,4564.38,5114.12
2001-11-27,5266.0,4485.82,5059.57
2001-11-28,5205.2,4445.5,4915.95
2001-11-29,5208.5,4445.87,4936.08
2001-11-30,5203.6,4476.06,4989.91
2001-12-03,5164.6,4463.84,4988.44
2001-12-04,5212.1,4529.24,5013.99
2001-12-05,5333.5,4677.55,5262.75
2001-12-06,5369.8,4679.38,5271.29
2001-12-07,5264.7,4642.94,5199.03
2001-12-10,5185.0,4556.29,5124.68
2001-12-11,5160.8,4551.94,5146.45
2001-12-12,5120.0,4510.68,5062.56
2001-12-13,5074.9,4410.66,4966.05
2001-12-14,5061.0,4340.02,4909.42
2001-12-17,5136.3,4485.17,5067.99
2001-12-18,5151.1,4480.1,5039.64
2001-12-19,5120.6,4467.92,4984.69
2001-12-20,5080.2,4426.72,4934.14
2001-12-21,5159.2,4499.34,5019.01
2001-12-24,5177.4,4502.1,
2001-12-25,,,
2001-12-26,,,
2001-12-27,5213.2,4591.16,5117.13
2001-12-28,5242.4,4624.58,5160.1
2001-12-31,5217.4,,
2002-01-02,5218.3,4580.44,5167.88
2002-01-03,5318.8,4681.2,5270.29
2002-01-04,5323.8,4682.79,5318.73
2002-01-07,5293.6,4615.54,5232.22
2002-01-08,5250.4,4568.09,5236.37
2002-01-09,5228.5,4587.01,5288.21
2002-01-10,5190.7,4515.52,5228.11
2002-01-11,5198.6,4554.69,5209.97
2002-01-14,5113.5,4453.97,5065.84
2002-01-15,5166.0,4518.42,5062.04
2002-01-16,5127.6,4425.5,4984.2
2002-01-17,5138.4,4475.64,5133.4
2002-01-18,5126.8,4448.85,5122.23
2002-01-21,5138.5,4423.8,5069.74
2002-01-22,5149.2,4446.72,5045.72
2002-01-23,5180.6,4450.81,5163.03
2002-01-24,5233.1,4508.07,5170.44
2002-01-25,5193.0,4484.31,5156.63
2002-01-28,5223.6,4541.16,5159.02
2002-01-29,5131.4,4476.1,5084.52
2002-01-30,5089.3,4407.27,5052.2
2002-01-31,5164.8,4461.87,5107.61
2002-02-01,5189.7,4455.56,5097.06
2002-02-04,5167.3,4397.54,4984.48
2002-02-05,5093.4,4307.75,4936.75
2002-02-06,5073.8,4273.81,4804.41
2002-02-07,5127.0,4295.65,4862.62
2002-02-08,5128.1,4299.04,4835.95
2002-02-11,5161.8,4353.21,4940.0
2002-02-12,5135.7,4337.95,4884.78
2002-02-13,5153.9,4364.45,4935.35
2002-02-14,5208.7,4429.31,4973.77
2002-02-15,5182.5,4377.0,4862.6
2002-02-18,5154.3,4347.05,4871.76
2002-02-19,5092.5,4256.36,4764.05
2002-02-20,5024.1,4238.99,4780.24
2002-02-21,5073.3,4287.22,4850.73
2002-02-22,5050.8,4245.2,4745.58
2002-02-25,5100.7,4305.44,4863.54
2002-02-26,5139.0,4340.86,4897.75
2002-02-27,5178.4,4424.71,4960.22
2002-02-28,5101.0,4462.99,5039.08
2002-03-01,5169.0,4486.42,5097.41
2002-03-04,5242.0,4607.44,5245.84
2002-03-05,5214.0,4580.75,5228.67
2002-03-06,5245.5,4588.14,5285.26
2002-03-07,5282.1,4616.5,5289.43
2002-03-08,5285.7,4629.11,5359.55
2002-03-11,5258.9,4586.75,5340.67
2002-03-12,5252.5,4550.65,5275.81
2002-03-13,5272.0,4523.77,5245.99
2002-03-14,5261.4,4546.84,5276.87
2002-03-15,5292.7,4588.33,5401.11
2002-03-18,5299.9,4625.81,5426.04
2002-03-19,5316.1,4644.93,5462.55
2002-03-20,5266.9,4603.8,5364.7
2002-03-21,5253.3,4579.9,5348.68
2002-03-22,5250.5,4601.57,5366.13
2002-03-25,5203.6,4588.36,5317.38
2002-03-26,5195.5,4628.07,5390.59
2002-03-27,5214.7,4623.2,5348.0
2002-03-28,5271.8,4688.02,5397.29
2002-03-29,,,
2002-04-01,,,
2002-04-02,5251.4,4627.33,5311.08
2002-04-03,5247.8,4632.26,5281.84
2002-04-04,5209.5,4538.31,5254.95
2002-04-05,5233.6,4515.7,5260.53
2002-04-08,5178.6,4431.88,5180.33
2002-04-09,5179.6,4463.91,5170.25
2002-04-10,5229.1,4521.83,5265.36
2002-04-11,5137.4,4441.54,5162.96
2002-04-12,5161.0,4468.29,5189.65
2002-04-15,5201.4,4502.49,5244.2
2002-04-16,5259.9,4598.74,5343.88
2002-04-17,5263.9,4597.3,5318.55
2002-04-18,5229.4,4588.83,5262.88
2002-04-19,5243.6,4606.42,5284.55
2002-04-22,5221.5,4559.46,5205.48
2002-04-23,5191.0,4562.55,5192.1
2002-04-24,5218.2,4528.0,5160.14
2002-04-25,5197.5,4455.99,5054.41
2002-04-26,5159.0,4453.08,5000.38
2002-04-29,5153.9,4430.38,5008.04
2002-04-30,5165.6,4462.74,5041.2
2002-05-01,5125.5,,
2002-05-02,5174.1,4421.56,4964.56
2002-05-03,5203.1,4354.92,4882.77
2002-05-06,,4367.26,4880.67
2002-05-07,5119.9,4296.4,4872.41
2002-05-08,5209.1,4404.02,5028.59
2002-05-09,5197.6,4386.86,4966.48
2002-05-10,5171.2,4329.84,4871.7
2002-05-13,5204.8,4375.39,4975.48
2002-05-14,5239.5,4447.12,5049.08
2002-05-15,5259.1,4471.27,5072.39
2002-05-16,5248.5,4466.36,5047.45
2002-05-17,5218.0,4442.94,5036.41
2002-05-20,5208.1,4400.75,4998.99
2002-05-21,5197.2,4399.2,4984.61
2002-05-22,5151.9,4326.29,4919.5
2002-05-23,5175.3,4341.59,4879.5
2002-05-24,5169.1,4337.43,4899.13
2002-05-27,5136.3,4360.71,4961.54
2002-05-28,5074.2,4339.57,4918.58
2002-05-29,5083.0,4334.85,4881.8
2002-05-30,5040.8,4260.14,4761.96
2002-05-31,5085.1,4274.64,4818.3
2002-06-03,,4227.15,4747.95
2002-06-04,,4065.88,4625.79
2002-06-05,4989.1,4079.51,4624.31
2002-06-06,4957.6,4098.18,4657.52
2002-06-07,4920.4,4020.27,4610.18
2002-06-10,4928.2,4024.94,4589.26
2002-06-11,4934.8,4109.37,4606.09
2002-06-12,4851.7,4004.76,4510.19
2002-06-13,4771.9,3957.33,4470.14
2002-06-14,4630.8,3843.07,4303.85
2002-06-17,4756.8,4010.36,4475.1
2002-06-18,4702.0,4004.93,4433.85
2002-06-19,4652.4,3935.58,4354.82
2002-06-20,4580.3,3832.07,4245.68
2002-06-21,4605.3,3799.53,4232.4
2002-06-24,4541.9,3669.24,4127.21
2002-06-25,4631.0,3766.4,4202.97
2002-06-26,4531.0,3701.13,4099.05
2002-06-27,4540.6,3742.78,4259.43
2002-06-28,4656.4,3897.99,4382.56
2002-07-01,4685.8,3897.37,4366.81
2002-07-02,4546.8,3735.66,4195.95
2002-07-03,4392.6,3623.33,4138.15
2002-07-04,4471.2,3697.13,4258.62
2002-07-05,4615.6,3863.28,4483.03
2002-07-08,4601.3,3858.35,4442.33
2002-07-09,4542.9,3819.01,4369.76
2002-07-10,4420.1,3656.38,4190.22
2002-07-11,4230.0,3512.1,4118.5
2002-07-12,4224.1,3513.34,4130.8
2002-07-15,3994.5,3323.74,3912.51
2002-07-16,4021.9,3317.81,3977.75
2002-07-17,4190.6,3440.88,4092.82
2002-07-18,4297.3,3513.71,4100.75
2002-07-19,4098.3,3324.04,3891.88
2002-07-22,3895.5,3149.69,3691.43
2002-07-23,3857.99,3070.16,3515.83
2002-07-24,3777.13,3023.69,3632.66
2002-07-25,3965.89,3149.72,3520.46
2002-07-26,4016.6,3172.56,3579.0
2002-07-29,4202.7,3395.83,3859.78
2002-07-30,4180.9,3379.85,3878.94
2002-07-31,4246.2,3415.38,3700.14
2002-08-01,4044.5,3240.71,3606.45
2002-08-02,4075.5,3245.37,3532.49
2002-08-05,3996.4,3115.38,3332.65
2002-08-06,4131.0,3284.79,3568.64
2002-08-07,4094.4,3270.51,3465.54
2002-08-08,4240.5,3388.45,3679.26
2002-08-09,4322.4,3447.94,3760.86
2002-08-12,4221.6,3364.44,3647.13
2002-08-13,4271.7,3390.23,3683.21
2002-08-14,4171.1,3240.81,3589.92
2002-08-15,4327.5,3375.01,3665.74
2002-08-16,4330.0,3374.09,3684.69
2002-08-19,4426.8,3493.01,3837.67
2002-08-20,4368.9,3440.62,3768.51
2002-08-21,4364.8,3485.21,3868.17
2002-08-22,4434.7,3592.6,3906.55
2002-08-23,4389.8,3526.09,3828.26
2002-08-26,,3471.28,3783.84
2002-08-27,4449.7,3570.5,3851.34
2002-08-28,4274.0,3419.74,3682.84
2002-08-29,4209.3,3331.77,3660.95
2002-08-30,4227.3,3366.21,3712.94
2002-09-02,4180.9,3272.76,3609.41
2002-09-03,4028.6,3126.6,3398.99
2002-09-04,4026.9,3168.7,3425.9
2002-09-05,4011.0,3139.39,3354.71
2002-09-06,4107.2,3246.67,3485.68
2002-09-09,4062.4,3199.82,3429.22
2002-09-10,4175.5,3299.64,3494.69
2002-09-11,4210.7,3397.02,3584.69
2002-09-12,4084.9,3241.84,3421.87
2002-09-13,4008.0,3156.17,3361.28
2002-09-16,4044.3,3141.95,3319.05
2002-09-17,4025.1,3112.83,3289.13
2002-09-18,3865.4,3000.98,3124.92
2002-09-19,3813.5,2927.18,3007.47
2002-09-20,3860.1,2890.82,3065.73
2002-09-23,3739.4,2794.31,2914.25
2002-09-24,3671.1,2742.81,2873.21
2002-09-25,3696.2,2785.38,2962.5
2002-09-26,3850.6,2961.46,3020.6
2002-09-27,3907.2,2950.52,2918.9
2002-09-30,3721.8,2777.45,2769.03
2002-10-01,3797.4,2828.56,2865.23
2002-10-02,3905.2,2940.84,2926.74
2002-10-03,3880.3,2861.04,2813.3
2002-10-04,3813.8,2765.9,2714.62
2002-10-07,3780.9,2733.56,2667.39
2002-10-08,3730.5,2694.23,2622.09
2002-10-09,3742.4,2656.45,2597.88
2002-10-10,3777.3,2758.53,2733.19
2002-10-11,3953.4,2902.27,2930.74
2002-10-14,3931.6,2885.27,2850.11
2002-10-15,4130.3,3086.03,3048.27
2002-10-16,4057.7,3067.7,3008.93
2002-10-17,4170.7,3183.08,3172.46
2002-10-18,4130.5,3156.99,3163.67
2002-10-21,4133.8,3156.93,3282.67
2002-10-22,4118.9,3121.01,3155.97
2002-10-23,4006.9,2992.23,3015.42
2002-10-24,4103.7,3075.13,3090.01
2002-10-25,4051.1,3056.88,3102.01
2002-10-28,4090.5,3120.85,3198.96
2002-10-29,3935.9,2965.11,3022.01
2002-10-30,4002.7,3084.22,3113.59
2002-10-31,4039.7,3150.04,3152.85
2002-11-01,3997.0,3109.51,3165.16
2002-11-04,4141.5,3218.67,3327.94
2002-11-05,4146.1,3247.39,3351.32
2002-11-06,4103.7,3212.86,3298.84
2002-11-07,4081.3,3111.72,3155.66
2002-11-08,4034.6,3058.18,3079.1
2002-11-11,4015.6,3053.7,3042.06
2002-11-12,4085.0,3064.64,3115.88
2002-11-13,4029.4,3034.81,3066.42
2002-11-14,4053.1,3148.6,3188.39
2002-11-15,4091.6,3162.39,3191.76
2002-11-18,4116.0,3208.47,3218.36
2002-11-19,4096.5,3177.23,3206.93
2002-11-20,4094.9,3153.5,3212.99
2002-11-21,4190.0,3290.17,3304.63
2002-11-22,4175.2,3305.78,3320.88
2002-11-25,4122.2,3295.68,3299.24
2002-11-26,4071.0,3215.19,3191.63
2002-11-27,4144.2,3313.76,3346.14
2002-11-28,4185.4,3329.99,3360.76
2002-11-29,4169.4,3326.65,3320.32
2002-12-02,4154.3,3298.76,3380.2
2002-12-03,4075.4,3222.26,3280.49
2002-12-04,4048.6,3199.84,3320.75
2002-12-05,4032.4,3158.04,3224.74
2002-12-06,4013.5,3185.77,3207.53
2002-12-09,3933.9,3115.63,3065.57
2002-12-10,3925.0,3142.75,3167.99
2002-12-11,3974.9,3190.09,3196.05
2002-12-12,3935.3,3137.43,3111.88
2002-12-13,3878.1,3076.85,3077.06
2002-12-16,3984.0,3173.85,3205.29
2002-12-17,3908.7,3138.61,3139.97
2002-12-18,3835.2,3077.39,3022.69
2002-12-19,3841.4,3054.21,2961.41
2002-12-20,3889.9,3082.85,3024.22
2002-12-23,3936.9,3087.62,3000.84
2002-12-24,3942.1,3081.28,
2002-12-25,,,
2002-12-26,,,
2002-12-27,3829.4,3011.83,2840.0
2002-12-30,3900.6,3025.14,2892.63
2002-12-31,3940.4,3063.91,
2003-01-02,4009.5,3195.02,3105.04
2003-01-03,4004.9,3187.88,3092.94
2003-01-06,4001.4,3210.27,3157.25
2003-01-07,3957.4,3160.99,3112.77
2003-01-08,3924.8,3094.09,2993.0
2003-01-09,3934.0,3152.29,3037.68
2003-01-10,3974.1,3160.13,3037.33
2003-01-13,3948.3,3169.82,3060.65
2003-01-14,3945.6,3174.03,3098.72
2003-01-15,3887.8,3134.66,3049.4
2003-01-16,3881.8,3142.59,3054.11
2003-01-17,3820.6,3056.93,2918.82
2003-01-20,3778.6,3020.07,2893.55
2003-01-21,3736.7,2992.39,2870.57
2003-01-22,3678.0,2931.38,2803.25
2003-01-23,3622.2,2917.97,2811.22
2003-01-24,3603.7,2898.6,2717.82
2003-01-27,3480.8,2795.78,2643.8
2003-01-28,3490.0,2800.07,2671.36
2003-01-29,3483.8,2840.05,2706.57
2003-01-30,3578.7,2914.13,2693.78
2003-01-31,3567.4,2937.88,2747.83
2003-02-03,3689.4,2957.79,2751.99
2003-02-04,3590.1,2863.5,2632.98
2003-02-05,3678.7,2884.62,2725.88
2003-02-06,3597.0,2836.18,2649.0
2003-02-07,3599.2,2796.66,2569.34
2003-02-10,3579.1,2772.26,2586.09
2003-02-11,3669.2,2841.84,2627.0
2003-02-12,3616.1,2770.62,2571.25
2003-02-13,3610.8,2758.65,2555.27
2003-02-14,3611.9,2827.75,2674.46
2003-02-17,3692.4,2882.12,2708.97
2003-02-18,3729.5,2938.63,2740.14
2003-02-19,3658.3,2859.19,2624.65
2003-02-20,3687.2,2804.49,2591.26
2003-02-21,3727.1,2829.83,2648.87
2003-02-24,3701.8,2785.61,2571.35
2003-02-25,3621.5,2683.37,2485.5
2003-02-26,3593.3,2658.57,2450.2
2003-02-27,3569.9,2715.8,2513.22
2003-02-28,3655.6,2754.07,2547.05
2003-03-03,3684.7,2762.25,2549.65
2003-03-04,3625.3,2676.34,2501.03
2003-03-05,3563.5,2655.07,2498.02
2003-03-06,3555.4,2634.53,2437.51
2003-03-07,3491.6,2574.91,2431.66
2003-03-10,3436.0,2513.61,2329.04
2003-03-11,3452.7,2493.42,2305.3
2003-03-12,3287.0,2403.04,2202.96
2003-03-13,3486.9,2554.71,2354.31
2003-03-14,3601.8,2740.01,2403.19
2003-03-17,3722.3,2831.73,2487.12
2003-03-18,3747.3,2794.89,2584.61
2003-03-19,3765.4,2837.68,2615.22
2003-03-20,3765.7,2794.83,2604.85
2003-03-21,3861.1,2890.68,2715.06
2003-03-24,3743.3,2726.85,2548.37
2003-03-25,3762.0,2795.79,2636.1
2003-03-26,3793.1,2787.56,2579.33
2003-03-27,3729.1,2722.84,2584.05
2003-03-28,3708.5,2733.0,2520.84
2003-03-31,3613.3,2618.46,2423.87
2003-04-01,3684.8,2635.04,2450.19
2003-04-02,3753.4,2743.88,2589.35
2003-04-03,3771.1,2788.69,2569.81
2003-04-04,3814.4,2837.96,2654.07
2003-04-07,3935.8,2935.68,2808.94
2003-04-08,3868.8,2893.51,2767.79
2003-04-09,3861.4,2888.03,2734.1
2003-04-10,3803.3,2808.58,2697.1
2003-04-11,3808.1,2838.14,2733.95
2003-04-14,3849.4,2874.98,2776.78
2003-04-15,3916.8,2921.52,2834.12
2003-04-16,3854.9,2895.16,2824.68
2003-04-17,3889.2,2898.61,2899.78
2003-04-18,,,
2003-04-21,,,
2003-04-22,3917.7,2914.6,2960.96
2003-04-23,3966.5,2962.67,2974.4
2003-04-24,3899.0,2903.04,2891.62
2003-04-25,3870.2,2866.74,2838.23
2003-04-28,3940.3,2949.57,2953.92
2003-04-29,3927.8,2940.8,2908.96
2003-04-30,3926.0,2953.67,2942.04
2003-05-01,3880.1,,
2003-05-02,3952.6,2963.12,2986.0
2003-05-05,,2996.22,3013.04
2003-05-06,4006.4,3057.56,3066.95
2003-05-07,3992.9,3023.96,3005.64
2003-05-08,3928.9,2939.17,2886.08
2003-05-09,3969.4,2967.89,2956.59
2003-05-12,3987.4,2962.63,2937.26
2003-05-13,3999.9,2963.63,2909.95
2003-05-14,3975.0,2961.83,2926.03
2003-05-15,4011.1,2995.98,2989.38
2003-05-16,4049.0,2994.87,2989.08
2003-05-19,3941.3,2867.29,2850.68
2003-05-20,3971.6,2877.26,2838.93
2003-05-21,3936.4,2881.2,2827.25
2003-05-22,3990.4,2903.27,2865.21
2003-05-23,3979.8,2897.16,2822.83
2003-05-26,,2885.52,2828.28
2003-05-27,3992.4,2891.47,2873.6
2003-05-28,4071.9,2949.61,2919.54
2003-05-29,4083.6,2969.18,2906.71
2003-05-30,4048.1,2991.75,2982.68
2003-06-02,4129.3,3048.32,3064.56
2003-06-03,4115.7,3039.41,3026.82
2003-06-04,4126.6,3063.85,3080.02
2003-06-05,4104.3,3034.07,3039.76
2003-06-06,4150.8,3093.21,3127.46
2003-06-09,4129.1,3055.23,3094.76
2003-06-10,4113.0,3083.85,3140.34
2003-06-11,4150.1,3121.9,3178.15
2003-06-12,4161.3,3152.16,3219.47
2003-06-13,4134.1,3108.94,3168.71
2003-06-16,4152.9,3174.49,3264.5
2003-06-17,4190.4,3200.75,3286.48
2003-06-18,4207.0,3213.93,3304.15
2003-06-19,4131.5,3164.91,3247.11
2003-06-20,4160.1,3190.11,3238.98
2003-06-23,4087.9,3119.24,3186.39
2003-06-24,4060.9,3103.34,3217.34
2003-06-25,4067.9,3108.7,3198.82
2003-06-26,4041.7,3103.46,3241.22
2003-06-27,4067.8,3109.02,3224.66
2003-06-30,4031.2,3084.1,3220.58
2003-07-01,3963.9,3013.0,3146.55
2003-07-02,4006.9,3079.07,3241.04
2003-07-03,4024.8,3092.09,3241.92
2003-07-04,4021.5,3072.4,3239.61
2003-07-07,4074.8,3182.19,3332.87
2003-07-08,4073.6,3177.97,3344.46
2003-07-09,4054.7,3139.93,3322.43
2003-07-10,4028.8,3098.28,3269.84
2003-07-11,4058.1,3138.27,3326.51
2003-07-14,4127.6,3190.23,3396.07
2003-07-15,4102.5,3179.33,3384.69
2003-07-16,4077.1,3150.72,3387.64
2003-07-17,4056.6,3129.37,3330.68
2003-07-18,4073.2,3129.21,3366.71
2003-07-21,4044.3,3081.06,3287.0
2003-07-22,4079.7,3092.62,3318.15
2003-07-23,4086.5,3089.41,3304.48
2003-07-24,4149.6,3156.86,3374.82
2003-07-25,4131.2,3109.32,3356.89
2003-07-28,4148.8,3164.93,3417.77
2003-07-29,4137.0,3142.39,3428.12
2003-07-30,4141.2,3172.51,3429.03
2003-07-31,4157.0,3210.27,3487.86
2003-08-01,4098.4,3169.63,3438.89
2003-08-04,4100.1,3142.0,3405.31
2003-08-05,4121.0,3187.61,3438.36
2003-08-06,4070.4,3126.15,3375.66
2003-08-07,4095.6,3130.56,3331.89
2003-08-08,4147.8,3165.49,3332.24
2003-08-11,4176.7,3188.32,3339.58
2003-08-12,4185.6,3208.23,3381.71
2003-08-13,4180.7,3208.06,3398.89
2003-08-14,4237.8,3261.7,3452.7
2003-08-15,4247.3,3279.21,3443.93
2003-08-18,4272.1,3301.08,3507.23
2003-08-19,4250.8,3310.7,3504.53
2003-08-20,4217.4,3280.34,3501.23
2003-08-21,4223.5,3306.42,3565.47
2003-08-22,4225.9,3328.99,3549.05
2003-08-25,,3291.36,3500.09
2003-08-26,4177.4,3256.69,3455.48
2003-08-27,4206.4,3280.02,3483.08
2003-08-28,4198.0,3322.95,3492.67
2003-08-29,4161.1,3311.42,3484.58
2003-09-01,4204.4,3358.52,3571.22
2003-09-02,4204.4,3363.93,3567.2
2003-09-03,4262.1,3422.78,3647.51
2003-09-04,4248.8,3410.69,3668.67
2003-09-05,4257.2,3392.75,3607.71
2003-09-08,4292.1,3409.72,3641.53
2003-09-09,4263.9,3375.26,3594.4
2003-09-10,4252.1,3328.71,3536.87
2003-09-11,4242.2,3348.25,3566.85
2003-09-12,4237.8,3322.56,3508.06
2003-09-15,4260.9,3338.36,3516.31
2003-09-16,4299.0,3386.41,3564.75
2003-09-17,4293.0,3393.93,3561.03
2003-09-18,4314.7,3415.01,3612.02
2003-09-19,4257.0,3373.64,3578.7
2003-09-22,4228.2,3282.95,3456.27
2003-09-23,4221.7,3266.04,3411.02
2003-09-24,4236.4,3263.78,3307.34
2003-09-25,4202.2,3230.54,3326.27
2003-09-26,4157.1,3216.76,3324.85
2003-09-29,4142.7,3188.71,3323.38
2003-09-30,4091.3,3134.99,3256.78
2003-10-01,4169.2,3191.01,3329.83
2003-10-02,4209.1,3192.94,3276.64
2003-10-03,4274.0,3296.36,3419.0
2003-10-06,4270.1,3281.36,3404.91
2003-10-07,4272.0,3254.75,3355.78
2003-10-08,4268.6,3248.61,3395.33
2003-10-09,4313.9,3324.99,3481.9
2003-10-10,4311.0,3306.12,3471.25
2003-10-13,4362.3,3360.34,3538.39
2003-10-14,4334.1,3344.9,3538.13
2003-10-15,4368.8,3374.98,3570.58
2003-10-16,4339.7,3357.49,3577.72
2003-10-17,4344.0,3353.72,3516.67
2003-10-20,4347.5,3358.8,3559.33
2003-10-21,4352.3,3363.3,3580.08
2003-10-22,4285.6,3302.7,3490.6
2003-10-23,4240.2,3264.29,3497.14
2003-10-24,4239.0,3266.27,3452.64
2003-10-27,4251.3,3306.59,3517.1
2003-10-28,4272.9,3352.15,3586.93
2003-10-29,4265.7,3366.95,3615.42
2003-10-30,4300.9,3387.36,3639.66
2003-10-31,4287.6,3373.2,3655.99
2003-11-03,4332.6,3439.07,3744.5
2003-11-04,4330.3,3424.81,3741.71
2003-11-05,4303.4,3393.25,3717.7
2003-11-06,4324.2,3412.18,3733.93
2003-11-07,4376.9,3453.13,3782.56
2003-11-10,4341.8,3425.19,3746.24
2003-11-11,4345.1,3406.05,3729.87
2003-11-12,4371.2,3411.05,3748.34
2003-11-13,4373.0,3412.55,3765.59
2003-11-14,4397.0,3448.6,3797.4
2003-11-17,4338.9,3359.3,3674.54
2003-11-18,4354.7,3352.92,3666.28
2003-11-19,4327.4,3343.38,3652.29
2003-11-20,4308.0,3324.39,3638.04
2003-11-21,4319.0,3366.12,3642.25
2003-11-24,4382.4,3412.05,3737.09
2003-11-25,4388.7,3418.15,3733.16
2003-11-26,4370.3,3415.19,3712.98
2003-11-27,4361.1,3431.66,3744.99
2003-11-28,4342.6,3424.79,3745.95
2003-12-01,4410.0,3490.26,3821.2
2003-12-02,4378.9,3471.86,3809.26
2003-12-03,4392.0,3501.93,3875.66
2003-12-04,4378.2,3496.55,3874.78
2003-12-05,4367.0,3457.14,3841.73
2003-12-08,4359.8,3434.91,3806.54
2003-12-09,4379.6,3456.12,3846.18
2003-12-10,4335.4,3438.85,3820.92
2003-12-11,4331.3,3467.9,3858.85
2003-12-12,4347.6,3470.6,3860.13
2003-12-15,4348.0,3490.42,3875.47
2003-12-16,4333.0,3486.6,3865.98
2003-12-17,4354.2,3479.87,3847.57
2003-12-18,4397.3,3503.21,3870.88
2003-12-19,4412.3,3502.04,3898.42
2003-12-22,4424.0,3496.06,3876.94
2003-12-23,4440.9,3500.09,3903.34
2003-12-24,4444.7,3510.3,
2003-12-25,,,
2003-12-26,,,
2003-12-29,4457.5,3520.79,3952.72
2003-12-30,4470.4,3529.18,3965.16
2003-12-31,4476.9,3557.9,
2004-01-02,4510.2,3596.8,4018.5
2004-01-05,4513.3,3608.29,4035.9
2004-01-06,4505.2,3595.82,4035.44
2004-01-07,4473.0,3563.51,4004.4
2004-01-08,4494.2,3592.73,4045.43
2004-01-09,4466.3,3574.8,4016.18
2004-01-12,4449.6,3560.1,3995.91
2004-01-13,4440.1,3576.18,3996.22
2004-01-14,4461.4,3612.55,4055.21
2004-01-15,4456.1,3626.97,4068.75
2004-01-16,4487.9,3671.8,4111.64
2004-01-19,4518.1,3689.97,4139.92
2004-01-20,4499.3,3660.19,4106.41
2004-01-21,4511.2,3676.38,4138.04
2004-01-22,4476.8,3695.6,4139.86
2004-01-23,4460.8,3693.36,4151.83
2004-01-26,4445.5,3675.72,4128.68
2004-01-27,4447.0,3697.42,4134.42
2004-01-28,4468.1,3706.79,4150.24
2004-01-29,4411.5,3662.3,4095.71
2004-01-30,4390.7,3638.44,4058.6
2004-02-02,4381.4,3665.02,4071.6
2004-02-03,4390.6,3638.21,4057.51
2004-02-04,4398.5,3607.57,4028.37
2004-02-05,4384.4,3610.31,4014.79
2004-02-06,4402.7,3624.72,4044.99
2004-02-09,4434.4,3663.73,4098.97
2004-02-10,4404.9,3668.45,4110.8
2004-02-11,4396.0,3677.85,4122.16
2004-02-12,4377.7,3681.56,4121.65
2004-02-13,4412.0,3649.34,4057.05
2004-02-16,4408.1,3678.07,4070.46
2004-02-17,4461.5,3703.82,4095.86
2004-02-18,4442.9,3709.02,4095.34
2004-02-19,4515.6,3759.32,4141.53
2004-02-20,4515.0,3733.28,4073.35
2004-02-23,4524.3,3731.15,4068.71
2004-02-24,4496.8,3683.44,3991.42
2004-02-25,4507.5,3702.63,3995.34
2004-02-26,4515.9,3714.49,4007.81
2004-02-27,4492.2,3725.44,4018.16
2004-03-01,4537.0,3748.87,4054.43
2004-03-02,4540.1,3785.36,4100.34
2004-03-03,4525.1,3758.51,4071.7
2004-03-04,4559.1,3776.94,4133.78
2004-03-05,4547.1,3761.11,4126.14
2004-03-08,4553.8,3781.38,4145.99
2004-03-09,4542.0,3737.03,4087.55
2004-03-10,4545.3,3758.09,4044.7
2004-03-11,4445.2,3646.43,3904.95
2004-03-12,4467.4,3661.78,3915.38
2004-03-15,4412.9,3573.84,3810.76
2004-03-16,4428.9,3588.04,3822.37
2004-03-17,4456.8,3656.04,3896.79
2004-03-18,4397.9,3589.98,3827.43
2004-03-19,4417.7,3613.28,3819.15
2004-03-22,4333.8,3539.22,3729.23
2004-03-23,4318.5,3539.91,3728.82
2004-03-24,4309.4,3518.45,3726.07
2004-03-25,4373.6,3570.4,3811.92
2004-03-26,4357.5,3592.39,3822.33
2004-03-29,4406.7,3634.18,3881.25
2004-03-30,4412.8,3620.1,3874.04
2004-03-31,4385.7,3625.23,3856.7
2004-04-01,4410.7,3669.98,3924.85
2004-04-02,4465.6,3739.91,4007.6
2004-04-05,4480.7,3781.2,4048.6
2004-04-06,4472.8,3746.11,4022.81
2004-04-07,4468.7,3734.56,4001.16
2004-04-08,4489.7,3740.11,4013.53
2004-04-09,,,
2004-04-12,,,
2004-04-13,4515.8,3774.69,4071.42
2004-04-14,4485.4,3731.43,4012.77
2004-04-15,4505.5,3722.76,4004.61
2004-04-16,4537.3,3751.59,4033.98
2004-04-19,4546.2,3743.43,4025.07
2004-04-20,4569.0,3773.43,4061.13
2004-04-21,4539.9,3743.15,4026.15
2004-04-22,4571.8,3785.55,4059.15
2004-04-23,4569.95,3811.43,4103.62
2004-04-26,4571.85,3785.55,4125.83
2004-04-27,4575.7,3782.09,4134.1
2004-04-28,4524.5,3722.59,4065.74
2004-04-29,4519.5,3689.39,4008.91
2004-04-30,4489.7,3674.28,3985.21
2004-05-03,,3705.48,4007.65
2004-05-04,4547.2,3700.79,3990.75
2004-05-05,4569.5,3729.38,4022.1
2004-05-06,4516.2,3655.14,3909.46
2004-05-07,4498.4,3653.18,3895.64
2004-05-10,4395.2,3553.35,3784.61
2004-05-11,4454.7,3606.41,3849.84
2004-05-12,4412.9,3564.34,3776.24
2004-05-13,4453.8,3614.24,3824.93
2004-05-14,4441.8,3603.26,3803.1
2004-05-17,4403.0,3553.02,3754.37
2004-05-18,4414.4,3569.14,3789.24
2004-05-19,4471.8,3643.32,3872.26
2004-05-20,4428.7,3609.97,3839.32
2004-05-21,4431.4,3607.02,3831.84
2004-05-24,4428.9,3628.82,3867.84
2004-05-25,4418.0,3610.53,3828.07
2004-05-26,4438.3,3659.92,3867.52
2004-05-27,4453.6,3679.37,3913.33
2004-05-28,4430.7,3652.03,3902.72
2004-05-31,,3669.63,3921.41
2004-06-01,4422.7,3624.47,3864.18
2004-06-02,4422.8,3646.23,3888.31
2004-06-03,4435.4,3654.37,3917.08
2004-06-04,4454.4,3698.87,3961.93
2004-06-07,4491.6,3722.23,4017.81
2004-06-08,4504.8,3723.46,4018.95
2004-06-09,4489.5,3699.29,3997.76
2004-06-10,4486.1,3711.38,4021.64
2004-06-11,4484.0,3699.38,4014.56
2004-06-14,4433.2,3647.1,3948.65
2004-06-15,4458.6,3683.43,3987.3
2004-06-16,4491.1,3714.5,4003.24
2004-06-17,4493.3,3718.08,3985.46
2004-06-18,4505.8,3740.9,3999.79
2004-06-21,4502.2,3740.28,3989.31
2004-06-22,4468.5,3700.32,3928.39
2004-06-23,4486.7,3720.14,3945.1
2004-06-24,4503.2,3755.75,4007.05
2004-06-25,4494.1,3742.38,4013.35
2004-06-28,4518.7,3771.58,4069.35
2004-06-29,4512.4,3756.48,4069.73
2004-06-30,4464.1,3732.99,4052.73
2004-07-01,4424.7,3716.2,4035.02
2004-07-02,4407.4,3685.06,3998.77
2004-07-05,4403.3,3688.18,3995.73
2004-07-06,4370.7,3660.68,3944.88
2004-07-07,4358.4,3660.4,3930.58
2004-07-08,4381.1,3670.41,3934.48
2004-07-09,4393.2,3668.48,3924.49
2004-07-12,4360.0,3651.63,3893.24
2004-07-13,4357.7,3656.18,3903.88
2004-07-14,4372.6,3648.75,3898.84
2004-07-15,4340.7,3610.55,3847.19
2004-07-16,4339.2,3610.4,3845.93
2004-07-19,4321.1,3592.63,3812.63
2004-07-20,4339.4,3607.39,3837.6
2004-07-21,4377.3,3637.47,3877.48
2004-07-22,4306.3,3572.84,3801.05
2004-07-23,4326.3,3567.29,3797.33
2004-07-26,4287.0,3532.61,3752.59
2004-07-27,4324.9,3565.1,3814.08
2004-07-28,4356.2,3575.92,3807.21
2004-07-29,4418.7,3643.79,3889.68
2004-07-30,4413.1,3647.1,3895.61
2004-08-02,4415.7,3623.79,3862.71
2004-08-03,4429.7,3650.8,3877.32
2004-08-04,4408.1,3607.58,3823.74
2004-08-05,4413.4,3622.98,3829.03
2004-08-06,4337.9,3528.64,3727.74
2004-08-09,4314.4,3497.3,3690.33
2004-08-10,4350.9,3533.06,3720.64
2004-08-11,4312.2,3502.95,3678.91
2004-08-12,4328.1,3494.23,3658.11
2004-08-13,4301.5,3484.84,3646.99
2004-08-16,4350.2,3516.68,3699.11
2004-08-17,4358.7,3533.13,3705.73
2004-08-18,4355.2,3541.48,3726.5
2004-08-19,4362.6,3544.42,3722.99
2004-08-20,4369.2,3538.02,3712.61
2004-08-23,4405.3,3589.69,3772.14
2004-08-24,4407.5,3594.38,3771.0
2004-08-25,4411.6,3595.26,3788.88
2004-08-26,4453.9,3629.84,3832.28
2004-08-27,4490.1,3649.24,3851.18
2004-08-30,,3636.71,3838.85
2004-08-31,4459.3,3594.28,3785.21
2004-09-01,4502.0,3613.23,3817.62
2004-09-02,4518.6,3633.38,3833.45
2004-09-03,4550.8,3665.94,3866.99
2004-09-06,4563.8,3673.03,3887.58
2004-09-07,4565.6,3682.14,3889.04
2004-09-08,4558.4,3677.55,3884.16
2004-09-09,4538.0,3652.02,3851.22
2004-09-10,4545.0,3677.61,3886.03
2004-09-13,4558.5,3725.4,3953.31
2004-09-14,4545.6,3708.03,3947.75
2004-09-15,4548.4,3691.85,3941.75
2004-09-16,4556.5,3691.68,3963.65
2004-09-17,4591.0,3726.22,3988.07
2004-09-20,4579.5,3703.69,3977.68
2004-09-21,4608.4,3731.14,3991.02
2004-09-22,4592.3,3692.11,3942.35
2004-09-23,4568.3,3653.1,3905.66
2004-09-24,4578.1,3673.51,3910.3
2004-09-27,4541.2,3656.93,3874.37
2004-09-28,4567.3,3667.47,3882.27
2004-09-29,4588.1,3682.67,3920.36
2004-09-30,4570.8,3640.61,3892.9
2004-10-01,4659.6,3730.16,3994.96
2004-10-04,4681.8,3767.06,4033.28
2004-10-05,4707.1,3770.24,4048.71
2004-10-06,4706.3,3764.59,4049.66
2004-10-07,4698.7,3758.7,4043.36
2004-10-08,4698.9,3737.87,4015.54
2004-10-11,4685.5,3727.64,4017.82
2004-10-12,4647.9,3688.73,3966.48
2004-10-13,4634.8,3694.32,3976.03
2004-10-14,4629.4,3664.95,3940.46
2004-10-15,4622.7,3670.76,3922.11
2004-10-18,4626.6,3659.81,3915.17
2004-10-19,4655.2,3700.56,3964.13
2004-10-20,4616.4,3665.68,3912.4
2004-10-21,4617.4,3687.53,3934.06
2004-10-22,4615.4,3687.17,3935.14
2004-10-25,4564.5,3609.06,3854.41
2004-10-26,4583.4,3619.48,3862.26
2004-10-27,4630.1,3678.39,3929.03
2004-10-28,4642.8,3721.82,3959.59
2004-10-29,4624.2,3706.82,3960.25
2004-11-01,4673.8,3734.07,4012.64
2004-11-02,4693.2,3765.84,4037.57
2004-11-03,4718.5,3769.93,4039.04
2004-11-04,4728.3,3762.45,4041.38
2004-11-05,4739.8,3780.99,4063.58
2004-11-08,4716.6,3776.99,4068.97
2004-11-09,4717.7,3769.94,4065.33
2004-11-10,4734.5,3784.91,4089.13
2004-11-11,4776.9,3833.79,4130.81
2004-11-12,4793.9,3835.11,4143.35
2004-11-15,4803.1,3820.97,4134.34
2004-11-16,4770.4,3794.27,4117.22
2004-11-17,4795.9,3844.14,4183.41
2004-11-18,4805.3,3830.39,4178.68
2004-11-19,4760.8,3798.78,4134.89
2004-11-22,4733.1,3774.25,4123.98
2004-11-23,4742.4,3780.09,4113.37
2004-11-24,4719.4,3760.7,4125.3
2004-11-25,4753.4,3797.59,4160.35
2004-11-26,4741.5,3782.2,4154.27
2004-11-29,4749.8,3780.61,4146.98
2004-11-30,4703.2,3753.75,4126.0
2004-12-01,4735.7,3796.71,4186.03
2004-12-02,4751.2,3811.45,4216.4
2004-12-03,4747.9,3783.51,4208.87
2004-12-06,4722.8,3767.39,4193.91
2004-12-07,4728.7,3787.45,4212.62
2004-12-08,4703.9,3775.04,4201.35
2004-12-09,4688.4,3747.46,4150.41
2004-12-10,4694.0,3768.42,4174.55
2004-12-13,4736.8,3805.94,4219.24
2004-12-14,4722.8,3814.39,4231.3
2004-12-15,4728.2,3802.99,4213.69
2004-12-16,4735.2,3810.67,4233.71
2004-12-17,4696.8,3744.92,4182.27
2004-12-20,4731.1,3764.04,4211.55
2004-12-21,4733.0,3770.03,4214.39
2004-12-22,4777.4,3806.15,4241.28
2004-12-23,4787.7,3819.68,4251.62
2004-12-24,4798.1,3822.76,
2004-12-27,,3817.69,4235.36
2004-12-28,,3824.83,4261.79
2004-12-29,4819.8,3827.16,4247.75
2004-12-30,4820.1,3827.95,4256.08
2004-12-31,4814.3,3821.16,
2005-01-03,,3855.68,4291.53
2005-01-04,4847.0,3863.3,4290.5
2005-01-05,4806.0,3829.36,4258.24
2005-01-06,4824.3,3856.48,4300.94
2005-01-07,4854.1,3877.96,4316.4
2005-01-10,4840.7,3877.82,4307.37
2005-01-11,4818.7,3848.99,4258.01
2005-01-12,4783.6,3816.14,4208.82
2005-01-13,4800.3,3834.11,4212.14
2005-01-14,4820.8,3854.6,4232.36
2005-01-17,4846.7,3881.44,4245.51
2005-01-18,4823.9,3875.02,4250.71
2005-01-19,4818.3,3869.01,4245.55
2005-01-20,4800.8,3842.44,4220.43
2005-01-21,4803.3,3854.19,4213.7
2005-01-24,4812.5,3848.71,4201.89
2005-01-25,4843.2,3882.04,4233.95
2005-01-26,4847.1,3879.82,4214.12
2005-01-27,4853.4,3891.4,4216.41
2005-01-28,4832.8,3870.35,4201.81
2005-01-31,4852.3,3913.69,4254.85
2005-02-01,4906.2,3939.18,4279.97
2005-02-02,4916.2,3951.72,4296.31
2005-02-03,4908.3,3928.94,4281.64
2005-02-04,4941.5,3958.01,4339.28
2005-02-07,4979.8,3981.9,4366.35
2005-02-08,4995.5,3980.77,4371.39
2005-02-09,4990.4,3969.62,4353.15
2005-02-10,5000.0,3970.37,4342.01
2005-02-11,5044.2,4016.75,4387.8
2005-02-14,5041.8,4012.11,4386.4
2005-02-15,5058.9,4030.45,4402.03
2005-02-16,5053.2,4009.02,4368.77
2005-02-17,5057.4,4005.5,4369.68
2005-02-18,5057.2,4029.02,4359.47
2005-02-21,5060.8,4022.62,4353.34
2005-02-22,5032.9,4002.33,4323.21
2005-02-23,4988.5,3977.19,4310.66
2005-02-24,4972.1,3977.67,4304.29
2005-02-25,5006.8,4034.57,4348.64
2005-02-28,4968.5,4027.16,4350.49
2005-03-01,5000.5,4054.98,4383.62
2005-03-02,4992.8,4062.72,4393.43
2005-03-03,5014.8,4061.35,4373.27
2005-03-04,5036.3,4091.58,4423.52
2005-03-07,5027.2,4108.0,4428.09
2005-03-08,5010.9,4085.38,4396.5
2005-03-09,4996.1,4066.69,4375.6
2005-03-10,4962.1,4038.21,4337.68
2005-03-11,4982.0,4049.18,4360.49
2005-03-14,4975.0,4048.55,4367.3
2005-03-15,5000.2,4077.74,4387.69
2005-03-16,4937.6,4019.4,4309.11
2005-03-17,4922.1,4032.07,4315.92
2005-03-18,4923.3,4050.77,4327.18
2005-03-21,4933.5,4033.0,4296.36
2005-03-22,4937.3,4047.18,4320.69
2005-03-23,4910.4,4032.41,4317.2
2005-03-24,4922.5,4078.31,4343.6
2005-03-25,,,
2005-03-28,,,
2005-03-29,4919.0,4081.65,4351.89
2005-03-30,4900.7,4064.61,4347.52
2005-03-31,4894.4,4067.78,4348.77
2005-04-01,4914.0,4080.08,4373.53
2005-04-04,4896.7,4052.32,4341.39
2005-04-05,4942.9,4087.94,4362.61
2005-04-06,4947.4,4106.99,4379.18
2005-04-07,4977.0,4124.37,4389.52
2005-04-08,4983.6,4124.29,4400.68
2005-04-11,4973.2,4117.62,4396.09
2005-04-12,4946.2,4096.81,4372.12
2005-04-13,4960.8,4116.85,4405.69
2005-04-14,4945.4,4111.11,4402.05
2005-04-15,4891.6,4032.28,4312.25
2005-04-18,4827.1,3949.59,4202.2
2005-04-19,4855.6,3962.39,4204.61
2005-04-20,4822.0,3950.02,4178.62
2005-04-21,4819.6,3951.02,4193.7
2005-04-22,4849.3,3980.18,4223.04
2005-04-25,4864.9,3993.07,4246.96
2005-04-26,4845.5,3993.04,4233.76
2005-04-27,4789.4,3927.68,4189.02
2005-04-28,4790.2,3911.45,4178.1
2005-04-29,4801.7,3911.71,4184.84
2005-05-02,,3938.77,4224.02
2005-05-03,4861.2,3955.93,4245.54
2005-05-04,4882.5,3987.63,4264.35
2005-05-05,4902.3,4019.35,4299.51
2005-05-06,4918.9,4033.46,4311.06
2005-05-09,4910.3,4020.19,4292.41
2005-05-10,4892.4,4000.25,4251.13
2005-05-11,4875.4,3979.53,4244.16
2005-05-12,4893.2,4015.65,4267.05
2005-05-13,4886.5,4017.89,4275.7
2005-05-16,4884.2,4010.98,4262.18
2005-05-17,4898.5,4006.19,4251.77
2005-05-18,4949.4,4073.15,4324.6
2005-05-19,4962.7,4085.98,4360.42
2005-05-20,4971.8,4096.18,4360.68
2005-05-23,4989.8,4118.37,4406.95
2005-05-24,4982.5,4102.06,4396.64
2005-05-25,4971.5,4100.27,4389.54
2005-05-26,4994.9,4137.28,4436.6
2005-05-27,4986.3,4131.83,4444.71
2005-05-30,,4134.87,4480.43
2005-05-31,4964.0,4120.73,4460.63
2005-06-01,5011.0,4178.25,4527.17
2005-06-02,5005.0,4183.72,4532.17
2005-06-03,4999.4,4162.47,4510.39
2005-06-06,4980.4,4146.47,4497.26
2005-06-07,5025.2,4180.74,4566.01
2005-06-08,5003.7,4171.35,4557.29
2005-06-09,5009.2,4153.71,4562.75
2005-06-10,5030.4,4184.1,4586.1
2005-06-13,5050.4,4203.49,4599.21
2005-06-14,5046.8,4197.74,4591.69
2005-06-15,5019.5,4184.36,4548.42
2005-06-16,5045.0,4185.15,4579.87
2005-06-17,5077.6,4220.91,4604.57
2005-06-20,5072.0,4193.4,4586.86
2005-06-21,5082.1,4222.02,4608.11
2005-06-22,5099.3,4229.55,4619.6
2005-06-23,5114.4,4240.18,4627.48
2005-06-24,5079.0,4199.87,4566.48
2005-06-27,5043.5,4157.68,4523.82
2005-06-28,5090.4,4194.33,4557.46
2005-06-29,5109.1,4231.88,4583.63
2005-06-30,5113.2,4229.35,4586.28
2005-07-01,5161.0,4269.62,4617.07
2005-07-04,5184.3,4264.6,4623.41
2005-07-05,5190.1,4252.75,4603.65
2005-07-06,5229.6,4279.95,4615.49
2005-07-07,5158.3,4220.62,4530.18
2005-07-08,5232.2,4300.31,4597.97
2005-07-11,5242.4,4321.56,4663.38
2005-07-12,5217.2,4313.78,4653.03
2005-07-13,5245.9,4343.62,4679.89
2005-07-14,5259.7,4370.88,4699.27
2005-07-15,5230.8,4373.77,4712.9
2005-07-18,5214.2,4363.47,4719.57
2005-07-19,5201.5,4424.25,4770.54
2005-07-20,5215.2,4418.39,4784.5
2005-07-21,5221.6,4425.66,4829.87
2005-07-22,5241.8,4415.52,4836.9
2005-07-25,5270.7,4422.12,4842.7
2005-07-26,5256.2,4420.78,4843.49
2005-07-27,5263.6,4433.13,4855.35
2005-07-28,5270.3,4462.26,4892.5
2005-07-29,5282.3,4451.74,4886.5
2005-08-01,5290.8,4456.87,4890.85
2005-08-02,5327.5,4503.33,4932.87
2005-08-03,5332.3,4495.48,4923.12
2005-08-04,5315.5,4458.97,4874.06
2005-08-05,5314.7,4421.7,4827.18
2005-08-08,5344.3,4441.01,4837.86
2005-08-09,5363.7,4491.69,4909.48
2005-08-10,5377.5,4527.11,4990.57
2005-08-11,5358.6,4509.1,4953.93
2005-08-12,5345.8,4476.48,4937.33
2005-08-15,5344.2,4466.58,4922.34
2005-08-16,5322.3,4444.57,4883.81
2005-08-17,5292.7,4439.63,4871.46
2005-08-18,5269.3,4430.07,4851.27
2005-08-19,5312.6,4487.9,4929.91
2005-08-22,5318.4,4485.94,4941.69
2005-08-23,5300.2,4436.56,4917.74
2005-08-24,5275.2,4424.43,4915.95
2005-08-25,5255.7,4378.51,4856.01
2005-08-26,5228.1,4342.7,4783.8
2005-08-29,,4361.27,4812.24
2005-08-30,5255.8,4356.66,4791.72
2005-08-31,5296.9,4399.36,4829.69
2005-09-01,5328.5,4424.15,4842.94
2005-09-02,5326.8,4404.95,4837.81
2005-09-05,5337.8,4430.09,4909.89
2005-09-06,5359.2,4472.55,4968.28
2005-09-07,5365.9,4486.19,4988.14
2005-09-08,5340.8,4465.94,4992.75
2005-09-09,5359.3,4491.68,5005.93
2005-09-12,5375.1,4491.82,4989.98
2005-09-13,5338.0,4453.41,4901.88
2005-09-14,5347.4,4470.43,4911.17
2005-09-15,5383.5,4479.39,4905.98
2005-09-16,5407.9,4509.49,4986.5
2005-09-19,5429.7,4505.68,4926.13
2005-09-20,5416.4,4531.8,4962.86
2005-09-21,5369.7,4468.06,4875.22
2005-09-22,5385.7,4448.15,4849.01
2005-09-23,5413.6,4477.2,4882.58
2005-09-26,5453.1,4566.92,4998.16
2005-09-27,5447.3,4546.8,4965.88
2005-09-28,5494.8,4599.63,5048.74
2005-09-29,5478.2,4578.86,5021.17
2005-09-30,5477.7,4600.02,5044.12
2005-10-03,5501.5,4622.54,5082.07
2005-10-04,5494.4,4650.24,5138.02
2005-10-05,5427.8,4594.11,5069.42
2005-10-06,5372.4,4536.9,5017.27
2005-10-07,5362.3,4528.79,5007.77
2005-10-10,5374.5,4536.22,5022.79
2005-10-11,5380.7,4549.68,5032.46
2005-10-12,5342.2,4515.05,4981.77
2005-10-13,5265.2,4470.13,4950.07
2005-10-14,5275.0,4482.13,4975.56
2005-10-17,5286.5,4489.21,4978.83
2005-10-18,5263.9,4461.14,4947.18
2005-10-19,5167.8,4375.09,4845.98
2005-10-20,5164.1,4390.66,4864.25
2005-10-21,5142.1,4366.52,4838.4
2005-10-24,5207.6,4421.97,4901.79
2005-10-25,5182.1,4396.99,4872.97
2005-10-26,5227.8,4412.7,4900.79
2005-10-27,5182.8,4336.41,4806.05
2005-10-28,5213.4,4326.71,4825.64
2005-10-31,5317.3,4436.45,4929.07
2005-11-01,5344.3,4434.75,4922.55
2005-11-02,5358.6,4429.65,4954.83
2005-11-03,5431.9,4502.02,5011.0
2005-11-04,5423.6,4498.7,4995.24
2005-11-07,5460.8,4503.65,5024.2
2005-11-08,5460.9,4503.62,5008.83
2005-11-09,5439.8,4480.23,5011.38
2005-11-10,5423.5,4479.5,5015.55
2005-11-11,5465.1,4536.49,5090.75
2005-11-14,5470.0,4548.45,5092.43
2005-11-15,5439.6,4543.15,5110.61
2005-11-16,5430.0,4512.13,5081.46
2005-11-17,5460.0,4523.18,5099.72
2005-11-18,5498.9,4556.23,5123.5
2005-11-21,5497.9,4586.38,5170.61
2005-11-22,5517.2,4580.81,5174.72
2005-11-23,5531.7,4608.65,5196.08
2005-11-24,5511.0,4586.84,5187.98
2005-11-25,5523.8,4600.48,5194.27
2005-11-28,5477.4,4575.31,5176.59
2005-11-29,5491.0,4588.73,5199.48
2005-11-30,5423.2,4567.41,5193.4
2005-12-01,5486.1,4636.46,5266.55
2005-12-02,5528.1,4662.5,5307.99
2005-12-05,5510.4,4650.54,5266.86
2005-12-06,5538.8,4677.2,5300.85
2005-12-07,5528.8,4660.58,5266.75
2005-12-08,5531.1,4669.93,5286.75
2005-12-09,5517.4,4661.01,5282.13
2005-12-12,5501.5,4673.13,5301.21
2005-12-13,5507.2,4693.4,5310.28
2005-12-14,5521.1,4674.85,5286.76
2005-12-15,5495.3,4673.14,5295.82
2005-12-16,5531.6,4704.41,5353.66
2005-12-19,5539.8,4694.86,5350.18
2005-12-20,5547.9,4703.48,5356.6
2005-12-21,5587.4,4752.41,5397.23
2005-12-22,5597.0,4751.96,5398.28
2005-12-23,5595.4,4757.74,5419.05
2005-12-26,,,
2005-12-27,,4769.38,5444.84
2005-12-28,5622.8,4756.93,5447.15
2005-12-29,5638.3,4772.93,5458.58
2005-12-30,5618.8,4715.23,5408.26
2006-01-02,,4754.92,5449.98
2006-01-03,5681.5,4776.98,5460.68
2006-01-04,5714.6,4838.52,5523.62
2006-01-05,5691.2,4835.09,5516.53
2006-01-06,5731.8,4867.15,5536.32
2006-01-09,5731.5,4875.09,5537.11
2006-01-10,5688.8,4861.93,5494.71
2006-01-11,5731.5,4890.49,5532.89
2006-01-12,5735.1,4890.24,5542.13
2006-01-13,5711.0,4850.53,5483.09
2006-01-16,5740.2,4856.09,5514.64
2006-01-17,5699.0,4807.14,5460.16
2006-01-18,5663.7,4772.09,5395.61
2006-01-19,5693.2,4814.09,5430.84
2006-01-20,5672.4,4773.48,5349.02
2006-01-23,5660.9,4751.99,5348.72
2006-01-24,5633.8,4748.32,5334.3
2006-01-25,5704.4,4791.0,5427.09
2006-01-26,5722.6,4876.52,5548.91
2006-01-27,5786.8,4956.6,5647.42
2006-01-30,5779.8,4936.79,5660.03
2006-01-31,5760.3,4947.99,5674.15
2006-02-01,5801.6,4999.39,5726.53
2006-02-02,5747.3,4927.89,5649.6
2006-02-03,5759.3,4937.56,5657.12
2006-02-06,5772.4,4934.59,5666.78
2006-02-07,5746.8,4935.4,5672.92
2006-02-08,5725.1,4895.08,5666.41
2006-02-09,5808.7,4955.74,5743.68
2006-02-10,5764.1,4910.82,5701.47
2006-02-13,5793.5,4957.36,5756.33
2006-02-14,5792.3,4961.34,5763.4
2006-02-15,5791.5,4934.09,5764.37
2006-02-16,5828.9,4973.09,5789.25
2006-02-17,5846.2,5000.0,5795.48
2006-02-20,5863.0,4979.94,5793.95
2006-02-21,5857.7,4991.93,5801.04
2006-02-22,5872.4,5041.6,5862.06
2006-02-23,5836.0,5040.39,5857.88
2006-02-24,5860.5,5073.95,5870.79
2006-02-27,5875.9,5080.52,5915.15
2006-02-28,5791.5,5000.45,5796.04
2006-03-01,5844.1,5057.61,5866.61
2006-03-02,5833.0,5009.09,5783.49
2006-03-03,5858.7,4989.15,5721.46
2006-03-06,5897.8,5010.72,5754.06
2006-03-07,5857.4,4992.21,5739.28
2006-03-08,5812.9,4969.51,5673.36
2006-03-09,5855.9,5007.84,5732.22
2006-03-10,5907.9,5069.27,5804.92
2006-03-13,5952.8,5107.47,5855.16
2006-03-14,5950.6,5117.16,5870.88
2006-03-15,5965.1,5127.93,5898.48
2006-03-16,5993.2,5126.01,5897.79
2006-03-17,5999.4,5141.08,5882.38
2006-03-20,5991.7,5138.51,5902.79
2006-03-21,5991.3,5148.56,5911.86
2006-03-22,6007.5,5194.78,5932.31
2006-03-23,5990.1,5194.78,5947.11
2006-03-24,6036.3,5218.71,5973.14
2006-03-27,5972.2,5162.44,5912.26
2006-03-28,5935.7,5149.99,5890.63
2006-03-29,5959.2,5180.25,5914.78
2006-03-30,6015.2,5240.1,5984.19
2006-03-31,5964.6,5220.85,5970.08
2006-04-03,6024.3,5255.26,6024.05
2006-04-04,6004.7,5205.81,6013.85
2006-04-05,6044.1,5221.03,6029.2
2006-04-06,6045.7,5222.36,6031.39
2006-04-07,6026.1,5174.96,5952.92
2006-04-10,6067.0,5190.27,6003.4
2006-04-11,6016.5,5112.6,5908.47
2006-04-12,6000.8,5085.11,5901.25
2006-04-13,6029.4,5102.62,5918.57
2006-04-14,,,
2006-04-17,,,
2006-04-18,6044.1,5095.97,5902.58
2006-04-19,6089.8,5158.14,5993.76
2006-04-20,6081.4,5206.79,6063.28
2006-04-21,6132.7,5252.38,6094.75
2006-04-24,6098.7,5221.44,6079.09
2006-04-25,6086.6,5235.34,6078.8
2006-04-26,6104.3,5252.32,6107.12
2006-04-27,6060.0,5213.55,6067.74
2006-04-28,6023.1,5188.4,6009.89
2006-05-01,,,
2006-05-02,6082.1,5241.19,6051.29
2006-05-03,6010.0,5193.94,5968.96
2006-05-04,6036.9,5233.7,6039.32
2006-05-05,6091.7,5286.4,6113.29
2006-05-08,6067.1,5282.4,6127.98
2006-05-09,6105.6,5312.18,6140.72
2006-05-10,6083.4,5278.27,6118.38
2006-05-11,6042.0,5262.94,6054.72
2006-05-12,5912.1,5150.45,5916.28
2006-05-15,5841.3,5064.85,5857.03
2006-05-16,5846.2,5081.69,5851.92
2006-05-17,5675.5,4920.31,5652.72
2006-05-18,5671.6,4908.69,5666.07
2006-05-19,5657.4,4944.57,5672.28
2006-05-22,5532.7,4813.5,5546.24
2006-05-23,5678.7,4931.53,5678.49
2006-05-24,5587.1,4870.02,5587.23
2006-05-25,5677.7,4949.53,5706.06
2006-05-26,5791.0,5045.09,5788.36
2006-05-29,,5015.32,5755.02
2006-05-30,5652.0,4893.87,5622.43
2006-05-31,5723.8,4930.18,5692.86
2006-06-01,5749.7,4947.29,5707.59
2006-06-02,5764.6,4959.7,5687.04
2006-06-05,5762.1,4916.04,5621.19
2006-06-06,5669.8,4797.92,5502.81
2006-06-07,5706.3,4824.77,5543.93
2006-06-08,5562.9,4684.34,5383.28
2006-06-09,5655.2,4768.18,5464.08
2006-06-12,5620.9,4723.18,5395.55
2006-06-13,5519.6,4617.59,5292.14
2006-06-14,5506.8,4615.44,5305.99
2006-06-15,5619.3,4724.58,5422.22
2006-06-16,5597.4,4694.89,5376.01
2006-06-19,5626.1,4729.02,5439.23
2006-06-20,5658.2,4770.42,5493.61
2006-06-21,5665.0,4774.73,5503.41
2006-06-22,5684.1,4803.29,5533.42
2006-06-23,5692.1,4817.63,5529.74
2006-06-26,5681.2,4801.49,5514.63
2006-06-27,5652.3,4771.24,5459.15
2006-06-28,5678.6,4774.0,5456.87
2006-06-29,5791.5,4880.38,5581.67
2006-06-30,5833.4,4965.96,5683.31
2006-07-03,5884.4,4980.62,5712.69
2006-07-04,5883.5,4983.88,5729.01
2006-07-05,5826.7,4921.3,5625.63
2006-07-06,5890.0,4966.45,5695.47
2006-07-07,5888.9,4953.71,5681.85
2006-07-10,5896.9,4982.48,5706.32
2006-07-11,5857.3,4914.39,5616.04
2006-07-12,5860.6,4941.73,5637.82
2006-07-13,5765.0,4852.52,5527.29
2006-07-14,5707.6,4780.79,5422.22
2006-07-17,5701.0,4750.08,5416.96
2006-07-18,5681.7,4734.54,5396.85
2006-07-19,5778.0,4846.54,5539.29
2006-07-20,5770.9,4865.04,5545.82
2006-07-21,5719.7,4818.55,5451.01
2006-07-24,5833.9,4914.93,5578.05
2006-07-25,5851.2,4933.12,5565.76
2006-07-26,5877.1,4943.0,5583.1
2006-07-27,5929.5,5001.21,5659.07
2006-07-28,5974.9,5028.51,5705.42
2006-07-31,5928.3,5009.42,5681.97
2006-08-01,5880.8,4948.23,5596.74
2006-08-02,5932.1,5026.25,5680.82
2006-08-03,5838.4,4983.68,5640.03
2006-08-04,5889.4,5040.95,5723.03
2006-08-07,5828.8,4956.34,5626.67
2006-08-08,5818.1,4967.95,5651.92
2006-08-09,5860.5,5025.15,5702.81
2006-08-10,5823.4,4976.64,5630.96
2006-08-11,5820.1,4985.52,5628.37
2006-08-14,5870.9,5046.93,5692.0
2006-08-15,5897.9,5115.02,5776.8
2006-08-16,5896.6,5137.31,5812.94
2006-08-17,5900.4,5144.84,5833.51
2006-08-18,5903.4,5135.69,5817.02
2006-08-21,5915.2,5104.65,5794.83
2006-08-22,5902.6,5128.33,5818.41
2006-08-23,5860.0,5082.73,5775.54
2006-08-24,5869.1,5112.85,5814.08
2006-08-25,5878.6,5111.13,5811.47
2006-08-28,,5148.52,5854.99
2006-08-29,5888.3,5160.32,5847.02
2006-08-30,5929.3,5182.79,5867.53
2006-08-31,5906.1,5165.04,5859.57
2006-09-01,5949.1,5183.45,5876.54
2006-09-04,5986.6,5203.24,5909.72
2006-09-05,5981.7,5172.85,5884.07
2006-09-06,5929.3,5115.52,5813.06
2006-09-07,5858.1,5060.09,5773.72
2006-09-08,5879.3,5073.57,5795.26
2006-09-11,5850.8,5058.31,5798.46
2006-09-12,5895.5,5125.97,5873.85
2006-09-13,5892.2,5137.93,5906.12
2006-09-14,5877.2,5123.85,5907.37
2006-09-15,5877.0,5144.88,5937.87
2006-09-18,5890.2,5146.96,5926.33
2006-09-19,5831.8,5115.99,5873.46
2006-09-20,5866.2,5192.74,5954.38
2006-09-21,5896.7,5208.32,5962.03
2006-09-22,5822.3,5141.95,5883.32
2006-09-25,5798.3,5146.49,5901.66
2006-09-26,5873.6,5219.59,5960.63
2006-09-27,5930.1,5243.1,5989.71
2006-09-28,5971.3,5250.01,5989.16
2006-09-29,5960.8,5250.01,6004.33
2006-10-02,5957.8,5243.13,5999.46
2006-10-03,5937.1,5219.79,5992.22
2006-10-04,5966.5,5256.55,6046.37
2006-10-05,6004.5,5288.53,6075.28
2006-10-06,6001.2,5282.06,6085.82
2006-10-09,6030.9,5284.74,6084.4
2006-10-10,6072.7,5309.79,6117.71
2006-10-11,6073.5,5313.19,6119.45
2006-10-12,6121.3,5361.51,6160.28
2006-10-13,6157.3,5353.23,6173.68
2006-10-16,6172.4,5361.97,6186.54
2006-10-17,6108.6,5302.99,6115.1
2006-10-18,6150.4,5361.29,6182.78
2006-10-19,6156.0,5359.74,6177.42
2006-10-20,6155.2,5375.35,6202.82
2006-10-23,6166.1,5411.81,6242.91
2006-10-24,6182.5,5404.54,6247.52
2006-10-25,6214.6,5422.28,6264.92
2006-10-26,6184.8,5433.79,6284.19
2006-10-27,6160.9,5396.03,6262.54
2006-10-30,6126.8,5362.23,6258.19
2006-10-31,6129.2,5348.73,6268.92
2006-11-01,6149.6,5370.86,6291.9
2006-11-02,6149.3,5310.07,6223.33
2006-11-03,6148.1,5336.3,6241.15
2006-11-06,6224.5,5402.36,6330.65
2006-11-07,6244.0,5437.78,6361.96
2006-11-08,6239.0,5437.16,6349.26
2006-11-09,6231.5,5448.6,6358.68
2006-11-10,6208.4,5447.5,6357.77
2006-11-13,6194.2,5490.56,6393.73
2006-11-14,6186.6,5476.28,6387.38
2006-11-15,6229.8,5511.53,6430.89
2006-11-16,6254.9,5505.72,6443.02
2006-11-17,6192.0,5439.71,6412.36
2006-11-20,6204.5,5454.74,6452.33
2006-11-21,6202.6,5459.35,6460.39
2006-11-22,6160.3,5452.49,6476.13
2006-11-23,6140.0,5424.86,6475.25
2006-11-24,6122.1,5389.46,6411.96
2006-11-27,6050.1,5308.65,6298.17
2006-11-28,6025.9,5306.24,6281.68
2006-11-29,6084.4,5381.25,6363.8
2006-11-30,6048.8,5327.64,6309.19
2006-12-01,6021.5,5254.05,6241.13
2006-12-04,6050.4,5296.08,6295.23
2006-12-05,6086.4,5359.69,6372.8
2006-12-06,6090.3,5350.62,6369.51
2006-12-07,6131.5,5379.21,6413.03
2006-12-08,6152.4,5384.16,6427.41
2006-12-11,6159.8,5427.56,6469.42
2006-12-12,6156.4,5426.82,6476.17
2006-12-13,6192.5,5475.85,6520.77
2006-12-14,6228.0,5509.58,6552.58
2006-12-15,6260.0,5541.62,6588.83
2006-12-18,6247.4,5530.32,6597.25
2006-12-19,6203.9,5484.76,6553.51
2006-12-20,6198.6,5514.42,6586.91
2006-12-21,6183.7,5510.39,6573.96
2006-12-22,6190.0,5453.94,6503.13
2006-12-25,,,
2006-12-26,,,
2006-12-27,6245.2,5540.01,6608.86
2006-12-28,6240.9,5533.36,6611.81
2006-12-29,6220.8,5541.76,6596.92
2007-01-02,6310.9,5617.71,6681.13
2007-01-03,6319.0,5610.92,6691.32
2007-01-04,6287.0,5574.56,6674.4
2007-01-05,6220.1,5517.35,6593.09
2007-01-08,6194.2,5518.59,6607.59
2007-01-09,6196.1,5533.03,6614.37
2007-01-10,6160.7,5501.95,6566.56
2007-01-11,6230.1,5609.8,6687.3
2007-01-12,6239.0,5617.62,6705.17
2007-01-15,6263.5,5631.08,6731.74
2007-01-16,6215.7,5591.54,6716.82
2007-01-17,6204.5,5561.78,6701.7
2007-01-18,6210.3,5555.04,6689.62
2007-01-19,6237.2,5614.7,6747.17
2007-01-22,6218.4,5579.78,6687.31
2007-01-23,6227.6,5575.07,6678.93
2007-01-24,6314.8,5638.08,6748.37
2007-01-25,6269.3,5609.2,6719.58
2007-01-26,6228.0,5582.3,6690.34
2007-01-29,6239.9,5619.7,6726.01
2007-01-30,6242.0,5645.59,6788.23
2007-01-31,6203.1,5608.31,6789.11
2007-02-01,6282.2,5662.25,6851.28
2007-02-02,6310.9,5677.3,6885.76
2007-02-05,6317.9,5681.11,6874.06
2007-02-06,6346.3,5676.78,6875.7
2007-02-07,6369.5,5703.0,6915.56
2007-02-08,6346.4,5665.1,6876.73
2007-02-09,6382.8,5692.45,6911.11
2007-02-12,6353.5,5643.95,6859.45
2007-02-13,6381.8,5682.69,6895.34
2007-02-14,6421.2,5725.84,6961.18
2007-02-15,6433.3,5720.88,6958.62
2007-02-16,6419.5,5713.59,6957.07
2007-02-19,6444.4,5739.9,6987.08
2007-02-20,6412.3,5713.45,6982.91
2007-02-21,6357.1,5694.56,6941.66
2007-02-22,6380.9,5707.86,6973.73
2007-02-23,6401.5,5716.38,6992.58
2007-02-26,6434.7,5762.54,7027.59
2007-02-27,6286.1,5588.39,6819.65
2007-02-28,6171.5,5516.32,6715.44
2007-03-01,6116.0,5458.4,6640.24
2007-03-02,6116.2,5424.7,6603.32
2007-03-05,6058.7,5385.03,6534.57
2007-03-06,6138.5,5437.13,6595.0
2007-03-07,6156.5,5455.07,6617.75
2007-03-08,6227.7,5524.26,6713.23
2007-03-09,6245.2,5537.84,6716.52
2007-03-12,6233.3,5496.07,6715.49
2007-03-13,6161.2,5432.94,6623.99
2007-03-14,6000.7,5296.22,6447.7
2007-03-15,6133.2,5389.85,6585.47
2007-03-16,6130.6,5382.16,6579.87
2007-03-19,6189.4,5458.95,6671.41
2007-03-20,6220.3,5503.27,6700.29
2007-03-21,6256.8,5502.18,6712.06
2007-03-22,6318.0,5598.37,6856.96
2007-03-23,6339.4,5634.75,6899.06
2007-03-26,6291.9,5576.3,6828.82
2007-03-27,6292.6,5587.06,6858.34
2007-03-28,6267.2,5552.69,6816.89
2007-03-29,6324.2,5631.53,6897.08
2007-03-30,6308.0,5634.16,6917.03
2007-04-02,6315.5,5645.56,6937.17
2007-04-03,6366.1,5711.91,7045.56
2007-04-04,6364.7,5739.01,7073.91
2007-04-05,6397.3,5741.38,7099.91
2007-04-06,,,
2007-04-09,,,
2007-04-10,6417.8,5766.27,7166.67
2007-04-11,6413.3,5751.92,7152.83
2007-04-12,6416.4,5748.94,7142.95
2007-04-13,6462.4,5789.34,7212.07
2007-04-16,6516.2,5861.97,7338.06
2007-04-17,6497.8,5858.14,7348.83
2007-04-18,6449.4,5835.95,7282.34
2007-04-19,6440.6,5829.04,7242.73
2007-04-20,6486.8,5938.9,7342.54
2007-04-23,6479.7,5917.32,7335.62
2007-04-24,6429.5,5886.03,7270.32
2007-04-25,6461.9,5947.33,7343.08
2007-04-26,6469.4,5944.44,7387.02
2007-04-27,6418.7,5930.77,7378.12
2007-04-30,6449.2,5960.04,7408.87
2007-05-01,6419.6,,
2007-05-02,6484.5,5990.13,7455.93
2007-05-03,6537.8,6004.28,7476.69
2007-05-04,6603.7,6068.83,7516.76
2007-05-07,,6071.48,7525.69
2007-05-08,6550.4,6034.25,7442.2
2007-05-09,6549.6,6051.63,7475.99
2007-05-10,6524.1,6012.76,7415.33
2007-05-11,6565.7,6050.63,7479.34
2007-05-14,6555.5,6026.42,7459.61
2007-05-15,6568.6,6049.76,7505.35
2007-05-16,6559.5,6017.91,7481.25
2007-05-17,6579.3,6027.0,7499.5
2007-05-18,6640.9,6101.14,7607.54
2007-05-21,6636.8,6089.91,7619.31
2007-05-22,6606.6,6089.72,7659.39
2007-05-23,6616.4,6120.2,7735.88
2007-05-24,6565.4,6048.31,7697.38
2007-05-25,6570.5,6057.49,7739.2
2007-05-28,,6071.47,
2007-05-29,6606.5,6056.39,7781.04
2007-05-30,6602.1,6042.15,7764.97
2007-05-31,6621.4,6104.0,7883.04
2007-06-01,6676.7,6168.15,7987.85
2007-06-04,6664.1,6125.81,7976.79
2007-06-05,6632.8,6078.54,7919.83
2007-06-06,6522.7,5977.87,7730.05
2007-06-07,6505.1,5890.49,7618.61
2007-06-08,6505.1,5883.29,7590.5
2007-06-11,6567.5,5940.09,7706.1
2007-06-12,6520.4,5898.16,7678.26
2007-06-13,6559.6,5934.27,7680.76
2007-06-14,6649.9,6047.23,7849.16
2007-06-15,6732.4,6105.28,8030.64
2007-06-18,6703.5,6087.15,8036.12
2007-06-19,6650.2,6071.67,8033.52
2007-06-20,6649.3,6093.29,8090.49
2007-06-21,6596.0,6029.79,7964.71
2007-06-22,6567.4,6023.25,7949.63
2007-06-25,6588.4,6002.85,7930.61
2007-06-26,6559.3,5953.36,7860.52
2007-06-27,6527.6,5941.67,7801.23
2007-06-28,6571.3,6006.31,7921.36
2007-06-29,6607.9,6054.93,8007.32
2007-07-02,6590.6,6026.95,7958.24
2007-07-03,6639.8,6069.84,8050.68
2007-07-04,6673.1,6098.08,8075.26
2007-07-05,6635.2,6059.53,7987.13
2007-07-06,6690.1,6102.69,8048.32
2007-07-09,6712.7,6104.66,8077.39
2007-07-10,6630.9,6019.22,7964.76
2007-07-11,6615.1,6001.09,7898.54
2007-07-12,6697.7,6103.05,8053.43
2007-07-13,6716.7,6117.96,8092.77
2007-07-16,6697.7,6125.6,8105.69
2007-07-17,6659.1,6099.21,8038.21
2007-07-18,6567.1,5995.97,7893.61
2007-07-19,6640.2,6065.5,7991.21
2007-07-20,6585.2,5957.16,7874.85
2007-07-23,6624.4,6009.16,7944.21
2007-07-24,6498.7,5907.47,7806.79
2007-07-25,6454.3,5837.11,7692.55
2007-07-26,6251.2,5675.05,7508.96
2007-07-27,6215.2,5643.96,7451.68
2007-07-30,6206.1,5646.36,7456.31
2007-07-31,6360.1,5751.08,7584.14
2007-08-01,6250.6,5654.3,7473.93
2007-08-02,6300.3,5682.07,7534.13
2007-08-03,6224.3,5597.89,7435.67
2007-08-06,6189.1,5532.99,7444.45
2007-08-07,6308.8,5620.4,7513.66
2007-08-08,6393.9,5749.29,7605.94
2007-08-09,6271.2,5624.78,7453.59
2007-08-10,6038.3,5448.63,7343.26
2007-08-13,6219.0,5569.28,7474.33
2007-08-14,6143.5,5478.66,7425.07
2007-08-15,6109.3,5442.72,7445.9
2007-08-16,5858.9,5265.47,7270.07
2007-08-17,6064.2,5363.63,7378.29
2007-08-20,6078.7,5399.38,7407.53
2007-08-21,6086.1,5418.78,7424.75
2007-08-22,6196.0,5518.17,7500.48
2007-08-23,6196.9,5523.33,7511.96
2007-08-24,6220.1,5569.38,7507.27
2007-08-27,,5590.54,7485.99
2007-08-28,6102.2,5474.17,7430.24
2007-08-29,6132.2,5520.02,7439.18
2007-08-30,6212.0,5592.53,7519.94
2007-08-31,6303.3,5662.7,7638.17
2007-09-03,6315.2,5651.27,7648.58
2007-09-04,6376.8,5672.72,7721.77
2007-09-05,6270.7,5551.55,7588.03
2007-09-06,6313.3,5576.62,7621.72
2007-09-07,6191.2,5430.1,7436.63
2007-09-10,6134.1,5386.43,7375.44
2007-09-11,6280.7,5478.94,7457.9
2007-09-12,6306.2,5508.01,7472.99
2007-09-13,6363.9,5565.97,7535.97
2007-09-14,6289.3,5538.92,7497.74
2007-09-17,6182.8,5439.37,7479.85
2007-09-18,6283.3,5549.35,7575.21
2007-09-19,6460.0,5730.82,7750.84
2007-09-20,6429.0,5688.76,7735.09
2007-09-21,6456.7,5700.65,7794.43
2007-09-24,6465.9,5692.49,7787.92
2007-09-25,6396.9,5641.59,7769.44
2007-09-26,6433.0,5690.77,7804.15
2007-09-27,6486.4,5733.37,7853.79
2007-09-28,6466.8,5715.69,7861.51
2007-10-01,6506.2,5773.26,7922.42
2007-10-02,6500.4,5799.27,7946.79
2007-10-03,6535.2,5806.18,7955.3
2007-10-04,6547.9,5804.39,7944.99
2007-10-05,6595.8,5843.24,8002.18
2007-10-08,6540.9,5829.4,7974.37
2007-10-09,6615.4,5861.93,7980.44
2007-10-10,6633.0,5838.49,7986.57
2007-10-11,6724.5,5862.83,8033.69
2007-10-12,6730.7,5843.95,8041.26
2007-10-15,6644.5,5807.44,7969.47
2007-10-16,6614.3,5774.36,7962.64
2007-10-17,6677.7,5818.8,7985.41
2007-10-18,6609.4,5767.24,7921.4
2007-10-19,6527.9,5740.48,7884.12
2007-10-22,6459.3,5661.27,7794.94
2007-10-23,6514.0,5705.05,7842.79
2007-10-24,6482.0,5674.67,7828.96
2007-10-25,6576.3,5760.3,7932.44
2007-10-26,6661.3,5794.87,7949.17
2007-10-29,6706.0,5836.19,8009.67
2007-10-30,6659.0,5803.93,7977.94
2007-10-31,6721.6,5847.95,8019.22
2007-11-01,6586.1,5730.92,7880.85
2007-11-02,6530.6,5720.42,7849.49
2007-11-05,6461.4,5684.62,7807.55
2007-11-06,6474.9,5709.42,7827.19
2007-11-07,6385.1,5683.22,7799.62
2007-11-08,6381.9,5631.63,7819.47
2007-11-09,6304.9,5524.18,7812.4
2007-11-12,6337.9,5535.56,7806.84
2007-11-13,6362.4,5538.91,7777.56
2007-11-14,6432.1,5613.6,7783.11
2007-11-15,6359.6,5561.13,7667.03
2007-11-16,6291.2,5523.63,7612.26
2007-11-19,6120.8,5432.57,7511.97
2007-11-20,6226.5,5506.68,7630.31
2007-11-21,6070.9,5381.3,7518.42
2007-11-22,6155.3,5416.1,7562.1
2007-11-23,6262.1,5521.17,7608.96
2007-11-26,6180.5,5458.39,7567.36
2007-11-27,6140.7,5434.17,7531.35
2007-11-28,6306.2,5561.21,7723.66
2007-11-29,6349.1,5598.11,7765.19
2007-11-30,6432.5,5670.57,7870.52
2007-12-03,6386.6,5629.46,7837.26
2007-12-04,6315.2,5547.21,7808.94
2007-12-05,6493.8,5659.07,7944.77
2007-12-06,6485.6,5673.76,7940.58
2007-12-07,6554.9,5718.75,7994.07
2007-12-10,6565.4,5750.92,8033.36
2007-12-11,6536.9,5724.76,8009.42
2007-12-12,6559.8,5743.32,8076.12
2007-12-13,6364.2,5590.91,7928.31
2007-12-14,6397.0,5605.36,7948.36
2007-12-17,6277.8,5514.88,7825.44
2007-12-18,6279.3,5509.37,7850.74
2007-12-19,6284.5,5497.42,7837.32
2007-12-20,6345.6,5511.45,7869.19
2007-12-21,6434.1,5602.77,8002.67
2007-12-24,6479.3,5614.28,
2007-12-25,,,
2007-12-26,,,
2007-12-27,6497.8,5627.48,8038.6
2007-12-28,6476.9,5627.25,8067.32
2007-12-31,6456.9,5614.08,
2008-01-02,6416.7,5550.36,7949.11
2008-01-03,6479.4,5546.08,7908.41
2008-01-04,6348.5,5446.79,7808.69
2008-01-07,6335.7,5452.83,7817.17
2008-01-08,6356.5,5495.67,7849.99
2008-01-09,6272.7,5435.42,7782.71
2008-01-10,6222.7,5400.43,7713.09
2008-01-11,6202.0,5371.41,7717.95
2008-01-14,6215.7,5403.51,7732.02
2008-01-15,6025.6,5250.82,7566.38
2008-01-16,5942.9,5225.39,7471.57
2008-01-17,5902.4,5157.09,7413.53
2008-01-18,5901.7,5092.4,7314.17
2008-01-21,5578.2,4744.45,6790.19
2008-01-22,5740.1,4842.54,6769.47
2008-01-23,5609.3,4636.76,6439.21
2008-01-24,5875.8,4915.29,6821.07
2008-01-25,5869.0,4878.12,6816.74
2008-01-28,5788.9,4848.3,6818.85
2008-01-29,5885.2,4941.45,6892.96
2008-01-30,5837.3,4873.57,6875.35
2008-01-31,5879.8,4869.79,6851.75
2008-02-01,6029.2,4978.06,6968.67
2008-02-04,6026.2,4973.64,7000.49
2008-02-05,5868.0,4776.86,6765.25
2008-02-06,5875.4,4816.43,6847.51
2008-02-07,5724.1,4723.8,6733.72
2008-02-08,5784.0,4709.65,6767.28
2008-02-11,5707.7,4682.7,6743.54
2008-02-12,5910.0,4840.71,6967.84
2008-02-13,5880.1,4855.4,6973.67
2008-02-14,5879.3,4858.65,6962.28
2008-02-15,5787.6,4771.79,6832.43
2008-02-18,5946.6,4861.8,6967.55
2008-02-19,5966.9,4885.83,7002.29
2008-02-20,5893.6,4812.81,6899.68
2008-02-21,5932.2,4858.85,6904.85
2008-02-22,5888.5,4824.55,6806.29
2008-02-25,5999.5,4919.26,6882.56
2008-02-26,6087.4,4973.07,6985.97
2008-02-27,6076.5,4968.82,6997.85
2008-02-28,5965.7,4865.23,6862.52
2008-02-29,5884.3,4790.66,6748.13
2008-03-03,5818.6,4742.66,6689.95
2008-03-04,5767.7,4675.91,6545.04
2008-03-05,5853.5,4756.42,6683.71
2008-03-06,5766.4,4678.05,6591.31
2008-03-07,5699.9,4618.96,6513.99
2008-03-10,5629.1,4566.99,6448.08
2008-03-11,5690.4,4627.69,6524.57
2008-03-12,5776.4,4697.1,6599.37
2008-03-13,5692.4,4630.19,6500.56
2008-03-14,5631.7,4592.15,6451.9
2008-03-17,5414.4,4431.04,6182.3
2008-03-18,5605.8,4582.59,6393.39
2008-03-19,5545.6,4555.95,6361.22
2008-03-20,5495.2,4533.72,6319.99
2008-03-21,,,
2008-03-24,,,
2008-03-25,5689.1,4692.0,6524.71
2008-03-26,5660.4,4676.68,6489.26
2008-03-27,5717.5,4719.53,6578.06
2008-03-28,5692.9,4695.92,6559.9
2008-03-31,5702.1,4707.07,6534.97
2008-04-01,5852.6,4866.0,6720.33
2008-04-02,5915.9,4911.97,6777.44
2008-04-03,5891.3,4887.87,6741.72
2008-04-04,5947.1,4900.88,6763.39
2008-04-07,6014.8,4944.6,6821.03
2008-04-08,5990.2,4912.69,6771.98
2008-04-09,5983.9,4874.97,6721.36
2008-04-10,5965.1,4859.42,6704.32
2008-04-11,5895.5,4797.93,6603.57
2008-04-14,5831.6,4766.49,6554.49
2008-04-15,5906.9,4780.68,6585.05
2008-04-16,6046.2,4855.1,6702.84
2008-04-17,5980.4,4862.14,6681.81
2008-04-18,6056.5,4961.69,6843.08
2008-04-21,6053.0,4910.35,6786.55
2008-04-22,6034.7,4872.64,6728.3
2008-04-23,6083.6,4944.65,6795.03
2008-04-24,6050.7,4929.55,6821.32
2008-04-25,6091.4,4978.21,6896.58
2008-04-28,6090.4,5012.75,6925.33
2008-04-29,6089.4,4977.1,6885.34
2008-04-30,6087.3,4996.54,6948.82
2008-05-01,6087.3,,
2008-05-02,6215.5,5069.71,7043.23
2008-05-05,,5063.36,7052.08
2008-05-06,6215.2,5040.92,7017.1
2008-05-07,6261.0,5075.31,7076.25
2008-05-08,6270.8,5055.58,7071.9
2008-05-09,6204.7,4960.56,7003.17
2008-05-12,6220.6,4976.21,7035.95
2008-05-13,6211.9,4998.67,7060.19
2008-05-14,6216.0,5055.24,7083.24
2008-05-15,6251.8,5057.51,7081.05
2008-05-16,6304.3,5078.04,7156.55
2008-05-19,6376.5,5142.1,7225.94
2008-05-20,6191.6,5054.88,7118.5
2008-05-21,6198.1,5027.55,7040.83
2008-05-22,6181.6,5028.74,7070.33
2008-05-23,6087.3,4933.77,6944.05
2008-05-26,,4937.84,6953.84
2008-05-27,6058.5,4906.56,6958.66
2008-05-28,6069.6,4971.11,7033.84
2008-05-29,6068.1,4975.9,7055.03
2008-05-30,6053.5,5014.28,7096.79
2008-06-02,6007.6,4935.21,7008.77
2008-06-03,6057.7,4983.71,7019.13
2008-06-04,5970.1,4915.07,6965.43
2008-06-05,5995.3,4907.06,6941.83
2008-06-06,5906.8,4795.32,6803.81
2008-06-09,5877.6,4799.38,6815.63
2008-06-10,5827.3,4761.08,6771.1
2008-06-11,5723.3,4660.91,6650.26
2008-06-12,5790.5,4672.3,6714.52
2008-06-13,5802.8,4682.3,6765.32
2008-06-16,5794.6,4657.74,6729.88
2008-06-17,5861.9,4686.33,6796.16
2008-06-18,5756.9,4618.75,6728.91
2008-06-19,5708.4,4591.39,6721.17
2008-06-20,5620.8,4509.27,6578.44
2008-06-23,5667.2,4511.37,6589.46
2008-06-24,5634.7,4473.76,6536.06
2008-06-25,5666.1,4536.29,6617.84
2008-06-26,5518.2,4426.19,6459.6
2008-06-27,5529.9,4397.32,6421.91
2008-06-30,5625.9,4434.85,6418.32
2008-07-01,5479.9,4341.21,6315.94
2008-07-02,5426.3,4296.48,6305.42
2008-07-03,5476.6,4343.99,6353.74
2008-07-04,5412.8,4266.0,6272.21
2008-07-07,5512.7,4342.59,6395.75
2008-07-08,5440.5,4275.61,6304.41
2008-07-09,5529.6,4339.66,6386.46
2008-07-10,5406.8,4231.56,6305.0
2008-07-11,5261.6,4100.64,6153.3
2008-07-14,5300.4,4142.53,6200.25
2008-07-15,5171.9,4061.15,6081.7
2008-07-16,5150.6,4112.45,6155.37
2008-07-17,5286.3,4225.99,6271.27
2008-07-18,5376.4,4299.36,6382.65
2008-07-21,5404.3,4327.14,6424.84
2008-07-22,5364.1,4327.26,6442.79
2008-07-23,5449.9,4408.74,6536.09
2008-07-24,5362.3,4347.99,6440.7
2008-07-25,5352.6,4377.18,6436.71
2008-07-28,5312.6,4324.45,6351.15
2008-07-29,5319.2,4320.49,6398.8
2008-07-30,5420.7,4400.55,6460.12
2008-07-31,5411.9,4392.36,6479.56
2008-08-01,5354.7,4314.34,6396.46
2008-08-04,5320.2,4280.63,6349.81
2008-08-05,5454.5,4386.35,6518.7
2008-08-06,5486.1,4448.33,6561.39
2008-08-07,5477.5,4457.43,6543.49
2008-08-08,5489.2,4491.85,6561.65
2008-08-11,5541.8,4538.49,6609.63
2008-08-12,5534.5,4518.48,6585.87
2008-08-13,5448.6,4402.97,6422.19
2008-08-14,5497.4,4420.91,6442.21
2008-08-15,5454.8,4453.62,6446.02
2008-08-18,5450.2,4448.84,6432.88
2008-08-19,5320.4,4332.79,6282.43
2008-08-20,5371.8,4365.87,6317.8
2008-08-21,5370.2,4304.61,6236.96
2008-08-22,5505.6,4400.45,6342.42
2008-08-25,,4355.87,6296.95
2008-08-26,5470.7,4368.55,6340.52
2008-08-27,5528.1,4373.08,6321.03
2008-08-28,5601.2,4461.49,6420.54
2008-08-29,5636.6,4482.6,6422.3
2008-09-01,5602.8,4472.13,6421.8
2008-09-02,5620.7,4539.07,6518.47
2008-09-03,5499.7,4447.13,6467.49
2008-09-04,5362.1,4304.01,6279.57
2008-09-05,5240.7,4196.66,6127.44
2008-09-08,5446.3,4340.18,6263.74
2008-09-09,5415.6,4293.34,6233.41
2008-09-10,5366.2,4283.66,6210.32
2008-09-11,5318.4,4249.07,6178.9
2008-09-12,5416.7,4332.66,6234.89
2008-09-15,5204.2,4168.97,6064.16
2008-09-16,5025.6,4087.4,5965.17
2008-09-17,4912.4,4000.11,5860.98
2008-09-18,4880.0,3957.86,5863.42
2008-09-19,5311.3,4324.87,6189.53
2008-09-22,5236.26,4223.51,6107.75
2008-09-23,5136.12,4139.82,6068.53
2008-09-24,5095.57,4114.54,6052.87
2008-09-25,5197.02,4226.81,6173.03
2008-09-26,5088.47,4163.38,6063.5
2008-09-29,4818.77,3953.48,5807.08
2008-09-30,4902.45,4032.1,5831.02
2008-10-01,4959.59,4054.54,5806.33
2008-10-02,4870.34,3963.28,5660.63
2008-10-03,4980.25,4080.75,5797.03
2008-10-06,4589.19,3711.98,5387.01
2008-10-07,4605.22,3732.22,5326.63
2008-10-08,4366.69,3496.89,5013.62
2008-10-09,4313.8,3442.7,4887.0
2008-10-10,3932.06,3176.49,4544.31
2008-10-13,4256.9,3531.5,5062.45
2008-10-14,4394.21,3628.52,5199.19
2008-10-15,4079.59,3381.07,4861.63
2008-10-16,3861.39,3181.0,4622.81
2008-10-17,4063.01,3329.92,4781.33
2008-10-20,4282.67,3448.51,4835.01
2008-10-21,4229.73,3475.4,4784.41
2008-10-22,4040.89,3298.18,4571.07
2008-10-23,4087.83,3310.87,4519.7
2008-10-24,3883.36,3193.79,4295.67
2008-10-27,3852.59,3067.35,4334.64
2008-10-28,3926.38,3114.92,4823.45
2008-10-29,4242.54,3402.57,4808.69
2008-10-30,4291.65,3407.82,4869.3
2008-10-31,4377.34,3487.07,4987.97
2008-11-03,4443.28,3527.97,5026.84
2008-11-04,4639.5,3691.09,5278.04
2008-11-05,4530.73,3618.11,5166.87
2008-11-06,4272.41,3387.25,4813.57
2008-11-07,4364.96,3469.12,4938.46
2008-11-10,4403.92,3505.75,5025.53
2008-11-11,4246.69,3336.41,4761.58
2008-11-12,4182.02,3233.96,4620.8
2008-11-13,4169.21,3269.46,4649.52
2008-11-14,4232.97,3291.47,4710.24
2008-11-17,4132.16,3182.03,4557.27
2008-11-18,4208.55,3217.4,4579.47
2008-11-19,4005.68,3087.89,4354.09
2008-11-20,3874.99,2980.42,4220.2
2008-11-21,3780.96,2881.26,4127.41
2008-11-24,4152.96,3172.11,4554.33
2008-11-25,4171.25,3209.56,4560.42
2008-11-26,4152.69,3169.85,4560.5
2008-11-27,4226.1,3250.39,4665.27
2008-11-28,4288.01,3262.68,4669.44
2008-12-01,4065.49,3080.43,4394.79
2008-12-02,4122.86,3152.9,4531.79
2008-12-03,4169.96,3166.65,4567.24
2008-12-04,4163.61,3161.16,4564.23
2008-12-05,4049.37,2988.01,4381.47
2008-12-08,4300.06,3247.48,4715.88
2008-12-09,4381.26,3297.8,4779.11
2008-12-10,4367.28,3320.31,4804.88
2008-12-11,4388.69,3306.13,4767.2
2008-12-12,4280.35,3213.6,4663.37
2008-12-15,4277.56,3185.66,4654.82
2008-12-16,4309.08,3251.66,4729.91
2008-12-17,4324.19,3241.92,4708.38
2008-12-18,4330.66,3234.15,4756.4
2008-12-19,4286.93,3225.9,4696.7
2008-12-22,4249.16,3151.36,4639.02
2008-12-23,4255.98,3128.41,4629.38
2008-12-24,4216.59,3116.21,
2008-12-25,,,
2008-12-26,,,
2008-12-29,4319.35,3130.72,4704.86
2008-12-30,4392.68,3217.13,4810.2
2008-12-31,4434.17,3217.97,
2009-01-02,4561.79,3349.69,4973.07
2009-01-05,4579.64,3359.92,4983.99
2009-01-06,4638.92,3396.22,5026.31
2009-01-07,4507.51,3346.09,4937.47
2009-01-08,4505.37,3324.33,4879.91
2009-01-09,4448.54,3299.5,4783.89
2009-01-12,4426.19,3246.12,4719.62
2009-01-13,4399.15,3197.89,4636.94
2009-01-14,4180.64,3052.0,4422.35
2009-01-15,4121.11,2995.88,4336.73
2009-01-16,4147.06,3016.75,4366.28
2009-01-19,4108.47,2989.69,4316.14
2009-01-20,4091.4,2925.28,4239.85
2009-01-21,4059.88,2905.57,4261.15
2009-01-22,4052.23,2869.62,4219.42
2009-01-23,4052.47,2849.14,4178.94
2009-01-26,4209.01,2955.37,4326.87
2009-01-27,4194.41,2954.53,4323.42
2009-01-28,4295.2,3076.01,4518.72
2009-01-29,4190.11,3009.75,4428.11
2009-01-30,4149.64,2973.92,4338.35
2009-02-02,4077.78,2930.05,4271.04
2009-02-03,4164.46,2982.39,4374.96
2009-02-04,4228.6,3068.99,4492.79
2009-02-05,4228.93,3066.29,4510.49
2009-02-06,4291.87,3122.79,4644.63
2009-02-09,4307.61,3134.87,4666.82
2009-02-10,4213.08,3020.75,4505.54
2009-02-11,4234.26,3027.72,4530.09
2009-02-12,4202.24,2964.34,4407.56
2009-02-13,4189.59,2997.86,4413.39
2009-02-16,4134.75,2962.22,4366.64
2009-02-17,4034.13,2875.23,4216.6
2009-02-18,4006.83,2874.07,4204.96
2009-02-19,4018.37,2872.6,4215.21
2009-02-20,3889.06,2750.55,4014.66
2009-02-23,3850.73,2727.87,3936.45
2009-02-24,3816.44,2708.05,3895.75
2009-02-25,3848.98,2696.92,3846.21
2009-02-26,3915.64,2744.84,3942.62
2009-02-27,3830.09,2702.48,3843.74
2009-03-02,3625.83,2581.46,3710.07
2009-03-03,3512.09,2554.55,3690.72
2009-03-04,3645.87,2675.68,3890.94
2009-03-05,3529.86,2569.63,3695.49
2009-03-06,3530.73,2534.45,3666.41
2009-03-09,3542.4,2519.29,3692.03
2009-03-10,3715.23,2663.68,3886.98
2009-03-11,3693.81,2674.2,3914.1
2009-03-12,3712.06,2694.25,3956.22
2009-03-13,3753.68,2705.63,3953.6
2009-03-16,3863.99,2791.66,4044.54
2009-03-17,3857.1,2767.28,3987.77
2009-03-18,3804.99,2760.34,3996.32
2009-03-19,3816.93,2776.99,4043.46
2009-03-20,3842.85,2791.14,4068.74
2009-03-23,3952.81,2869.57,4176.37
2009-03-24,3911.46,2874.39,4187.36
2009-03-25,3900.25,2893.45,4223.29
2009-03-26,3925.2,2892.07,4259.37
2009-03-27,3898.85,2840.62,4203.55
2009-03-30,3762.91,2719.34,3989.23
2009-03-31,3926.14,2807.34,4084.76
2009-04-01,3955.61,2839.61,4131.07
2009-04-02,4124.97,2992.06,4381.92
2009-04-03,4029.67,2958.74,4384.99
2009-04-06,3993.54,2929.75,4349.81
2009-04-07,3930.52,2902.31,4322.5
2009-04-08,3925.52,2921.06,4357.92
2009-04-09,3983.71,2974.18,4491.12
2009-04-10,,,
2009-04-13,,,
2009-04-14,3988.99,3000.22,4557.01
2009-04-15,3968.4,2985.74,4549.79
2009-04-16,4052.98,3038.18,4609.46
2009-04-17,4092.8,3091.96,4676.84
2009-04-20,3990.86,2969.4,4486.3
2009-04-21,3987.46,2973.94,4501.63
2009-04-22,4030.66,3025.24,4594.42
2009-04-23,4018.23,3008.62,4538.21
2009-04-24,4155.99,3102.85,4674.32
2009-04-27,4167.01,3102.43,4694.07
2009-04-28,4096.4,3051.02,4607.42
2009-04-29,4189.59,3116.94,4704.56
2009-04-30,4243.71,3159.85,4769.45
2009-05-01,4243.22,,
2009-05-04,,3237.97,4902.45
2009-05-05,4336.94,3225.0,4853.03
2009-05-06,4396.49,3283.51,4880.71
2009-05-07,4398.68,3251.52,4804.1
2009-05-08,4462.09,3312.59,4913.9
2009-05-11,4435.5,3248.67,4866.91
2009-05-12,4425.54,3231.1,4854.11
2009-05-13,4331.37,3152.9,4727.61
2009-05-14,4362.58,3156.29,4738.47
2009-05-15,4348.11,3169.05,4737.5
2009-05-18,4446.45,3245.39,4851.96
2009-05-19,4482.25,3274.96,4959.62
2009-05-20,4468.41,3303.37,5038.94
2009-05-21,4345.47,3217.41,4900.67
2009-05-22,4365.29,3227.97,4918.75
2009-05-25,,3236.16,4918.45
2009-05-26,4411.72,3270.09,4985.6
2009-05-27,4416.23,3294.86,5000.77
2009-05-28,4387.54,3263.7,4932.88
2009-05-29,4417.94,3277.65,4940.82
2009-06-01,4506.19,3379.49,5142.56
2009-06-02,4477.02,3378.04,5144.06
2009-06-03,4383.42,3309.65,5054.53
2009-06-04,4386.94,3312.03,5064.8
2009-06-05,4438.56,3339.05,5077.03
2009-06-08,4405.22,3289.66,5004.72
2009-06-09,4404.79,3296.73,4997.86
2009-06-10,4436.75,3315.27,5051.18
2009-06-11,4461.87,3334.94,5107.26
2009-06-12,4441.95,3326.14,5069.24
2009-06-15,4326.01,3219.58,4889.94
2009-06-16,4328.57,3213.95,4890.72
2009-06-17,4278.46,3161.14,4799.98
2009-06-18,4280.86,3194.06,4837.48
2009-06-19,4345.93,3221.27,4839.46
2009-06-22,4234.05,3123.25,4693.4
2009-06-23,4230.02,3116.82,4707.15
2009-06-24,4279.98,3184.76,4836.01
2009-06-25,4252.57,3163.1,4800.56
2009-06-26,4241.01,3129.73,4776.47
2009-06-29,4294.03,3193.68,4885.09
2009-06-30,4249.21,3140.44,4808.64
2009-07-01,4340.71,3217.0,4905.44
2009-07-02,4234.27,3116.41,4718.49
2009-07-03,4236.28,3119.51,4708.21
2009-07-06,4194.91,3082.16,4651.82
2009-07-07,4187.0,3048.57,4598.19
2009-07-08,4140.23,3009.71,4572.65
2009-07-09,4158.66,3025.94,4630.07
2009-07-10,4127.17,2983.1,4576.31
2009-07-13,4202.13,3052.08,4722.34
2009-07-14,4237.68,3081.87,4781.69
2009-07-15,4346.46,3171.27,4928.44
2009-07-16,4361.84,3199.68,4957.19
2009-07-17,4388.75,3218.46,4978.4
2009-07-20,4443.62,3270.94,5030.15
2009-07-21,4481.17,3302.89,5093.97
2009-07-22,4493.73,3305.07,5121.56
2009-07-23,4559.8,3373.72,5247.28
2009-07-24,4576.61,3366.45,5229.36
2009-07-27,4586.13,3372.36,5251.55
2009-07-28,4528.84,3330.97,5174.74
2009-07-29,4547.53,3365.62,5270.32
2009-07-30,4631.61,3435.49,5360.66
2009-07-31,4608.36,3426.27,5332.14
2009-08-03,4682.46,3477.8,5426.85
2009-08-04,4671.37,3476.37,5417.02
2009-08-05,4647.13,3458.53,5353.01
2009-08-06,4690.53,3477.83,5369.98
2009-08-07,4731.56,3521.14,5458.96
2009-08-10,4722.2,3504.54,5418.12
2009-08-11,4671.34,3456.18,5285.81
2009-08-12,4716.76,3507.24,5350.09
2009-08-13,4755.46,3524.39,5401.11
2009-08-14,4713.97,3495.27,5309.11
2009-08-17,4645.01,3419.69,5201.61
2009-08-18,4685.78,3450.69,5250.74
2009-08-19,4689.67,3450.34,5231.98
2009-08-20,4756.58,3505.32,5311.06
2009-08-21,4850.89,3615.81,5462.74
2009-08-24,4896.23,3652.17,5519.75
2009-08-25,4916.8,3680.61,5557.09
2009-08-26,4890.58,3668.34,5521.97
2009-08-27,4869.35,3648.53,5470.33
2009-08-28,4908.9,3693.14,5517.35
2009-08-31,,3653.54,5464.61
2009-09-01,4819.7,3583.44,5327.29
2009-09-02,4817.55,3573.13,5319.84
2009-09-03,4796.75,3553.51,5301.42
2009-09-04,4851.7,3598.76,5384.43
2009-09-07,4933.18,3652.83,5463.51
2009-09-08,4947.34,3660.96,5481.73
2009-09-09,5004.3,3707.69,5574.26
2009-09-10,4987.68,3705.87,5594.77
2009-09-11,5011.47,3734.89,5624.02
2009-09-14,5018.85,3730.61,5620.24
2009-09-15,5042.13,3752.21,5628.98
2009-09-16,5124.13,3813.79,5700.26
2009-09-17,5163.95,3835.27,5731.14
2009-09-18,5172.89,3827.84,5703.83
2009-09-21,5134.36,3812.16,5668.65
2009-09-22,5142.6,3823.52,5709.38
2009-09-23,5139.37,3821.79,5702.05
2009-09-24,5079.27,3758.36,5605.21
2009-09-25,5082.2,3739.14,5581.41
2009-09-28,5165.7,3825.0,5736.31
2009-09-29,5159.72,3814.1,5713.52
2009-09-30,5133.9,3795.41,5675.16
2009-10-01,5047.81,3720.77,5554.55
2009-10-02,4988.7,3649.9,5467.9
2009-10-05,5024.33,3675.01,5508.85
2009-10-06,5137.98,3770.21,5657.64
2009-10-07,5108.9,3756.41,5640.75
2009-10-08,5154.64,3806.81,5716.54
2009-10-09,5161.87,3799.61,5711.88
2009-10-12,5210.17,3845.8,5783.23
2009-10-13,5154.15,3801.39,5714.31
2009-10-14,5256.1,3882.67,5854.14
2009-10-15,5222.95,3883.83,5830.77
2009-10-16,5190.24,3827.6,5743.39
2009-10-19,5281.54,3892.36,5852.56
2009-10-20,5243.4,3871.45,5811.77
2009-10-21,5257.85,3873.22,5833.49
2009-10-22,5207.36,3820.85,5762.93
2009-10-23,5242.57,3808.24,5740.25
2009-10-26,5191.74,3744.45,5642.16
2009-10-27,5200.97,3743.95,5635.02
2009-10-28,5080.42,3663.78,5496.27
2009-10-29,5137.72,3714.02,5587.45
2009-10-30,5044.55,3607.69,5414.96
2009-11-02,5104.5,3639.46,5430.82
2009-11-03,5037.21,3584.25,5353.35
2009-11-04,5107.89,3670.33,5444.23
2009-11-05,5125.64,3708.73,5480.92
2009-11-06,5142.72,3707.29,5488.25
2009-11-09,5235.18,3785.49,5619.72
2009-11-10,5230.55,3785.59,5613.2
2009-11-11,5266.75,3814.39,5668.35
2009-11-12,5276.5,3808.07,5663.96
2009-11-13,5296.38,3806.01,5686.83
2009-11-16,5382.67,3863.16,5804.82
2009-11-17,5345.93,3829.06,5778.43
2009-11-18,5342.13,3828.16,5787.61
2009-11-19,5267.7,3760.22,5702.18
2009-11-20,5251.41,3729.36,5663.15
2009-11-23,5355.5,3813.17,5801.48
2009-11-24,5323.96,3784.62,5769.31
2009-11-25,5364.81,3809.16,5803.02
2009-11-26,5194.13,3679.23,5614.17
2009-11-27,5245.73,3721.45,5685.61
2009-11-30,5190.68,3680.15,5625.95
2009-12-01,5312.17,3775.74,5776.61
2009-12-02,5327.39,3795.92,5781.68
2009-12-03,5313.0,3799.11,5770.35
2009-12-04,5322.36,3846.62,5817.65
2009-12-07,5310.66,3840.05,5784.75
2009-12-08,5223.13,3785.3,5688.58
2009-12-09,5203.89,3757.39,5647.84
2009-12-10,5244.37,3798.38,5709.02
2009-12-11,5261.57,3803.72,5756.29
2009-12-14,5315.34,3830.44,5802.26
2009-12-15,5285.77,3834.09,5811.34
2009-12-16,5320.26,3875.82,5903.43
2009-12-17,5217.61,3830.82,5844.44
2009-12-18,5196.81,3794.44,5831.21
2009-12-21,5293.99,3872.06,5930.53
2009-12-22,5328.66,3898.38,5945.69
2009-12-23,5372.38,3910.75,5957.44
2009-12-24,5402.41,3912.73,
2009-12-25,,,
2009-12-28,,3947.15,6002.92
2009-12-29,5437.61,3959.98,6011.55
2009-12-30,5397.86,3935.5,5957.43
2009-12-31,5412.88,3936.33,
2010-01-04,5500.34,4013.97,6048.3
2010-01-05,5522.5,4012.91,6031.86
2010-01-06,5530.04,4017.67,6034.33
2010-01-07,5526.72,4024.8,6019.36
2010-01-08,5534.24,4045.14,6037.61
2010-01-11,5538.07,4043.09,6040.5
2010-01-12,5498.71,4000.05,5943.0
2010-01-13,5473.48,4000.86,5963.14
2010-01-14,5498.2,4015.77,5988.88
2010-01-15,5455.37,3954.38,5875.97
2010-01-18,5494.39,3977.46,5918.55
2010-01-19,5513.14,4009.67,5976.48
2010-01-20,5420.8,3928.95,5851.53
2010-01-21,5335.1,3862.16,5746.97
2010-01-22,5302.99,3820.78,5695.32
2010-01-25,5260.31,3781.85,5631.37
2010-01-26,5276.85,3807.04,5668.93
2010-01-27,5217.47,3759.8,5643.2
2010-01-28,5145.74,3688.79,5540.33
2010-01-29,5188.52,3739.46,5608.79
2010-02-01,5247.41,3762.01,5654.48
2010-02-02,5283.31,3812.13,5709.66
2010-02-03,5253.15,3793.47,5672.09
2010-02-04,5139.31,3689.25,5533.24
2010-02-05,5060.92,3563.76,5434.34
2010-02-08,5092.33,3607.27,5484.85
2010-02-09,5111.84,3612.76,5498.26
2010-02-10,5131.99,3635.61,5536.37
2010-02-11,5161.48,3616.75,5503.93
2010-02-12,5142.45,3599.07,5500.39
2010-02-15,5167.47,3609.22,5511.1
2010-02-16,5244.06,3669.04,5592.12
2010-02-17,5276.64,3725.21,5648.34
2010-02-18,5325.09,3747.83,5680.41
2010-02-19,5358.17,3769.54,5722.05
2010-02-22,5352.07,3756.7,5688.44
2010-02-23,5315.09,3707.06,5604.07
2010-02-24,5342.92,3715.68,5615.51
2010-02-25,5278.22,3640.77,5532.33
2010-02-26,5354.52,3708.8,5598.46
2010-03-01,5405.94,3769.54,5713.51
2010-03-02,5484.06,3811.92,5776.56
2010-03-03,5533.21,3842.52,5817.88
2010-03-04,5527.16,3828.41,5795.32
2010-03-05,5599.76,3910.42,5877.36
2010-03-08,5606.72,3903.54,5875.91
2010-03-09,5602.3,3910.01,5885.89
2010-03-10,5640.57,3943.55,5936.72
2010-03-11,5617.26,3928.95,5928.63
2010-03-12,5625.65,3927.4,5945.11
2010-03-15,5593.85,3890.91,5903.56
2010-03-16,5620.43,3938.95,5970.99
2010-03-17,5644.63,3957.89,6024.28
2010-03-18,5642.62,3938.18,6012.31
2010-03-19,5650.12,3925.44,5982.43
2010-03-22,5644.54,3928.0,5987.5
2010-03-23,5673.63,3952.55,6017.27
2010-03-24,5677.88,3949.81,6039.0
2010-03-25,5727.65,4000.48,6132.95
2010-03-26,5703.02,3988.93,6120.05
2010-03-29,5710.66,4000.66,6156.85
2010-03-30,5672.32,3987.41,6142.45
2010-03-31,5679.64,3974.01,6153.55
2010-04-01,5744.89,4034.23,6235.56
2010-04-02,,,
2010-04-05,,,
2010-04-06,5780.35,4053.94,6252.21
2010-04-07,5762.06,4026.97,6222.41
2010-04-08,5712.7,3978.46,6171.83
2010-04-09,5770.98,4050.54,6249.7
2010-04-12,5777.65,4050.5,6250.69
2010-04-13,5761.66,4031.99,6230.83
2010-04-14,5796.25,4057.7,6278.4
2010-04-15,5825.01,4065.65,6291.45
2010-04-16,5743.96,3986.63,6180.9
2010-04-19,5727.91,3970.47,6162.44
2010-04-20,5783.69,4026.65,6264.23
2010-04-21,5723.43,3977.67,6230.38
2010-04-22,5665.33,3924.65,6168.72
2010-04-23,5723.65,3951.3,6259.53
2010-04-26,5753.85,3997.39,6332.1
2010-04-27,5603.52,3844.6,6159.51
2010-04-28,5586.61,3787.0,6084.34
2010-04-29,5617.84,3840.62,6144.91
2010-04-30,5553.29,3816.99,6135.7
2010-05-03,,3828.46,6166.92
2010-05-04,5411.11,3689.29,6006.86
2010-05-05,5341.93,3636.03,5958.45
2010-05-06,5260.99,3556.11,5908.26
2010-05-07,5123.02,3392.59,5715.09
2010-05-10,5387.42,3720.29,6017.91
2010-05-11,5334.21,3693.2,6037.71
2010-05-12,5383.45,3733.87,6183.49
2010-05-13,5433.73,3731.54,6251.97
2010-05-14,5262.85,3560.36,6056.71
2010-05-17,5262.54,3543.55,6066.92
2010-05-18,5307.34,3617.32,6155.93
2010-05-19,5158.08,3511.67,5988.67
2010-05-20,5073.13,3432.52,5867.88
2010-05-21,5062.93,3430.74,5829.25
2010-05-24,5069.61,3430.93,5805.68
2010-05-25,4940.68,3331.29,5670.04
2010-05-26,5038.08,3408.59,5758.02
2010-05-27,5195.17,3525.31,5937.14
2010-05-28,5188.43,3515.06,5946.18
2010-05-31,,3507.56,5964.33
2010-06-01,5163.3,3503.08,5981.27
2010-06-02,5151.32,3501.5,5981.2
2010-06-03,5211.18,3557.34,6054.63
2010-06-04,5126.0,3455.61,5938.88
2010-06-07,5069.06,3413.72,5904.95
2010-06-08,5028.15,3380.36,5868.55
2010-06-09,5085.86,3446.77,5984.75
2010-06-10,5132.5,3516.64,6056.59
2010-06-11,5163.68,3555.52,6047.83
2010-06-14,5202.13,3626.04,6125.0
2010-06-15,5217.82,3661.51,6175.05
2010-06-16,5237.92,3675.93,6190.91
2010-06-17,5253.89,3683.08,6223.54
2010-06-18,5250.84,3687.21,6216.98
2010-06-21,5299.11,3736.15,6292.97
2010-06-22,5246.98,3705.32,6269.04
2010-06-23,5178.52,3641.79,6204.52
2010-06-24,5100.23,3555.36,6115.48
2010-06-25,5046.47,3519.73,6070.6
2010-06-28,5071.68,3576.45,6157.22
2010-06-29,4914.22,3432.99,5952.03
2010-06-30,4916.87,3442.89,5965.52
2010-07-01,4805.75,3339.9,5857.43
2010-07-02,4838.09,3348.37,5834.15
2010-07-05,4823.53,3332.46,5816.2
2010-07-06,4965.0,3423.36,5940.98
2010-07-07,5014.82,3483.44,5992.86
2010-07-08,5105.45,3538.25,6035.66
2010-07-09,5132.94,3554.48,6065.24
2010-07-12,5167.02,3567.66,6077.19
2010-07-13,5271.02,3637.76,6191.13
2010-07-14,5253.52,3632.98,6209.76
2010-07-15,5211.29,3581.82,6149.36
2010-07-16,5158.85,3500.16,6040.27
2010-07-19,5148.28,3486.33,6009.11
2010-07-20,5139.46,3468.02,5967.49
2010-07-21,5214.64,3493.92,5990.38
2010-07-22,5313.81,3600.57,6142.15
2010-07-23,5312.62,3607.05,6166.34
2010-07-26,5351.12,3636.18,6194.21
2010-07-27,5365.67,3666.4,6207.31
2010-07-28,5319.68,3670.36,6178.94
2010-07-29,5313.95,3651.91,6134.7
2010-07-30,5258.02,3643.14,6147.97
2010-08-02,5397.11,3752.03,6292.13
2010-08-03,5396.48,3747.51,6307.91
2010-08-04,5386.16,3760.72,6331.33
2010-08-05,5365.78,3764.19,6333.58
2010-08-06,5332.39,3716.05,6259.63
2010-08-09,5410.52,3777.37,6351.6
2010-08-10,5376.41,3730.58,6286.25
2010-08-11,5245.21,3628.29,6154.07
2010-08-12,5266.06,3621.07,6135.17
2010-08-13,5275.44,3610.91,6110.41
2010-08-16,5276.1,3597.6,6110.57
2010-08-17,5350.55,3663.13,6206.4
2010-08-18,5302.87,3647.93,6186.31
2010-08-19,5211.29,3572.4,6075.13
2010-08-20,5195.28,3526.12,6005.16
2010-08-23,5234.84,3553.23,6010.91
2010-08-24,5155.95,3491.11,5935.44
2010-08-25,5109.4,3450.19,5899.5
2010-08-26,5155.84,3475.03,5912.58
2010-08-27,5201.56,3507.44,5951.17
2010-08-30,,3487.01,5912.41
2010-08-31,5225.22,3490.79,5925.22
2010-09-01,5366.41,3623.84,6083.9
2010-09-02,5371.04,3631.43,6083.85
2010-09-03,5428.15,3672.2,6134.62
2010-09-06,5439.19,3684.73,6155.04
2010-09-07,5407.82,3643.81,6117.89
2010-09-08,5429.74,3677.21,6164.44
2010-09-09,5494.16,3722.15,6221.52
2010-09-10,5501.64,3725.82,6214.77
2010-09-13,5565.53,3767.15,6261.68
2010-09-14,5567.41,3774.4,6275.41
2010-09-15,5555.56,3755.64,6261.87
2010-09-16,5540.14,3736.3,6249.65
2010-09-17,5508.45,3722.02,6209.76
2010-09-20,5602.54,3788.01,6294.58
2010-09-21,5576.19,3784.4,6275.98
2010-09-22,5551.91,3735.05,6208.33
2010-09-23,5547.08,3710.61,6184.71
2010-09-24,5598.48,3782.48,6298.3
2010-09-27,5573.42,3766.16,6278.89
2010-09-28,5578.44,3762.35,6276.09
2010-09-29,5569.27,3737.12,6246.92
2010-09-30,5548.62,3715.18,6229.02
2010-10-01,5592.9,3692.09,6211.34
2010-10-04,5555.97,3649.81,6134.21
2010-10-05,5635.76,3731.93,6215.83
2010-10-06,5681.39,3764.91,6270.73
2010-10-07,5662.13,3770.47,6276.25
2010-10-08,5657.61,3763.18,6291.67
2010-10-11,5672.4,3768.49,6309.51
2010-10-12,5661.59,3748.86,6304.57
2010-10-13,5747.35,3828.34,6434.52
2010-10-14,5727.21,3819.17,6455.27
2010-10-15,5703.37,3827.37,6492.3
2010-10-18,5742.52,3834.5,6516.63
2010-10-19,5703.89,3807.17,6490.69
2010-10-20,5728.93,3828.15,6524.55
2010-10-21,5757.86,3878.27,6611.01
2010-10-22,5741.37,3868.54,6605.84
2010-10-25,5751.98,3870.0,6639.21
2010-10-26,5707.3,3852.66,6613.8
2010-10-27,5646.02,3815.77,6568.0
2010-10-28,5677.89,3834.84,6595.28
2010-10-29,5675.16,3833.5,6601.37
2010-11-01,5694.62,3841.11,6604.86
2010-11-02,5757.43,3865.72,6654.31
2010-11-03,5748.97,3842.94,6617.8
2010-11-04,5862.79,3916.78,6734.69
2010-11-05,5875.35,3916.73,6754.2
2010-11-08,5849.96,3913.7,6750.5
2010-11-09,5875.19,3945.71,6787.81
2010-11-10,5816.94,3888.45,6719.84
2010-11-11,5815.23,3867.35,6723.41
2010-11-12,5796.87,3831.12,6734.61
2010-11-15,5820.41,3864.24,6790.17
2010-11-16,5681.9,3762.47,6663.24
2010-11-17,5692.56,3792.35,6700.07
2010-11-18,5768.71,3867.97,6832.11
2010-11-19,5732.83,3860.16,6843.55
2010-11-22,5680.83,3818.89,6822.05
2010-11-23,5581.28,3724.42,6705.0
2010-11-24,5657.1,3747.61,6823.8
2010-11-25,5698.93,3760.42,6879.66
2010-11-26,5668.7,3728.65,6848.98
2010-11-29,5550.95,3636.96,6697.97
2010-11-30,5528.27,3610.44,6688.49
2010-12-01,5642.5,3669.29,6866.63
2010-12-02,5767.56,3747.04,6957.61
2010-12-03,5745.32,3750.55,6947.72
2010-12-06,5770.28,3749.23,6954.38
2010-12-07,5808.45,3810.5,7001.91
2010-12-08,5794.53,3831.98,6975.87
2010-12-09,5807.96,3858.05,6964.16
2010-12-10,5812.95,3857.35,7006.17
2010-12-13,5860.75,3892.44,7029.39
2010-12-14,5891.21,3902.87,7027.4
2010-12-15,5882.18,3880.19,7016.37
2010-12-16,5881.12,3888.36,7024.4
2010-12-17,5871.75,3867.35,6982.45
2010-12-20,5891.61,3885.08,7018.6
2010-12-21,5951.8,3927.49,7077.99
2010-12-22,5983.49,3919.71,7067.92
2010-12-23,5996.07,3911.32,7057.69
2010-12-24,6008.92,3900.39,
2010-12-27,,3862.19,6970.73
2010-12-28,,3858.72,6972.1
2010-12-29,5996.36,3890.65,6995.47
2010-12-30,5971.01,3850.76,6914.19
2010-12-31,5899.94,3804.78,
2011-01-03,,3900.86,6989.74
2011-01-04,6013.87,3916.03,6975.35
2011-01-05,6043.86,3904.61,6939.82
2011-01-06,6019.51,3904.42,6981.39
2011-01-07,5984.33,3865.58,6947.84
2011-01-10,5956.3,3802.03,6857.06
2011-01-11,6014.03,3861.92,6941.57
2011-01-12,6050.72,3945.07,7068.78
2011-01-13,6023.88,3974.83,7075.11
2011-01-14,6002.07,3983.28,7075.7
2011-01-17,5985.7,3975.41,7078.06
2011-01-18,6056.43,4012.68,7143.45
2011-01-19,5976.7,3976.71,7082.76
2011-01-20,5867.91,3964.84,7024.27
2011-01-21,5896.25,4017.45,7062.42
2011-01-24,5943.85,4033.21,7067.77
2011-01-25,5917.71,4019.62,7059.01
2011-01-26,5969.21,4049.07,7127.35
2011-01-27,5965.08,4059.57,7155.58
2011-01-28,5881.37,4002.32,7102.8
2011-01-31,5862.94,4005.5,7077.48
2011-02-01,5957.82,4072.62,7184.27
2011-02-02,6000.07,4066.53,7183.67
2011-02-03,5983.34,4036.59,7193.68
2011-02-04,5997.38,4047.21,7216.21
2011-02-07,6051.03,4090.8,7283.62
2011-02-08,6091.33,4108.27,7323.24
2011-02-09,6052.29,4090.74,7320.9
2011-02-10,6020.01,4095.14,7340.28
2011-02-11,6062.9,4101.31,7371.2
2011-02-14,6060.09,4096.62,7396.63
2011-02-15,6037.08,4110.34,7400.04
2011-02-16,6085.27,4151.26,7414.3
2011-02-17,6087.38,4152.31,7405.51
2011-02-18,6082.99,4157.14,7426.81
2011-02-21,6014.8,4097.41,7321.81
2011-02-22,5996.76,4050.27,7318.35
2011-02-23,5923.53,4013.12,7194.6
2011-02-24,5919.98,4009.64,7130.5
2011-02-25,6001.2,4070.38,7185.17
2011-02-28,5994.01,4110.35,7272.32
2011-03-01,5935.76,4067.15,7223.3
2011-03-02,5914.89,4034.32,7181.12
2011-03-03,6005.09,4060.76,7225.96
2011-03-04,5990.39,4020.21,7178.9
2011-03-07,5973.78,3990.41,7161.93
2011-03-08,5974.76,4015.91,7164.75
2011-03-09,5937.3,3993.81,7131.8
2011-03-10,5845.29,3963.99,7063.09
2011-03-11,5828.67,3928.68,6981.49
2011-03-14,5775.24,3878.04,6866.63
2011-03-15,5695.28,3780.85,6647.66
2011-03-16,5598.23,3696.56,6513.84
2011-03-17,5696.11,3786.21,6656.88
2011-03-18,5718.13,3810.22,6664.4
2011-03-21,5786.09,3904.45,6816.12
2011-03-22,5762.71,3892.71,6780.97
2011-03-23,5795.88,3913.73,6804.45
2011-03-24,5880.87,3968.84,6933.58
2011-03-25,5900.76,3972.38,6946.36
2011-03-28,5904.49,3976.95,6938.63
2011-03-29,5932.17,3987.8,6934.44
2011-03-30,5948.3,4024.44,7057.15
2011-03-31,5908.76,3989.18,7041.31
2011-04-01,6009.92,4054.76,7179.81
2011-04-04,6016.98,4042.92,7175.33
2011-04-05,6007.06,4041.74,7175.31
2011-04-06,6041.13,4048.16,7215.11
2011-04-07,6007.37,4028.3,7178.78
2011-04-08,6055.75,4061.91,7217.02
2011-04-11,6053.44,4038.7,7204.86
2011-04-12,5964.47,3976.6,7102.91
2011-04-13,6010.44,4006.23,7177.97
2011-04-14,5963.8,3970.39,7146.56
2011-04-15,5996.01,3974.48,7178.29
2011-04-18,5870.08,3881.24,7026.85
2011-04-19,5896.87,3908.58,7039.31
2011-04-20,6022.26,4004.62,7249.19
2011-04-21,6018.3,4021.88,7295.49
2011-04-22,,,
2011-04-25,,,
2011-04-26,6069.36,4045.29,7356.51
2011-04-27,6068.16,4067.72,7404.95
2011-04-28,6069.9,4104.9,7475.22
2011-04-29,,4106.92,7514.46
2011-05-02,,4108.77,7527.64
2011-05-03,6082.88,4096.84,7500.7
2011-05-04,5984.07,4043.13,7373.93
2011-05-05,5919.98,4004.87,7376.96
2011-05-06,5976.77,4058.01,7492.25
2011-05-09,5942.69,4007.26,7410.52
2011-05-10,6018.89,4052.51,7501.52
2011-05-11,5976.0,4058.08,7495.05
2011-05-12,5944.96,4023.29,7443.95
2011-05-13,5925.87,4018.85,7403.31
2011-05-16,5923.69,3989.82,7387.54
2011-05-17,5861.0,3941.58,7256.65
2011-05-18,5923.49,3978.0,7303.53
2011-05-19,5955.99,4027.74,7358.23
2011-05-20,5948.49,3990.85,7266.82
2011-05-23,5835.89,3906.98,7121.52
2011-05-24,5858.41,3916.88,7150.66
2011-05-25,5870.14,3928.99,7170.94
2011-05-26,5880.99,3917.22,7114.09
2011-05-27,5938.87,3950.98,7163.47
2011-05-30,,3942.53,7160.3
2011-05-31,5989.99,4006.94,7293.69
2011-06-01,5928.61,3964.81,7217.43
2011-06-02,5847.92,3889.87,7074.12
2011-06-03,5855.01,3890.68,7109.03
2011-06-06,5863.16,3863.4,7084.57
2011-06-07,5864.65,3871.92,7103.25
2011-06-08,5808.89,3837.98,7060.23
2011-06-09,5856.34,3878.65,7159.66
2011-06-10,5765.8,3805.09,7069.9
2011-06-13,5773.46,3807.61,7085.14
2011-06-14,5803.13,3864.58,7204.79
2011-06-15,5742.55,3806.85,7115.08
2011-06-16,5698.81,3792.31,7110.2
2011-06-17,5714.94,3823.74,7164.05
2011-06-20,5693.39,3799.66,7150.21
2011-06-21,5775.31,3877.07,7285.51
2011-06-22,5772.99,3871.37,7278.19
2011-06-23,5674.38,3787.79,7149.44
2011-06-24,5697.72,3784.8,7121.38
2011-06-27,5722.34,3796.55,7107.9
2011-06-28,5766.88,3851.89,7170.43
2011-06-29,5855.95,3924.23,7294.14
2011-06-30,5945.71,3982.21,7376.24
2011-07-01,5989.76,4007.35,7419.44
2011-07-04,6017.54,4003.11,7442.96
2011-07-05,6024.03,3978.83,7439.44
2011-07-06,6002.92,3961.34,7431.19
2011-07-07,6054.55,3979.96,7471.44
2011-07-08,5990.58,3913.55,7402.73
2011-07-11,5929.16,3807.51,7230.25
2011-07-12,5868.96,3774.12,7174.14
2011-07-13,5906.43,3793.27,7267.87
2011-07-14,5846.95,3751.23,7214.74
2011-07-15,5843.66,3726.59,7220.12
2011-07-18,5752.81,3650.71,7107.92
2011-07-19,5789.99,3694.95,7192.67
2011-07-20,5853.82,3754.6,7221.36
2011-07-21,5899.89,3816.75,7290.14
2011-07-22,5935.02,3842.7,7326.39
2011-07-25,5925.26,3812.97,7344.54
2011-07-26,5929.73,3787.88,7349.45
2011-07-27,5856.58,3734.07,7252.68
2011-07-28,5873.21,3712.66,7190.06
2011-07-29,5815.19,3671.28,7158.77
2011-08-01,5774.43,3588.05,6953.98
2011-08-02,5718.39,3522.79,6796.75
2011-08-03,5584.51,3454.94,6640.59
2011-08-04,5393.14,3320.35,6414.76
2011-08-05,5246.99,3278.56,6236.16
2011-08-08,5068.95,3125.19,5923.27
2011-08-09,5164.92,3176.19,5917.08
2011-08-10,5007.16,3002.99,5613.42
2011-08-11,5162.83,3089.66,5797.66
2011-08-12,5320.03,3213.88,5997.74
2011-08-15,5350.58,3239.06,6022.24
2011-08-16,5357.63,3230.9,5994.9
2011-08-17,5331.6,3254.34,5948.94
2011-08-18,5092.23,3076.04,5602.8
2011-08-19,5040.76,3016.99,5480.0
2011-08-22,5095.3,3051.36,5473.78
2011-08-23,5129.42,3084.37,5532.38
2011-08-24,5205.85,3139.55,5681.08
2011-08-25,5131.1,3119.0,5584.14
2011-08-26,5129.92,3087.64,5537.48
2011-08-29,,3154.2,5670.07
2011-08-30,5268.66,3159.74,5643.92
2011-08-31,5394.53,3256.76,5784.85
2011-09-01,5418.65,3265.83,5730.63
2011-09-02,5292.03,3148.53,5538.33
2011-09-05,5102.58,2999.54,5246.18
2011-09-06,5156.84,2965.64,5193.97
2011-09-07,5318.59,3073.18,5405.53
2011-09-08,5340.38,3085.83,5408.46
2011-09-09,5214.65,2974.59,5189.93
2011-09-12,5129.62,2854.81,5072.33
2011-09-13,5174.25,2894.93,5166.36
2011-09-14,5227.02,2949.14,5340.19
2011-09-15,5337.54,3045.62,5508.24
2011-09-16,5368.41,3031.08,5573.51
2011-09-19,5259.56,2940.0,5415.91
2011-09-20,5363.71,2984.05,5571.68
2011-09-21,5288.41,2935.82,5433.8
2011-09-22,5041.61,2781.68,5164.21
2011-09-23,5066.81,2810.11,5196.56
2011-09-26,5089.37,2859.34,5345.56
2011-09-27,5294.05,3023.38,5628.44
2011-09-28,5217.63,2995.62,5578.42
2011-09-29,5196.84,3027.65,5639.58
2011-09-30,5128.48,2981.96,5502.02
2011-10-03,5075.5,2926.83,5376.7
2011-10-04,4944.44,2850.55,5216.71
2011-10-05,5102.17,2973.9,5473.03
2011-10-06,5291.26,3075.37,5645.25
2011-10-07,5303.4,3095.56,5675.7
2011-10-10,5399.0,3161.47,5847.29
2011-10-11,5395.7,3153.52,5865.01
2011-10-12,5441.8,3229.76,5994.47
2011-10-13,5403.38,3186.94,5914.84
2011-10-14,5466.36,3217.89,5967.2
2011-10-17,5436.7,3166.06,5859.43
2011-10-18,5410.35,3141.1,5877.41
2011-10-19,5450.49,3157.34,5913.53
2011-10-20,5384.68,3084.07,5766.48
2011-10-21,5488.65,3171.34,5970.96
2011-10-24,5548.06,3220.46,6055.27
2011-10-25,5525.54,3174.29,6046.75
2011-10-26,5553.24,3169.62,6016.07
2011-10-27,5713.82,3368.62,6337.84
2011-10-28,5702.24,3348.63,6346.19
2011-10-31,5544.22,3242.84,6141.34
2011-11-01,5421.57,3068.33,5834.51
2011-11-02,5484.1,3110.59,5965.63
2011-11-03,5545.64,3195.47,6133.18
2011-11-04,5527.16,3123.55,5966.16
2011-11-07,5510.82,3103.6,5928.68
2011-11-08,5567.34,3143.3,5961.44
2011-11-09,5460.38,3075.16,5829.54
2011-11-10,5444.82,3064.84,5867.81
2011-11-11,5545.38,3149.38,6057.03
2011-11-14,5519.04,3108.95,5985.02
2011-11-15,5517.44,3049.13,5933.14
2011-11-16,5509.02,3064.9,5913.36
2011-11-17,5423.14,3010.29,5850.17
2011-11-18,5362.94,2997.01,5800.24
2011-11-21,5222.6,2894.94,5606.0
2011-11-22,5206.82,2870.68,5537.39
2011-11-23,5139.78,2822.43,5457.77
2011-11-24,5127.57,2822.25,5428.11
2011-11-25,5164.65,2856.97,5492.87
2011-11-28,5312.76,3012.93,5745.33
2011-11-29,5337.0,3026.76,5799.91
2011-11-30,5505.42,3154.62,6088.84
2011-12-01,5489.34,3129.95,6035.88
2011-12-02,5552.29,3164.95,6080.68
2011-12-05,5567.96,3201.28,6106.09
2011-12-06,5568.72,3179.63,6028.82
2011-12-07,5546.91,3175.98,5994.73
2011-12-08,5483.77,3095.49,5874.44
2011-12-09,5529.21,3172.35,5986.71
2011-12-12,5427.86,3089.59,5785.43
2011-12-13,5490.15,3078.72,5774.26
2011-12-14,5366.8,2976.17,5675.14
2011-12-15,5400.85,2998.73,5730.62
2011-12-16,5387.34,2972.3,5701.78
2011-12-19,5364.99,2974.2,5670.71
2011-12-20,5419.6,3055.39,5847.03
2011-12-21,5389.74,3030.47,5791.53
2011-12-22,5456.97,3071.8,5852.18
2011-12-23,5512.7,3102.09,5878.93
2011-12-26,,,
2011-12-27,,3103.11,5889.76
2011-12-28,5507.4,3071.08,5771.27
2011-12-29,5566.77,3127.56,5848.78
2011-12-30,5572.28,3159.81,5898.35
2012-01-02,,3222.3,6075.52
2012-01-03,5699.91,3245.4,6166.57
2012-01-04,5668.45,3193.65,6111.55
2012-01-05,5624.26,3144.91,6095.99
2012-01-06,5649.68,3137.36,6057.92
2012-01-09,5612.26,3127.69,6017.23
2012-01-10,5696.7,3210.79,6162.98
2012-01-11,5670.82,3204.83,6152.34
2012-01-12,5662.42,3199.98,6179.21
2012-01-13,5636.64,3196.49,6143.08
2012-01-16,5657.44,3225.0,6220.01
2012-01-17,5693.95,3269.99,6332.93
2012-01-18,5702.37,3264.93,6354.57
2012-01-19,5741.15,3328.94,6416.26
2012-01-20,5728.55,3321.5,6404.39
2012-01-23,5782.56,3338.42,6436.62
2012-01-24,5751.9,3322.65,6419.22
2012-01-25,5723.0,3312.48,6421.85
2012-01-26,5795.2,3363.23,6539.85
2012-01-27,5733.45,3318.76,6511.98
2012-01-30,5671.09,3265.64,6444.45
2012-01-31,5681.61,3298.55,6458.91
2012-02-01,5790.72,3367.46,6616.64
2012-02-02,5796.07,3376.66,6655.63
2012-02-03,5901.07,3427.92,6766.67
2012-02-06,5892.2,3405.27,6764.83
2012-02-07,5890.26,3411.54,6754.2
2012-02-08,5875.93,3410.0,6748.76
2012-02-09,5895.47,3424.71,6788.8
2012-02-10,5852.39,3373.14,6692.96
2012-02-13,5905.7,3384.55,6738.47
2012-02-14,5899.87,3375.64,6728.19
2012-02-15,5892.16,3390.35,6757.94
2012-02-16,5885.38,3393.25,6751.96
2012-02-17,5905.07,3439.62,6848.03
2012-02-20,5945.25,3472.54,6948.25
2012-02-21,5928.2,3465.24,6908.18
2012-02-22,5916.55,3447.37,6843.87
2012-02-23,5937.89,3447.31,6809.46
2012-02-24,5935.13,3467.03,6864.43
2012-02-27,5915.55,3441.45,6849.6
2012-02-28,5927.91,3453.99,6887.63
2012-02-29,5871.51,3452.45,6856.08
2012-03-01,5931.25,3499.73,6941.77
2012-03-02,5911.13,3501.17,6921.37
2012-03-05,5874.82,3487.54,6866.46
2012-03-06,5765.8,3362.56,6633.11
2012-03-07,5791.41,3392.33,6671.11
2012-03-08,5859.73,3478.36,6834.54
2012-03-09,5887.49,3487.48,6880.21
2012-03-12,5892.75,3490.06,6901.35
2012-03-13,5955.91,3550.16,6995.91
2012-03-14,5945.43,3564.51,7079.42
2012-03-15,5940.72,3580.21,7144.45
2012-03-16,5965.58,3594.83,7157.82
2012-03-19,5961.11,3577.88,7154.22
2012-03-20,5891.41,3530.83,7054.94
2012-03-21,5891.95,3527.37,7071.32
2012-03-22,5845.65,3472.46,6981.26
2012-03-23,5854.89,3476.18,6995.62
2012-03-26,5902.7,3501.98,7079.23
2012-03-27,5869.55,3469.59,7078.9
2012-03-28,5808.99,3430.15,6998.8
2012-03-29,5742.03,3381.12,6875.15
2012-03-30,5768.45,3423.81,6946.83
2012-04-02,5874.89,3462.91,7056.65
2012-04-03,5838.34,3406.78,6982.28
2012-04-04,5703.77,3313.47,6784.06
2012-04-05,5723.67,3319.81,6775.26
2012-04-06,,,
2012-04-09,,,
2012-04-10,5595.55,3217.6,6606.43
2012-04-11,5634.74,3237.69,6674.73
2012-04-12,5710.46,3269.79,6743.24
2012-04-13,5651.79,3189.09,6583.9
2012-04-16,5666.28,3205.28,6625.19
2012-04-17,5766.95,3292.51,6801.0
2012-04-18,5745.29,3240.29,6732.03
2012-04-19,5744.55,3174.02,6671.22
2012-04-20,5772.15,3188.58,6750.12
2012-04-23,5665.57,3098.37,6523.0
2012-04-24,5709.49,3169.32,6590.41
2012-04-25,5718.89,3233.46,6704.5
2012-04-26,5748.72,3229.32,6739.9
2012-04-27,5777.11,3266.27,6801.32
2012-04-30,5737.78,3212.8,6761.19
2012-05-01,5812.23,,
2012-05-02,5758.11,3226.33,6710.77
2012-05-03,5766.55,3223.36,6694.44
2012-05-04,5655.06,3161.97,6561.47
2012-05-07,,3214.22,6569.48
2012-05-08,5554.55,3124.8,6444.74
2012-05-09,5530.05,3118.65,6475.31
2012-05-10,5543.95,3130.17,6518.0
2012-05-11,5575.52,3129.77,6579.93
2012-05-14,5465.52,3057.99,6451.97
2012-05-15,5437.62,3039.27,6401.06
2012-05-16,5405.25,3048.67,6384.26
2012-05-17,5338.38,3011.99,6308.96
2012-05-18,5267.62,3008.0,6271.22
2012-05-21,5304.48,3027.15,6331.04
2012-05-22,5403.28,3084.09,6435.6
2012-05-23,5266.41,3003.27,6285.75
2012-05-24,5350.05,3038.25,6315.89
2012-05-25,5351.53,3047.94,6339.94
2012-05-28,5356.34,3042.97,6323.19
2012-05-29,5391.14,3084.7,6396.84
2012-05-30,5297.28,3015.58,6280.8
2012-05-31,5320.86,3017.01,6264.38
2012-06-01,5260.19,2950.47,6050.29
2012-06-04,,2954.49,5978.23
2012-06-05,,2986.1,5969.4
2012-06-06,5384.11,3058.44,6093.99
2012-06-07,5447.79,3071.16,6144.22
2012-06-08,5435.08,3051.69,6130.82
2012-06-11,5432.37,3042.76,6141.05
2012-06-12,5473.74,3046.91,6161.24
2012-06-13,5483.81,3030.04,6152.49
2012-06-14,5467.05,3032.45,6138.61
2012-06-15,5478.81,3087.62,6229.41
2012-06-18,5491.09,3066.19,6248.2
2012-06-19,5586.31,3117.92,6363.36
2012-06-20,5622.29,3126.52,6392.13
2012-06-21,5566.36,3114.22,6343.13
2012-06-22,5513.69,3090.9,6263.25
2012-06-25,5450.65,3021.64,6132.39
2012-06-26,5446.96,3012.71,6136.69
2012-06-27,5523.92,3063.12,6228.99
2012-06-28,5493.06,3051.68,6149.91
2012-06-29,5571.15,3196.65,6416.28
2012-07-02,5640.64,3240.2,6496.08
2012-07-03,5687.73,3271.2,6578.21
2012-07-04,5684.47,3267.75,6564.8
2012-07-05,5692.63,3229.36,6535.56
2012-07-06,5662.63,3168.79,6410.11
2012-07-09,5627.33,3156.8,6387.57
2012-07-10,5664.07,3175.41,6438.33
2012-07-11,5664.48,3157.25,6453.85
2012-07-12,5608.25,3135.18,6419.35
2012-07-13,5666.13,3180.81,6557.1
2012-07-16,5662.43,3179.9,6565.72
2012-07-17,5629.09,3176.97,6577.64
2012-07-18,5685.77,3235.4,6684.42
2012-07-19,5714.19,3263.64,6758.39
2012-07-20,5651.77,3193.89,6630.02
2012-07-23,5533.87,3101.53,6419.33
2012-07-24,5499.23,3074.68,6390.41
2012-07-25,5498.32,3081.74,6406.52
2012-07-26,5573.16,3207.12,6582.96
2012-07-27,5627.21,3280.19,6689.4
2012-07-30,5693.63,3320.71,6774.06
2012-07-31,5635.28,3291.66,6772.26
2012-08-01,5712.82,3321.56,6754.46
2012-08-02,5662.3,3232.46,6606.09
2012-08-03,5787.28,3374.19,6865.66
2012-08-06,5808.77,3401.56,6918.72
2012-08-07,5841.24,3453.28,6967.95
2012-08-08,5845.92,3438.26,6966.15
2012-08-09,5851.51,3456.71,6964.99
2012-08-10,5847.11,3435.62,6944.56
2012-08-13,5831.88,3426.41,6909.68
2012-08-14,5864.78,3450.27,6974.39
2012-08-15,5833.04,3449.2,6946.8
2012-08-16,5834.51,3480.49,6996.29
2012-08-17,5852.42,3488.38,7040.88
2012-08-20,5824.37,3480.58,7033.68
2012-08-21,5857.52,3513.28,7089.32
2012-08-22,5774.2,3461.65,7017.75
2012-08-23,5776.6,3432.56,6949.57
2012-08-24,5776.6,3433.21,6971.07
2012-08-27,,3462.83,7047.45
2012-08-28,5775.71,3431.55,7002.68
2012-08-29,5743.53,3413.89,7010.57
2012-08-30,5719.45,3379.11,6895.49
2012-08-31,5711.48,3413.07,6970.79
2012-09-03,5758.41,3453.71,7014.83
2012-09-04,5672.01,3399.04,6932.58
2012-09-05,5657.86,3405.79,6964.69
2012-09-06,5777.34,3509.88,7167.33
2012-09-07,5794.8,3519.05,7214.5
2012-09-10,5793.2,3506.05,7213.7
2012-09-11,5792.19,3537.3,7310.11
2012-09-12,5782.08,3543.79,7343.53
2012-09-13,5819.92,3502.09,7310.32
2012-09-14,5915.55,3581.58,7412.13
2012-09-17,5893.52,3553.69,7403.69
2012-09-18,5868.16,3512.69,7347.69
2012-09-19,5888.48,3531.82,7390.76
2012-09-20,5854.64,3509.92,7389.49
2012-09-21,5852.62,3530.72,7451.62
2012-09-24,5838.84,3497.22,7413.16
2012-09-25,5859.71,3513.81,7425.11
2012-09-26,5768.09,3414.84,7276.51
2012-09-27,5779.42,3439.32,7290.02
2012-09-28,5742.07,3354.82,7216.15
2012-10-01,5820.45,3434.98,7326.73
2012-10-02,5809.45,3414.23,7305.86
2012-10-03,5825.81,3406.02,7322.08
2012-10-04,5827.78,3401.2,7305.21
2012-10-05,5871.02,3457.04,7397.87
2012-10-08,5841.74,3406.53,7291.21
2012-10-09,5810.25,3382.78,7234.53
2012-10-10,5776.71,3365.87,7205.23
2012-10-11,5829.75,3413.72,7281.7
2012-10-12,5793.32,3389.08,7232.49
2012-10-15,5805.61,3420.28,7261.25
2012-10-16,5870.54,3500.94,7376.27
2012-10-17,5910.91,3527.5,7394.55
2012-10-18,5917.05,3535.18,7437.23
2012-10-19,5896.15,3504.56,7380.64
2012-10-22,5882.91,3483.25,7328.05
2012-10-23,5797.91,3406.5,7173.69
2012-10-24,5804.78,3426.49,7192.85
2012-10-25,5805.05,3411.53,7200.23
2012-10-26,5806.71,3435.09,7231.85
2012-10-29,5795.1,3408.89,7203.16
2012-10-30,5849.9,3459.44,7284.4
2012-10-31,5782.7,3429.27,7260.63
2012-11-01,5861.92,3475.4,7335.67
2012-11-02,5868.55,3492.46,7363.85
2012-11-05,5839.06,3448.5,7326.47
2012-11-06,5884.9,3478.66,7377.76
2012-11-07,5791.63,3409.59,7232.83
2012-11-08,5776.05,3407.68,7204.96
2012-11-09,5769.68,3423.57,7163.5
2012-11-12,5767.27,3411.65,7168.76
2012-11-13,5786.25,3430.6,7169.12
2012-11-14,5722.01,3400.02,7101.92
2012-11-15,5677.75,3382.4,7043.42
2012-11-16,5605.59,3341.52,6950.53
2012-11-19,5737.66,3439.58,7123.84
2012-11-20,5748.1,3462.06,7172.99
2012-11-21,5752.03,3477.36,7184.71
2012-11-22,5791.03,3498.22,7244.99
2012-11-23,5819.14,3528.8,7309.13
2012-11-26,5786.72,3500.94,7292.03
2012-11-27,5799.71,3502.13,7332.33
2012-11-28,5803.28,3515.19,7343.41
2012-11-29,5870.3,3568.88,7400.96
2012-11-30,5866.82,3557.28,7405.5
2012-12-03,5871.24,3566.59,7435.21
2012-12-04,5869.04,3580.48,7435.12
2012-12-05,5892.08,3590.5,7454.55
2012-12-06,5901.42,3601.65,7534.54
2012-12-07,5914.4,3605.61,7517.8
2012-12-10,5921.63,3612.1,7530.92
2012-12-11,5924.97,3646.15,7589.75
2012-12-12,5945.85,3646.66,7614.79
2012-12-13,5929.61,3643.13,7581.98
2012-12-14,5921.76,3643.28,7596.47
2012-12-17,5912.15,3638.1,7604.94
2012-12-18,5935.9,3648.63,7653.58
2012-12-19,5961.59,3664.59,7668.5
2012-12-20,5958.34,3666.73,7672.1
2012-12-21,5939.99,3661.4,7636.23
2012-12-24,5954.18,3652.61,
2012-12-25,,,
2012-12-26,,,
2012-12-27,5954.3,3674.26,7655.88
2012-12-28,5925.37,3620.25,7612.39
2012-12-31,5897.81,3641.07,
2013-01-02,6027.37,3733.93,7778.78
2013-01-03,6047.34,3721.17,7756.44
2013-01-04,6089.84,3730.02,7776.37
2013-01-07,6064.58,3704.64,7732.66
2013-01-08,6053.63,3705.88,7695.83
2013-01-09,6098.65,3717.45,7720.47
2013-01-10,6101.51,3703.12,7708.47
2013-01-11,6121.58,3706.02,7715.53
2013-01-14,6107.86,3708.25,7729.52
2013-01-15,6117.31,3697.35,7675.91
2013-01-16,6103.98,3708.49,7691.13
2013-01-17,6132.36,3744.11,7735.46
2013-01-18,6154.41,3741.58,7702.23
2013-01-21,6180.98,3763.03,7748.86
2013-01-22,6179.17,3741.01,7696.21
2013-01-23,6197.64,3726.17,7707.54
2013-01-24,6264.91,3752.17,7748.13
2013-01-25,6284.45,3778.16,7857.97
2013-01-28,6294.41,3780.89,7833.0
2013-01-29,6339.19,3785.82,7848.57
2013-01-30,6323.11,3765.52,7811.31
2013-01-31,6276.88,3732.6,7776.05
2013-02-01,6347.24,3773.53,7833.39
2013-02-04,6246.84,3659.91,7638.23
2013-02-05,6282.76,3694.7,7664.66
2013-02-06,6295.34,3642.9,7581.18
2013-02-07,6228.42,3601.05,7590.85
2013-02-08,6263.93,3649.5,7652.14
2013-02-11,6277.06,3650.58,7633.74
2013-02-12,6338.38,3686.58,7660.19
2013-02-13,6359.11,3698.53,7711.89
2013-02-14,6327.36,3669.6,7631.19
2013-02-15,6328.26,3660.37,7593.51
2013-02-18,6318.19,3667.04,7628.73
2013-02-19,6379.07,3735.82,7752.45
2013-02-20,6395.37,3709.88,7728.9
2013-02-21,6291.54,3624.8,7583.57
2013-02-22,6335.7,3706.28,7661.91
2013-02-25,6355.37,3721.33,7773.19
2013-02-26,6270.44,3621.92,7597.11
2013-02-27,6325.88,3691.49,7675.83
2013-02-28,6360.81,3723.0,7741.7
2013-03-01,6378.6,3699.91,7708.16
2013-03-04,6345.63,3709.76,7691.68
2013-03-05,6431.95,3787.19,7870.31
2013-03-06,6427.64,3773.76,7919.33
2013-03-07,6439.16,3793.78,7939.77
2013-03-08,6483.58,3840.15,7986.47
2013-03-11,6503.63,3836.27,7984.29
2013-03-12,6510.62,3839.97,7966.12
2013-03-13,6481.5,3836.04,7970.91
2013-03-14,6529.41,3871.58,8058.37
2013-03-15,6489.65,3844.03,8042.85
2013-03-18,6457.92,3825.47,8010.7
2013-03-19,6441.32,3775.75,7947.79
2013-03-20,6432.7,3829.56,8001.97
2013-03-21,6388.55,3774.85,7932.51
2013-03-22,6392.76,3770.29,7911.35
2013-03-25,6378.38,3727.98,7870.9
2013-03-26,6399.37,3748.64,7879.67
2013-03-27,6387.56,3711.64,7789.09
2013-03-28,6411.74,3731.42,7795.31
2013-03-29,,,
2013-04-01,,,
2013-04-02,6490.66,3805.37,7943.87
2013-04-03,6420.28,3754.96,7874.75
2013-04-04,6344.12,3726.16,7817.39
2013-04-05,6249.78,3663.48,7658.75
2013-04-08,6276.94,3666.78,7662.64
2013-04-09,6313.21,3670.72,7637.51
2013-04-10,6387.37,3743.71,7810.63
2013-04-11,6416.14,3775.66,7871.63
2013-04-12,6384.39,3729.3,7744.77
2013-04-15,6343.6,3710.48,7712.63
2013-04-16,6304.58,3685.79,7682.58
2013-04-17,6244.21,3599.23,7503.03
2013-04-18,6243.67,3599.36,7473.73
2013-04-19,6286.59,3651.96,7459.96
2013-04-22,6280.62,3652.13,7478.11
2013-04-23,6406.12,3783.05,7658.21
2013-04-24,6431.76,3842.94,7759.03
2013-04-25,6442.59,3840.47,7832.86
2013-04-26,6426.42,3810.05,7814.76
2013-04-29,6458.02,3868.68,7873.5
2013-04-30,6430.12,3856.75,7913.71
2013-05-01,6451.29,,
2013-05-02,6460.71,3858.76,7961.71
2013-05-03,6521.46,3912.95,8122.29
2013-05-06,,3907.04,8112.08
2013-05-07,6557.3,3921.32,8181.78
2013-05-08,6583.48,3956.28,8249.71
2013-05-09,6592.74,3928.58,8262.55
2013-05-10,6624.98,3953.83,8278.59
2013-05-13,6631.76,3945.2,8279.29
2013-05-14,6686.06,3966.06,8339.11
2013-05-15,6693.55,3982.23,8362.42
2013-05-16,6687.8,3979.07,8369.87
2013-05-17,6723.06,4001.27,8398.0
2013-05-20,6755.63,4022.85,8455.83
2013-05-21,6803.87,4036.18,8472.2
2013-05-22,6840.27,4051.11,8530.89
2013-05-23,6696.79,3967.15,8351.98
2013-05-24,6654.34,3956.79,8305.32
2013-05-27,,3995.16,8383.3
2013-05-28,6762.01,4050.56,8480.87
2013-05-29,6627.17,3974.12,8336.58
2013-05-30,6656.99,3996.31,8400.2
2013-05-31,6583.09,3948.59,8348.84
2013-06-03,6525.12,3920.67,8285.8
2013-06-04,6558.58,3925.83,8295.96
2013-06-05,6419.31,3852.44,8196.18
2013-06-06,6336.11,3814.28,8098.81
2013-06-07,6411.99,3872.59,8254.68
2013-06-10,6400.45,3864.36,8307.69
2013-06-11,6340.08,3810.56,8222.46
2013-06-12,6299.45,3793.7,8143.27
2013-06-13,6304.63,3797.98,8095.39
2013-06-14,6308.26,3805.16,8127.96
2013-06-17,6330.49,3863.66,8215.73
2013-06-18,6374.21,3860.55,8229.51
2013-06-19,6348.82,3839.34,8197.08
2013-06-20,6159.51,3698.93,7928.48
2013-06-21,6116.17,3658.04,7789.24
2013-06-24,6029.1,3595.63,7692.45
2013-06-25,6101.91,3649.82,7811.3
2013-06-26,6165.48,3726.04,7940.99
2013-06-27,6243.4,3762.19,7990.75
2013-06-28,6215.47,3738.91,7959.22
2013-07-01,6307.78,3767.48,7983.92
2013-07-02,6303.94,3742.57,7910.77
2013-07-03,6229.87,3702.01,7829.32
2013-07-04,6421.67,3809.31,7994.31
2013-07-05,6375.52,3753.85,7806.0
2013-07-08,6450.07,3823.83,7968.54
2013-07-09,6513.08,3843.56,8057.75
2013-07-10,6504.96,3840.53,8066.48
2013-07-11,6543.41,3868.98,8158.8
2013-07-12,6544.94,3855.09,8212.77
2013-07-15,6586.11,3878.58,8234.81
2013-07-16,6556.35,3851.03,8201.05
2013-07-17,6571.93,3872.02,8254.72
2013-07-18,6634.36,3927.79,8337.09
2013-07-19,6630.67,3925.32,8331.57
2013-07-22,6623.17,3939.92,8331.06
2013-07-23,6597.44,3923.09,8314.23
2013-07-24,6620.43,3962.75,8379.11
2013-07-25,6587.95,3956.02,8298.98
2013-07-26,6554.79,3968.84,8244.91
2013-07-29,6560.25,3968.91,8259.03
2013-07-30,6570.95,3986.61,8271.02
2013-07-31,6621.06,3992.69,8275.97
2013-08-01,6681.98,4042.73,8410.73
2013-08-02,6647.87,4045.65,8406.94
2013-08-05,6619.58,4049.97,8398.38
2013-08-06,6604.21,4032.57,8299.73
2013-08-07,6511.21,4038.49,8260.48
2013-08-08,6529.68,4064.32,8318.32
2013-08-09,6583.39,4076.55,8338.31
2013-08-12,6574.34,4071.68,8359.25
2013-08-13,6611.94,4092.5,8415.76
2013-08-14,6587.43,4114.2,8438.12
2013-08-15,6483.34,4093.2,8376.29
2013-08-16,6499.99,4123.89,8391.94
2013-08-19,6465.73,4083.98,8366.29
2013-08-20,6453.46,4028.93,8300.03
2013-08-21,6390.84,4015.09,8285.41
2013-08-22,6446.87,4059.12,8397.89
2013-08-23,6492.1,4069.47,8416.99
2013-08-26,,4067.13,8435.15
2013-08-27,6440.97,3968.73,8242.56
2013-08-28,6430.06,3960.46,8157.9
2013-08-29,6483.05,3986.35,8194.55
2013-08-30,6412.93,3933.78,8103.15
2013-09-02,6506.19,4006.01,8243.87
2013-09-03,6468.41,3974.07,8180.71
2013-09-04,6474.74,3980.42,8195.92
2013-09-05,6532.44,4006.8,8234.98
2013-09-06,6547.33,4049.19,8275.67
2013-09-09,6530.74,4040.33,8276.32
2013-09-10,6583.99,4116.64,8446.54
2013-09-11,6588.43,4119.11,8495.73
2013-09-12,6588.98,4106.63,8494.0
2013-09-13,6583.8,4114.5,8509.42
2013-09-16,6622.86,4152.22,8613.0
2013-09-17,6570.17,4145.51,8596.95
2013-09-18,6558.82,4170.4,8636.06
2013-09-19,6625.39,4206.04,8694.18
2013-09-20,6596.43,4203.66,8675.73
2013-09-23,6557.37,4172.08,8635.29
2013-09-24,6571.46,4195.61,8664.6
2013-09-25,6551.53,4195.35,8665.63
2013-09-26,6565.59,4186.72,8664.1
2013-09-27,6512.66,4186.77,8661.51
2013-09-30,6462.22,4143.44,8594.4
2013-10-01,6460.01,4196.6,8689.14
2013-10-02,6437.5,4158.16,8629.42
2013-10-03,6449.04,4127.98,8597.91
2013-10-04,6453.88,4164.25,8622.97
2013-10-07,6437.28,4165.58,8591.58
2013-10-08,6365.83,4133.53,8555.89
2013-10-09,6337.91,4127.05,8516.69
2013-10-10,6430.49,4218.11,8685.77
2013-10-11,6487.19,4219.98,8724.83
2013-10-14,6507.65,4222.96,8723.81
2013-10-15,6549.11,4256.02,8804.44
2013-10-16,6571.59,4243.72,8846.0
2013-10-17,6576.16,4239.64,8811.98
2013-10-18,6622.58,4286.03,8865.1
2013-10-21,6654.2,4276.92,8867.22
2013-10-22,6695.66,4295.43,8947.46
2013-10-23,6674.48,4260.66,8919.86
2013-10-24,6713.18,4275.69,8980.63
2013-10-25,6721.34,4272.31,8985.74
2013-10-28,6725.82,4251.61,8978.65
2013-10-29,6774.73,4278.09,9022.04
2013-10-30,6777.7,4274.11,9010.27
2013-10-31,6731.43,4299.89,9033.92
2013-11-01,6734.74,4273.19,9007.83
2013-11-04,6763.62,4288.59,9037.23
2013-11-05,6746.84,4253.34,9009.11
2013-11-06,6741.69,4286.93,9040.87
2013-11-07,6697.22,4280.99,9081.03
2013-11-08,6708.42,4260.44,9078.28
2013-11-11,6728.37,4290.14,9107.86
2013-11-12,6726.79,4263.78,9076.48
2013-11-13,6630.0,4239.94,9054.83
2013-11-14,6666.13,4283.91,9149.66
2013-11-15,6693.44,4292.23,9168.69
2013-11-18,6723.46,4320.68,9225.43
2013-11-19,6698.01,4272.29,9193.29
2013-11-20,6681.08,4268.37,9202.07
2013-11-21,6681.33,4253.9,9196.08
2013-11-22,6674.3,4278.53,9219.04
2013-11-25,6694.62,4301.97,9299.95
2013-11-26,6636.22,4277.57,9290.07
2013-11-27,6649.47,4293.06,9351.13
2013-11-28,6654.47,4302.42,9387.37
2013-11-29,6650.57,4295.21,9405.3
2013-12-02,6595.33,4285.81,9401.96
2013-12-03,6532.43,4172.44,9223.4
2013-12-04,6509.97,4148.52,9140.63
2013-12-05,6498.33,4099.91,9084.95
2013-12-06,6551.99,4129.37,9172.41
2013-12-09,6559.48,4134.1,9195.17
2013-12-10,6523.31,4091.14,9114.44
2013-12-11,6507.72,4086.86,9077.11
2013-12-12,6445.25,4069.12,9017.0
2013-12-13,6439.96,4059.71,9006.46
2013-12-16,6522.2,4119.88,9163.56
2013-12-17,6486.19,4068.64,9085.12
2013-12-18,6492.08,4109.51,9181.75
2013-12-19,6584.7,4177.03,9335.74
2013-12-20,6606.58,4193.77,9400.18
2013-12-23,6678.61,4215.29,9488.82
2013-12-24,6694.17,4218.41,
2013-12-25,,,
2013-12-26,,,
2013-12-27,6750.87,4277.65,9589.39
2013-12-30,6731.27,4275.71,9552.16
2013-12-31,6749.09,4295.95,
2014-01-02,6717.91,4227.28,9400.04
2014-01-03,6730.67,4247.65,9435.15
2014-01-06,6730.73,4227.54,9428.0
2014-01-07,6755.45,4262.68,9506.2
2014-01-08,6721.78,4260.96,9497.84
2014-01-09,6691.34,4225.14,9421.61
2014-01-10,6739.94,4250.6,9473.24
2014-01-13,6757.15,4263.27,9510.17
2014-01-14,6766.86,4274.2,9540.51
2014-01-15,6819.86,4332.07,9733.81
2014-01-16,6815.42,4319.27,9717.71
2014-01-17,6829.3,4327.5,9742.96
2014-01-20,6836.73,4322.86,9715.9
2014-01-21,6834.26,4323.87,9730.12
2014-01-22,6826.33,4324.98,9720.11
2014-01-23,6773.28,4280.96,9631.04
2014-01-24,6663.74,4161.47,9392.02
2014-01-27,6550.66,4144.56,9349.22
2014-01-28,6572.33,4185.29,9406.91
2014-01-29,6544.28,4156.98,9336.73
2014-01-30,6538.45,4180.02,9373.48
2014-01-31,6510.44,4165.72,9306.48
2014-02-03,6465.66,4107.75,9186.52
2014-02-04,6449.27,4117.45,9127.91
2014-02-05,6457.89,4117.79,9116.32
2014-02-06,6558.28,4188.1,9256.58
2014-02-07,6571.68,4228.18,9301.92
2014-02-10,6591.55,4237.13,9289.86
2014-02-11,6672.66,4283.32,9478.77
2014-02-12,6675.03,4305.5,9540.0
2014-02-13,6659.42,4312.8,9596.77
2014-02-14,6663.62,4340.14,9662.4
2014-02-17,6736.0,4335.17,9656.76
2014-02-18,6796.43,4330.71,9659.78
2014-02-19,6796.71,4341.1,9660.05
2014-02-20,6812.99,4355.49,9618.85
2014-02-21,6838.06,4381.06,9656.95
2014-02-24,6865.86,4419.13,9708.94
2014-02-25,6830.5,4414.55,9699.35
2014-02-26,6799.15,4396.91,9661.73
2014-02-27,6810.27,4396.39,9588.33
2014-02-28,6809.7,4408.08,9692.08
2014-03-03,6708.35,4290.87,9358.89
2014-03-04,6823.77,4395.9,9589.15
2014-03-05,6775.42,4391.25,9542.02
2014-03-06,6788.49,4417.04,9542.87
2014-03-07,6712.67,4366.42,9350.75
2014-03-10,6689.45,4370.84,9265.5
2014-03-11,6685.52,4349.72,9307.79
2014-03-12,6620.9,4306.26,9188.69
2014-03-13,6553.78,4250.51,9017.79
2014-03-14,6527.89,4216.37,9056.41
2014-03-17,6568.35,4271.96,9180.89
2014-03-18,6605.28,4313.26,9242.55
2014-03-19,6573.13,4308.06,9277.05
2014-03-20,6542.44,4327.91,9296.12
2014-03-21,6557.17,4335.28,9342.94
2014-03-24,6520.39,4276.34,9188.77
2014-03-25,6604.89,4344.12,9338.4
2014-03-26,6605.3,4385.15,9448.58
2014-03-27,6588.32,4379.06,9451.21
2014-03-28,6615.58,4411.26,9587.19
2014-03-31,6598.37,4391.5,9555.91
2014-04-01,6652.61,4426.72,9603.71
2014-04-02,6659.04,4430.86,9623.36
2014-04-03,6649.14,4449.33,9628.82
2014-04-04,6695.55,4484.55,9695.77
2014-04-07,6622.84,4436.08,9510.85
2014-04-08,6590.69,4424.83,9490.79
2014-04-09,6635.61,4442.68,9506.35
2014-04-10,6641.97,4413.49,9454.54
2014-04-11,6561.7,4365.86,9315.29
2014-04-14,6583.76,4384.56,9339.17
2014-04-15,6541.61,4345.35,9173.71
2014-04-16,6584.17,4405.66,9317.82
2014-04-17,6625.25,4431.81,9409.71
2014-04-18,,,
2014-04-21,,,
2014-04-22,6681.76,4484.21,9600.09
2014-04-23,6674.74,4451.08,9544.19
2014-04-24,6703.0,4479.54,9548.68
2014-04-25,6685.69,4443.63,9401.55
2014-04-28,6700.16,4460.53,9446.36
2014-04-29,6769.91,4497.68,9584.12
2014-04-30,6780.03,4487.39,9603.23
2014-05-01,6808.87,,
2014-05-02,6822.42,4458.17,9556.02
2014-05-05,,4462.69,9529.5
2014-05-06,6798.56,4428.07,9467.53
2014-05-07,6796.44,4446.44,9521.3
2014-05-08,6839.25,4507.24,9607.4
2014-05-09,6814.57,4477.28,9581.45
2014-05-12,6851.75,4493.65,9702.46
2014-05-13,6873.08,4505.02,9754.43
2014-05-14,6878.49,4501.04,9754.39
2014-05-15,6840.89,4444.93,9656.05
2014-05-16,6855.81,4456.28,9629.1
2014-05-19,6844.55,4469.76,9659.39
2014-05-20,6802.0,4452.35,9639.08
2014-05-21,6821.04,4469.03,9697.87
2014-05-22,6820.56,4478.21,9720.91
2014-05-23,6815.75,4493.15,9768.01
2014-05-26,,4526.93,9892.82
2014-05-27,6844.94,4529.75,9940.82
2014-05-28,6851.22,4531.63,9939.17
2014-05-29,6871.29,4530.51,9938.9
2014-05-30,6844.51,4519.57,9943.27
2014-06-02,6864.1,4515.89,9950.12
2014-06-03,6836.3,4503.69,9919.74
2014-06-04,6818.63,4501.0,9926.67
2014-06-05,6813.49,4548.73,9947.83
2014-06-06,6858.21,4581.12,9987.19
2014-06-09,6875.0,4589.12,10008.63
2014-06-10,6873.55,4595.0,10028.8
2014-06-11,6838.87,4555.11,9949.81
2014-06-12,6843.11,4554.4,9938.7
2014-06-13,6777.85,4543.28,9912.87
2014-06-16,6754.64,4510.05,9883.98
2014-06-17,6766.77,4536.07,9920.32
2014-06-18,6778.56,4530.37,9930.33
2014-06-19,6808.11,4563.04,10004.0
2014-06-20,6825.2,4541.34,9987.24
2014-06-23,6800.56,4515.57,9920.92
2014-06-24,6787.07,4518.34,9938.08
2014-06-25,6733.62,4460.6,9867.75
2014-06-26,6735.12,4439.63,9804.9
2014-06-27,6757.77,4436.99,9815.17
2014-06-30,6743.94,4422.84,9833.07
2014-07-01,6802.92,4461.12,9902.41
2014-07-02,6816.37,4444.72,9911.27
2014-07-03,6865.21,4489.88,10029.43
2014-07-04,6866.05,4468.98,10009.08
2014-07-07,6823.51,4405.76,9906.07
2014-07-08,6738.45,4342.53,9772.67
2014-07-09,6718.04,4359.84,9808.2
2014-07-10,6672.37,4301.26,9659.13
2014-07-11,6690.17,4316.5,9666.34
2014-07-14,6746.14,4350.04,9783.01
2014-07-15,6710.45,4305.31,9719.41
2014-07-16,6784.67,4369.06,9859.27
2014-07-17,6738.32,4316.12,9753.88
2014-07-18,6749.45,4335.31,9720.02
2014-07-21,6728.44,4304.74,9612.05
2014-07-22,6795.34,4369.52,9734.33
2014-07-23,6798.15,4376.32,9753.56
2014-07-24,6821.46,4410.65,9794.06
2014-07-25,6791.55,4330.55,9644.01
2014-07-28,6788.07,4344.77,9598.17
2014-07-29,6807.75,4365.58,9653.63
2014-07-30,6773.44,4312.3,9593.68
2014-07-31,6730.11,4246.14,9407.48
2014-08-01,6679.18,4202.78,9210.08
2014-08-04,6677.52,4217.22,9154.14
2014-08-05,6682.48,4232.88,9189.74
2014-08-06,6636.16,4207.14,9130.04
2014-08-07,6597.37,4149.83,9038.97
2014-08-08,6567.36,4147.81,9009.32
2014-08-11,6632.82,4197.7,9180.74
2014-08-12,6632.42,4162.16,9069.47
2014-08-13,6656.68,4194.79,9198.88
2014-08-14,6685.26,4205.43,9225.1
2014-08-15,6689.08,4174.36,9092.6
2014-08-18,6741.25,4230.65,9245.33
2014-08-19,6779.31,4254.45,9334.28
2014-08-20,6755.48,4240.79,9314.57
2014-08-21,6777.66,4292.93,9401.53
2014-08-22,6775.25,4252.8,9339.17
2014-08-25,,4342.11,9510.14
2014-08-26,6822.76,4393.41,9588.15
2014-08-27,6830.66,4395.26,9569.71
2014-08-28,6805.8,4366.04,9462.56
2014-08-29,6819.75,4381.04,9470.17
2014-09-01,6825.31,4379.73,9479.03
2014-09-02,6829.17,4378.33,9507.02
2014-09-03,6873.58,4421.87,9626.49
2014-09-04,6877.97,4494.94,9724.26
2014-09-05,6855.1,4486.49,9747.02
2014-09-08,6834.77,4474.93,9758.03
2014-09-09,6829.0,4452.37,9710.7
2014-09-10,6830.11,4450.79,9700.17
2014-09-11,6799.62,4440.9,9691.28
2014-09-12,6806.96,4441.7,9651.13
2014-09-15,6804.21,4428.63,9659.63
2014-09-16,6792.24,4409.15,9632.93
2014-09-17,6780.9,4431.41,9661.5
2014-09-18,6819.29,4464.7,9798.13
2014-09-19,6837.92,4461.22,9799.26
2014-09-22,6773.63,4442.55,9749.54
2014-09-23,6676.08,4359.35,9595.03
2014-09-24,6706.27,4413.72,9661.97
2014-09-25,6639.71,4355.28,9510.01
2014-09-26,6649.39,4394.75,9490.55
2014-09-29,6646.6,4358.07,9422.91
2014-09-30,6622.72,4416.24,9474.3
2014-10-01,6557.52,4365.27,9382.03
2014-10-02,6446.39,4242.67,9195.68
2014-10-03,6527.91,4281.74,
2014-10-06,6563.65,4286.52,9209.51
2014-10-07,6495.58,4209.14,9086.21
2014-10-08,6482.24,4168.12,8995.33
2014-10-09,6431.85,4141.45,9005.02
2014-10-10,6339.97,4073.71,8788.81
2014-10-13,6366.24,4078.7,8812.43
2014-10-14,6392.68,4088.25,8825.21
2014-10-15,6211.64,3939.72,8571.95
2014-10-16,6195.91,3918.62,8582.9
2014-10-17,6310.29,4033.18,8850.27
2014-10-20,6267.07,3991.24,8717.76
2014-10-21,6372.33,4081.24,8886.96
2014-10-22,6399.73,4105.09,8940.14
2014-10-23,6419.15,4157.68,9047.31
2014-10-24,6388.73,4128.9,8987.8
2014-10-27,6363.46,4096.74,8902.61
2014-10-28,6402.17,4112.67,9068.19
2014-10-29,6453.87,4110.64,9082.81
2014-10-30,6463.55,4141.24,9114.84
2014-10-31,6546.47,4233.09,9326.87
2014-11-03,6487.97,4194.03,9251.7
2014-11-04,6453.97,4130.19,9166.47
2014-11-05,6539.14,4208.42,9315.48
2014-11-06,6551.15,4227.68,9377.41
2014-11-07,6567.24,4189.89,9291.83
2014-11-10,6611.25,4222.82,9351.87
2014-11-11,6627.4,4244.1,9369.03
2014-11-12,6611.04,4179.88,9210.96
2014-11-13,6635.45,4187.95,9248.51
2014-11-14,6654.37,4202.46,9252.94
2014-11-17,6671.97,4226.1,9306.35
2014-11-18,6709.13,4262.38,9456.53
2014-11-19,6696.6,4266.19,9472.8
2014-11-20,6678.9,4234.21,9483.97
2014-11-21,6750.76,4347.23,9732.55
2014-11-24,6729.79,4368.44,9785.54
2014-11-25,6731.14,4382.31,9861.21
2014-11-26,6729.17,4373.42,9915.56
2014-11-27,6723.42,4382.34,9974.87
2014-11-28,6722.62,4390.18,9980.85
2014-12-01,6656.37,4377.33,9963.51
2014-12-02,6742.1,4388.3,9934.08
2014-12-03,6716.63,4391.86,9971.79
2014-12-04,6679.37,4323.89,9851.35
2014-12-05,6742.84,4419.48,10087.12
2014-12-08,6672.15,4375.48,10014.99
2014-12-09,6529.47,4263.94,9793.71
2014-12-10,6500.04,4227.91,9799.73
2014-12-11,6461.7,4225.86,9862.53
2014-12-12,6300.63,4108.93,9594.73
2014-12-15,6182.72,4005.38,9334.01
2014-12-16,6331.83,4093.2,9563.89
2014-12-17,6336.48,4111.91,9544.43
2014-12-18,6466.0,4249.49,9811.06
2014-12-19,6545.27,4241.65,9786.96
2014-12-22,6576.74,4254.43,9865.76
2014-12-23,6598.18,4314.97,9922.11
2014-12-24,6609.93,4295.85,
2014-12-25,,,
2014-12-26,,,
2014-12-29,6633.51,4317.93,9927.13
2014-12-30,6547.0,4245.54,9805.55
2014-12-31,6566.09,4272.75,
2015-01-02,6547.8,4252.29,9764.73
2015-01-05,6417.16,4111.36,9473.16
2015-01-06,6366.51,4083.5,9469.66
2015-01-07,6419.83,4112.73,9518.18
2015-01-08,6569.96,4260.19,9837.61
2015-01-09,6501.14,4179.07,9648.5
2015-01-12,6501.42,4228.24,9781.9
2015-01-13,6542.2,4290.28,9941.0
2015-01-14,6388.46,4223.24,9817.08
2015-01-15,6498.78,4323.2,10032.61
2015-01-16,6550.27,4379.62,10167.77
2015-01-19,6585.53,4394.93,10242.35
2015-01-20,6620.1,4446.02,10257.13
2015-01-21,6728.04,4484.82,10299.23
2015-01-22,6796.63,4552.8,10435.62
2015-01-23,6832.83,4640.69,10649.58
2015-01-26,6852.4,4675.13,10798.33
2015-01-27,6811.61,4624.21,10628.58
2015-01-28,6825.94,4610.94,10710.97
2015-01-29,6810.6,4631.43,10737.87
2015-01-30,6749.4,4604.25,10694.32
2015-02-02,6782.55,4627.67,10828.01
2015-02-03,6871.8,4677.9,10890.95
2015-02-04,6860.02,4696.3,10911.32
2015-02-05,6865.93,4703.3,10905.41
2015-02-06,6853.44,4691.03,10846.39
2015-02-09,6837.15,4651.08,10663.51
2015-02-10,6829.12,4695.65,10753.83
2015-02-11,6818.17,4679.38,10752.11
2015-02-12,6828.11,4726.2,10919.65
2015-02-13,6873.52,4759.36,10963.4
2015-02-16,6857.05,4751.95,10923.23
2015-02-17,6898.13,4753.99,10895.62
2015-02-18,6898.08,4799.03,10961.0
2015-02-19,6888.9,4833.28,11001.94
2015-02-20,6915.2,4830.9,11050.64
2015-02-23,6912.16,4862.3,11130.92
2015-02-24,6949.63,4886.44,11205.74
2015-02-25,6935.38,4882.22,11210.27
2015-02-26,6949.73,4910.62,11327.19
2015-02-27,6946.66,4951.48,11401.66
2015-03-02,6940.64,4917.32,11410.36
2015-03-03,6889.13,4869.25,11280.36
2015-03-04,6919.24,4917.35,11390.38
2015-03-05,6961.14,4963.51,11504.01
2015-03-06,6911.8,4964.35,11550.97
2015-03-09,6876.47,4937.2,11582.11
2015-03-10,6702.84,4881.95,11500.38
2015-03-11,6721.51,4997.75,11805.99
2015-03-12,6761.07,4987.33,11799.39
2015-03-13,6740.58,5010.46,11901.61
2015-03-16,6804.08,5061.16,12167.72
2015-03-17,6837.61,5028.93,11980.85
2015-03-18,6945.2,5033.42,11922.77
2015-03-19,6962.32,5037.18,11899.4
2015-03-20,7022.51,5087.49,12039.37
2015-03-23,7037.67,5054.52,11895.84
2015-03-24,7019.68,5088.28,12005.69
2015-03-25,6990.97,5020.99,11865.32
2015-03-26,6895.33,5006.35,11843.68
2015-03-27,6855.02,5034.06,11868.33
2015-03-30,6891.43,5083.52,12086.01
2015-03-31,6773.04,5033.64,11966.17
2015-04-01,6809.5,5062.22,12001.38
2015-04-02,6833.46,5074.14,11967.39
2015-04-03,,,
2015-04-06,,,
2015-04-07,6961.77,5151.19,12123.52
2015-04-08,6937.41,5136.86,12035.86
2015-04-09,7015.36,5208.95,12166.44
2015-04-10,7089.77,5240.46,12374.73
2015-04-13,7064.3,5254.12,12338.73
2015-04-14,7075.26,5218.06,12227.6
2015-04-15,7096.78,5254.35,12231.34
2015-04-16,7060.45,5224.49,11998.86
2015-04-17,6994.63,5143.26,11688.7
2015-04-20,7052.13,5187.59,11891.91
2015-04-21,7062.93,5192.64,11939.58
2015-04-22,7028.24,5211.09,11867.37
2015-04-23,7053.67,5178.91,11723.58
2015-04-24,7070.7,5201.45,11810.85
2015-04-27,7103.98,5268.91,12039.16
2015-04-28,7030.53,5173.38,11811.66
2015-04-29,6946.28,5039.39,11432.72
2015-04-30,6960.63,5046.49,11454.38
2015-05-01,6985.95,,
2015-05-04,,5081.97,11619.85
2015-05-05,6927.58,4974.07,11327.68
2015-05-06,6933.74,4981.59,11350.15
2015-05-07,6886.95,4967.22,11407.97
2015-05-08,7046.82,5090.39,11709.73
2015-05-11,7029.85,5027.87,11673.35
2015-05-12,6933.8,4974.65,11472.41
2015-05-13,6949.63,4961.86,11351.46
2015-05-14,6973.04,5029.31,11559.82
2015-05-15,6960.49,4993.82,11447.03
2015-05-18,6968.87,5012.31,11594.28
2015-05-19,6995.1,5117.3,11853.33
2015-05-20,7007.26,5133.3,11848.47
2015-05-21,7013.47,5146.7,11864.59
2015-05-22,7031.72,5142.89,11815.01
2015-05-25,,5117.17,
2015-05-26,6948.99,5083.54,11625.13
2015-05-27,7033.33,5182.53,11771.13
2015-05-28,7040.92,5137.83,11677.57
2015-05-29,6984.43,5007.89,11413.82
2015-06-01,6953.58,5025.3,11436.05
2015-06-02,6928.27,5004.46,11328.8
2015-06-03,6950.46,5034.17,11419.62
2015-06-04,6859.24,4987.13,11340.6
2015-06-05,6804.6,4920.74,11197.15
2015-06-08,6790.04,4857.66,11064.92
2015-06-09,6753.8,4850.22,11001.29
2015-06-10,6830.27,4934.91,11265.39
2015-06-11,6846.74,4971.37,11332.78
2015-06-12,6784.92,4901.19,11196.49
2015-06-15,6710.52,4815.36,10984.97
2015-06-16,6710.1,4839.86,11044.01
2015-06-17,6680.55,4790.62,10978.01
2015-06-18,6707.88,4803.48,11100.3
2015-06-19,6710.45,4815.37,11040.1
2015-06-22,6825.67,4998.61,11460.5
2015-06-23,6834.87,5057.68,11542.54
2015-06-24,6844.8,5045.35,11471.26
2015-06-25,6807.82,5041.71,11473.13
2015-06-26,6753.7,5059.17,11492.43
2015-06-29,6620.48,4869.82,11083.2
2015-06-30,6520.98,4790.2,10944.97
2015-07-01,6608.59,4883.19,11180.5
2015-07-02,6630.47,4835.56,11099.35
2015-07-03,6585.78,4808.22,11058.39
2015-07-06,6535.68,4711.54,10890.63
2015-07-07,6432.21,4604.64,10676.78
2015-07-08,6490.7,4639.02,10747.3
2015-07-09,6581.63,4757.22,10996.41
2015-07-10,6673.38,4903.07,11315.63
2015-07-13,6737.95,4998.1,11484.38
2015-07-14,6753.75,5032.47,11516.9
2015-07-15,6753.75,5047.24,11539.66
2015-07-16,6796.45,5121.5,11716.76
2015-07-17,6775.08,5124.39,11673.42
2015-07-20,6788.69,5142.49,11735.72
2015-07-21,6769.07,5106.57,11604.8
2015-07-22,6667.34,5082.57,11520.67
2015-07-23,6655.01,5086.74,11512.11
2015-07-24,6579.81,5057.36,11347.45
2015-07-27,6505.13,4927.6,11056.4
2015-07-28,6555.28,4977.32,11173.91
2015-07-29,6631.0,5017.44,11211.85
2015-07-30,6668.87,5046.42,11257.15
2015-07-31,6696.28,5082.61,11308.99
2015-08-03,6688.62,5120.52,11443.72
2015-08-04,6686.57,5112.14,11456.07
2015-08-05,6752.41,5196.73,11636.3
2015-08-06,6747.09,5192.11,11585.1
2015-08-07,6718.49,5154.75,11490.83
2015-08-10,6736.22,5195.41,11604.78
2015-08-11,6664.54,5099.03,11293.65
2015-08-12,6571.19,4925.43,10924.61
2015-08-13,6568.33,4986.85,11014.63
2015-08-14,6550.74,4956.47,10985.14
2015-08-17,6550.3,4984.83,10940.33
2015-08-18,6526.29,4971.25,10915.92
2015-08-19,6403.45,4884.1,10682.15
2015-08-20,6367.89,4783.55,10432.19
2015-08-21,6187.65,4630.99,10124.52
2015-08-24,5898.87,4383.46,9648.43
2015-08-25,6081.34,4564.86,10128.12
2015-08-26,5979.2,4501.05,9997.43
2015-08-27,6192.03,4658.18,10315.62
2015-08-28,6247.94,4675.13,10298.53
2015-08-31,,4652.95,10259.46
2015-09-01,6058.54,4541.16,10015.57
2015-09-02,6083.31,4554.92,10048.05
2015-09-03,6194.1,4653.79,10317.84
2015-09-04,6042.92,4523.08,10038.04
2015-09-07,6074.52,4549.64,10108.61
2015-09-08,6146.1,4598.26,10271.36
2015-09-09,6229.01,4664.59,10303.12
2015-09-10,6155.81,4596.53,10210.44
2015-09-11,6117.76,4548.72,10123.56
2015-09-14,6084.59,4518.15,10131.74
2015-09-15,6137.6,4569.37,10188.13
2015-09-16,6229.21,4645.84,10227.21
2015-09-17,6186.99,4655.14,10229.58
2015-09-18,6104.11,4535.85,9916.16
2015-09-21,6108.71,4585.5,9948.51
2015-09-22,5935.84,4428.51,9570.66
2015-09-23,6032.24,4432.83,9612.62
2015-09-24,5961.49,4347.24,9427.64
2015-09-25,6109.01,4480.66,9688.53
2015-09-28,5958.86,4357.05,9483.55
2015-09-29,5909.24,4343.73,9450.4
2015-09-30,6061.61,4455.29,9660.44
2015-10-01,6072.47,4426.54,9509.25
2015-10-02,6129.98,4458.88,9553.07
2015-10-05,6298.92,4616.9,9814.79
2015-10-06,6326.16,4660.64,9902.83
2015-10-07,6336.35,4667.34,9970.4
2015-10-08,6374.82,4675.91,9993.07
2015-10-09,6416.16,4701.39,10096.6
2015-10-12,6371.18,4688.7,10119.83
2015-10-13,6342.28,4643.38,10032.82
2015-10-14,6269.61,4609.03,9915.85
2015-10-15,6338.67,4675.29,10064.8
2015-10-16,6378.04,4702.79,10104.43
2015-10-19,6352.33,4704.07,10164.31
2015-10-20,6345.13,4673.81,10147.68
2015-10-21,6348.42,4695.1,10238.1
2015-10-22,6376.28,4802.18,10491.97
2015-10-23,6444.08,4923.64,10794.54
2015-10-26,6417.02,4897.13,10801.34
2015-10-27,6365.27,4847.07,10692.19
2015-10-28,6437.8,4890.58,10831.96
2015-10-29,6395.8,4885.82,10800.84
2015-10-30,6361.09,4897.66,10850.14
2015-11-02,6361.8,4916.21,10950.67
2015-11-03,6383.61,4936.18,10951.15
2015-11-04,6412.88,4948.29,10845.24
2015-11-05,6364.9,4980.04,10887.74
2015-11-06,6353.83,4984.15,10988.03
2015-11-09,6295.16,4911.17,10815.45
2015-11-10,6275.28,4912.16,10832.52
2015-11-11,6297.2,4952.51,10907.87
2015-11-12,6178.68,4856.65,10782.63
2015-11-13,6118.28,4807.95,10708.4
2015-11-16,6146.38,4804.31,10713.23
2015-11-17,6268.76,4937.31,10971.04
2015-11-18,6278.97,4906.72,10959.95
2015-11-19,6329.93,4915.1,11085.44
2015-11-20,6334.63,4910.97,11119.83
2015-11-23,6305.49,4889.12,11092.31
2015-11-24,6277.23,4820.28,10933.99
2015-11-25,6337.64,4892.99,11169.54
2015-11-26,6393.13,4946.02,11320.77
2015-11-27,6375.15,4930.14,11293.76
2015-11-30,6356.09,4957.6,11382.23
2015-12-01,6395.65,4914.53,11261.24
2015-12-02,6420.93,4905.76,11190.02
2015-12-03,6275.0,4730.21,10789.24
2015-12-04,6238.29,4714.79,10752.1
2015-12-07,6223.52,4756.41,10886.09
2015-12-08,6135.22,4681.86,10673.6
2015-12-09,6126.68,4637.45,10592.49
2015-12-10,6088.05,4635.06,10598.93
2015-12-11,5952.78,4549.56,10340.06
2015-12-14,5874.06,4473.07,10139.34
2015-12-15,6017.79,4614.4,10450.38
2015-12-16,6061.19,4624.67,10469.26
2015-12-17,6102.54,4677.54,10738.12
2015-12-18,6052.42,4625.26,10608.19
2015-12-21,6034.84,4565.17,10497.77
2015-12-22,6083.1,4567.6,10488.75
2015-12-23,6240.98,4674.53,10727.64
2015-12-24,6254.64,4663.18,
2015-12-25,,,
2015-12-28,,4617.95,10653.91
2015-12-29,6314.57,4701.36,10860.14
2015-12-30,6274.05,4677.14,10743.01
2015-12-31,6242.32,4637.06,
2016-01-04,6093.43,4522.45,10283.44
2016-01-05,6137.24,4537.63,10310.1
2016-01-06,6073.38,4480.47,10214.02
2016-01-07,5954.08,4403.58,9979.85
2016-01-08,5912.44,4333.76,9849.34
2016-01-11,5871.83,4312.74,9825.07
2016-01-12,5929.24,4378.75,9985.43
2016-01-13,5960.97,4391.94,9960.96
2016-01-14,5918.23,4312.89,9794.2
2016-01-15,5804.1,4210.16,9545.27
2016-01-18,5779.92,4189.57,9521.85
2016-01-19,5876.8,4272.26,9664.21
2016-01-20,5673.58,4124.95,9391.64
2016-01-21,5773.79,4206.4,9574.16
2016-01-22,5900.01,4336.69,9764.88
2016-01-25,5877.0,4311.33,9736.15
2016-01-26,5911.46,4356.81,9822.75
2016-01-27,5990.37,4380.36,9880.82
2016-01-28,5931.78,4322.16,9639.59
2016-01-29,6083.79,4417.02,9798.11
2016-02-01,6060.1,4392.33,9757.88
2016-02-02,5922.01,4283.99,9581.04
2016-02-03,5837.14,4226.96,9434.82
2016-02-04,5898.76,4228.53,9393.36
2016-02-05,5848.06,4200.67,9286.23
2016-02-08,5689.36,4066.31,8979.36
2016-02-09,5632.19,3997.54,8879.4
2016-02-10,5672.3,4061.2,9017.29
2016-02-11,5536.97,3896.71,8752.87
2016-02-12,5707.6,3995.06,8967.51
2016-02-15,5824.28,4115.25,9206.84
2016-02-16,5862.17,4110.66,9135.11
2016-02-17,6030.32,4233.47,9377.21
2016-02-18,5971.95,4239.76,9463.64
2016-02-19,5950.23,4223.04,9388.05
2016-02-22,6037.73,4298.7,9573.59
2016-02-23,5962.31,4238.42,9416.77
2016-02-24,5867.18,4155.34,9167.8
2016-02-25,6012.81,4248.45,9331.48
2016-02-26,6096.01,4314.57,9513.3
2016-02-29,6097.09,4353.55,9495.4
2016-03-01,6152.88,4406.84,9717.16
2016-03-02,6147.06,4424.89,9776.62
2016-03-03,6130.46,4416.08,9751.92
2016-03-04,6199.43,4456.62,9824.17
2016-03-07,6182.4,4442.29,9778.93
2016-03-08,6125.44,4404.02,9692.82
2016-03-09,6146.32,4425.65,9723.09
2016-03-10,6036.7,4350.35,9498.15
2016-03-11,6139.79,4492.79,9831.13
2016-03-14,6174.57,4506.59,9990.26
2016-03-15,6139.97,4472.63,9933.85
2016-03-16,6175.49,4463.0,9983.41
2016-03-17,6201.12,4442.89,9892.2
2016-03-18,6189.64,4462.51,9950.8
2016-03-21,6184.58,4427.8,9948.64
2016-03-22,6192.74,4431.97,9990.0
2016-03-23,6199.11,4423.98,10022.93
2016-03-24,6106.48,4329.68,9851.35
2016-03-25,,,
2016-03-28,,,
2016-03-29,6105.9,4366.67,9887.94
2016-03-30,6203.17,4444.42,10046.61
2016-03-31,6174.9,4385.06,9965.51
2016-04-01,6146.05,4322.24,9794.64
2016-04-04,6164.72,4345.22,9822.08
2016-04-05,6091.23,4250.28,9563.36
2016-04-06,6161.63,4284.64,9624.51
2016-04-07,6136.89,4245.91,9530.62
2016-04-08,6204.41,4303.12,9622.26
2016-04-11,6200.12,4312.63,9682.99
2016-04-12,6242.39,4345.91,9761.47
2016-04-13,6362.89,4490.31,10026.1
2016-04-14,6365.1,4511.51,10093.65
2016-04-15,6343.75,4495.17,10051.57
2016-04-18,6353.52,4506.84,10120.31
2016-04-19,6405.35,4566.48,10349.59
2016-04-20,6410.26,4591.92,10421.29
2016-04-21,6381.44,4582.83,10435.73
2016-04-22,6310.44,4569.66,10373.49
2016-04-25,6260.92,4546.12,10294.35
2016-04-26,6284.52,4533.18,10259.59
2016-04-27,6319.91,4559.4,10299.83
2016-04-28,6322.4,4557.36,10321.15
2016-04-29,6241.89,4428.96,10038.97
2016-05-02,,4442.75,10123.27
2016-05-03,6185.59,4371.98,9926.77
2016-05-04,6112.02,4324.23,9828.25
2016-05-05,6117.25,4319.46,9851.86
2016-05-06,6125.7,4301.24,9869.95
2016-05-09,6114.81,4322.81,9980.49
2016-05-10,6156.65,4338.21,10045.44
2016-05-11,6162.49,4316.67,9975.32
2016-05-12,6104.19,4293.27,9862.12
2016-05-13,6138.5,4319.99,9952.9
2016-05-16,6151.4,4312.28,
2016-05-17,6167.77,4297.57,9890.19
2016-05-18,6165.8,4319.3,9943.23
2016-05-19,6053.35,4282.54,9795.89
2016-05-20,6156.32,4353.9,9916.02
2016-05-23,6136.43,4325.1,9842.29
2016-05-24,6219.26,4431.52,10057.31
2016-05-25,6262.85,4481.64,10205.21
2016-05-26,6265.65,4512.64,10272.71
2016-05-27,6270.79,4514.74,10286.31
2016-05-30,,4529.4,10333.23
2016-05-31,6230.79,4505.62,10262.74
2016-06-01,6191.93,4475.39,10204.44
2016-06-02,6185.61,4466.0,10208.0
2016-06-03,6209.63,4421.78,10103.26
2016-06-06,6273.4,4423.38,10121.08
2016-06-07,6284.53,4475.86,10287.68
2016-06-08,6301.52,4448.73,10217.03
2016-06-09,6231.89,4405.61,10088.87
2016-06-10,6115.76,4306.72,9834.62
2016-06-13,6044.97,4227.02,9657.44
2016-06-14,5923.53,4130.33,9519.2
2016-06-15,5966.8,4171.58,9606.71
2016-06-16,5950.48,4153.01,9550.47
2016-06-17,6021.09,4193.83,9631.36
2016-06-20,6204.0,4340.76,9962.02
2016-06-21,6226.55,4367.24,10015.54
2016-06-22,6261.19,4380.03,10071.06
2016-06-23,6338.1,4465.9,10257.03
2016-06-24,6138.69,4106.73,9557.16
2016-06-27,5982.2,3984.72,9268.66
2016-06-28,6140.39,4088.85,9447.28
2016-06-29,6360.06,4195.32,9612.27
2016-06-30,6504.33,4237.48,9680.09
2016-07-01,6577.83,4273.96,9776.12
2016-07-04,6522.26,4234.86,9709.09
2016-07-05,6545.37,4163.42,9532.61
2016-07-06,6463.59,4085.3,9373.26
2016-07-07,6533.79,4117.85,9418.78
2016-07-08,6590.64,4190.68,9629.66
2016-07-11,6682.86,4264.53,9833.41
2016-07-12,6680.69,4331.38,9964.07
2016-07-13,6670.4,4335.26,9930.71
2016-07-14,6654.47,4385.52,10068.3
2016-07-15,6669.24,4372.51,10066.9
2016-07-18,6695.42,4357.74,10063.13
2016-07-19,6697.37,4330.13,9981.24
2016-07-20,6728.99,4379.76,10142.01
2016-07-21,6699.89,4376.25,10156.21
2016-07-22,6730.48,4381.1,10147.46
2016-07-25,6710.13,4388.0,10198.24
2016-07-26,6724.03,4394.77,10247.76
2016-07-27,6750.43,4446.96,10319.55
2016-07-28,6721.06,4420.58,10274.93
2016-07-29,6724.43,4439.81,10337.5
2016-08-01,6693.95,4409.17,10330.52
2016-08-02,6645.4,4327.99,10144.34
2016-08-03,6634.4,4321.08,10170.21
2016-08-04,6740.16,4345.63,10227.86
2016-08-05,6793.47,4410.55,10367.21
2016-08-08,6809.13,4415.46,10432.36
2016-08-09,6851.3,4468.07,10692.9
2016-08-10,6866.42,4452.01,10650.89
2016-08-11,6914.71,4503.95,10742.84
2016-08-12,6916.02,4500.19,10713.43
2016-08-15,6941.19,4497.86,10739.21
2016-08-16,6893.92,4460.44,10676.65
2016-08-17,6859.15,4417.68,10537.67
2016-08-18,6868.96,4437.06,10603.03
2016-08-19,6858.95,4400.52,10544.36
2016-08-22,6828.54,4389.94,10494.35
2016-08-23,6868.51,4421.45,10592.88
2016-08-24,6835.78,4435.47,10622.97
2016-08-25,6816.9,4406.61,10529.59
2016-08-26,6838.05,4441.87,10587.77
2016-08-29,,4424.25,10544.44
2016-08-30,6820.79,4457.49,10657.64
2016-08-31,6781.51,4438.22,10592.69
2016-09-01,6745.97,4439.67,10534.31
2016-09-02,6894.6,4542.17,10683.82
2016-09-05,6879.42,4541.08,10672.22
2016-09-06,6826.05,4529.96,10687.14
2016-09-07,6846.58,4557.66,10752.98
2016-09-08,6858.7,4542.2,10675.29
2016-09-09,6776.95,4491.4,10573.44
2016-09-12,6700.9,4439.8,10431.77
2016-09-13,6665.63,4387.18,10386.6
2016-09-14,6673.31,4370.26,10378.4
2016-09-15,6730.3,4373.22,10431.2
2016-09-16,6710.28,4332.45,10276.17
2016-09-19,6813.55,4394.19,10373.87
2016-09-20,6830.79,4388.6,10393.86
2016-09-21,6834.77,4409.55,10436.49
2016-09-22,6911.4,4509.82,10674.18
2016-09-23,6909.43,4488.69,10626.97
2016-09-26,6818.04,4407.85,10393.71
2016-09-27,6807.67,4398.68,10361.48
2016-09-28,6849.38,4432.45,10438.34
2016-09-29,6919.42,4443.84,10405.54
2016-09-30,6899.33,4448.26,10511.02
2016-10-03,6983.52,4453.56,
2016-10-04,7074.34,4503.09,10619.61
2016-10-05,7033.25,4489.95,10585.78
2016-10-06,6999.96,4480.1,10568.8
2016-10-07,7044.39,4449.91,10490.86
2016-10-10,7097.5,4497.26,10624.08
2016-10-11,7070.88,4471.74,10577.16
2016-10-12,7024.01,4452.24,10523.07
2016-10-13,6977.74,4405.17,10414.07
2016-10-14,7013.55,4470.92,10580.38
2016-10-17,6947.55,4450.23,10503.57
2016-10-18,7000.06,4508.91,10631.55
2016-10-19,7021.92,4520.3,10645.68
2016-10-20,7026.9,4540.12,10701.39
2016-10-21,7020.47,4536.07,10710.73
2016-10-24,6986.4,4552.58,10761.17
2016-10-25,7017.64,4540.84,10757.31
2016-10-26,6958.09,4534.59,10709.68
2016-10-27,6986.57,4533.57,10717.08
2016-10-28,6996.26,4548.58,10696.19
2016-10-31,6954.22,4509.26,10665.01
2016-11-01,6917.14,4470.28,10526.16
2016-11-02,6845.42,4414.67,10370.93
2016-11-03,6790.51,4411.68,10325.88
2016-11-04,6693.26,4377.46,10259.13
2016-11-07,6806.9,4461.21,10456.95
2016-11-08,6843.13,4476.89,10482.32
2016-11-09,6911.84,4543.48,10646.01
2016-11-10,6827.98,4530.95,10630.12
2016-11-11,6730.43,4489.27,10667.95
2016-11-14,6753.18,4508.55,10693.69
2016-11-15,6792.74,4536.53,10735.14
2016-11-16,6749.72,4501.14,10663.87
2016-11-17,6794.71,4527.77,10685.54
2016-11-18,6775.77,4504.35,10664.56
2016-11-21,6777.96,4529.58,10685.13
2016-11-22,6819.72,4548.35,10713.85
2016-11-23,6817.71,4529.21,10662.44
2016-11-24,6829.2,4542.56,10689.26
2016-11-25,6840.75,4550.27,10699.27
2016-11-28,6799.47,4510.39,10582.67
2016-11-29,6772.0,4551.46,10620.49
2016-11-30,6783.79,4578.34,10640.3
2016-12-01,6752.93,4560.61,10534.05
2016-12-02,6730.72,4528.82,10513.35
2016-12-05,6746.83,4574.32,10684.83
2016-12-06,6779.84,4631.94,10775.32
2016-12-07,6902.23,4694.72,10986.69
2016-12-08,6931.55,4735.48,11179.42
2016-12-09,6954.21,4764.07,11203.63
2016-12-12,6890.42,4760.77,11190.21
2016-12-13,6968.57,4803.87,11284.65
2016-12-14,6949.19,4769.24,11244.84
2016-12-15,6999.01,4819.23,11366.4
2016-12-16,7011.64,4833.27,11404.01
2016-12-19,7017.16,4822.77,11426.7
2016-12-20,7043.96,4849.89,11464.74
2016-12-21,7041.42,4833.82,11468.64
2016-12-22,7063.68,4834.63,11456.1
2016-12-23,7068.17,4839.68,11449.93
2016-12-26,,,
2016-12-27,,4848.28,11472.24
2016-12-28,7106.08,4848.01,11474.99
2016-12-29,7120.26,4838.47,11451.05
2016-12-30,7142.83,4862.31,11481.06
2017-01-02,,4882.38,11598.33
2017-01-03,7177.89,4899.33,11584.24
2017-01-04,7189.74,4899.4,11584.31
2017-01-05,7195.31,4900.64,11584.94
2017-01-06,7210.05,4909.84,11599.01
2017-01-09,7237.77,4887.57,11563.99
2017-01-10,7275.47,4888.23,11583.3
2017-01-11,7290.49,4888.71,11646.17
2017-01-12,7292.37,4863.97,11521.04
2017-01-13,7337.81,4922.49,11629.18
2017-01-16,7327.13,4882.18,11554.71
2017-01-17,7220.38,4859.69,11540.0
2017-01-18,7247.61,4853.4,11599.39
2017-01-19,7208.44,4841.14,11596.89
2017-01-20,7198.44,4850.67,11630.13
2017-01-23,7151.18,4821.41,11545.75
2017-01-24,7150.34,4830.03,11594.94
2017-01-25,7164.43,4877.67,11806.05
2017-01-26,7161.49,4867.24,11848.63
2017-01-27,7184.49,4839.98,11814.27
2017-01-30,7118.48,4784.64,11681.89
2017-01-31,7099.15,4748.9,11535.31
2017-02-01,7107.65,4794.58,11659.5
2017-02-02,7140.75,4794.29,11627.95
2017-02-03,7188.3,4825.42,11651.49
2017-02-06,7172.15,4778.08,11509.84
2017-02-07,7186.22,4754.47,11549.44
2017-02-08,7188.82,4766.6,11543.38
2017-02-09,7229.5,4826.24,11642.86
2017-02-10,7258.75,4828.32,11666.97
2017-02-13,7278.92,4888.19,11774.43
2017-02-14,7268.56,4895.82,11771.81
2017-02-15,7302.41,4924.86,11793.93
2017-02-16,7277.92,4899.46,11757.24
2017-02-17,7299.96,4867.58,11757.02
2017-02-20,7299.86,4864.99,11827.62
2017-02-21,7274.83,4888.76,11967.49
2017-02-22,7302.25,4895.88,11998.59
2017-02-23,7271.37,4891.29,11947.83
2017-02-24,7243.7,4845.24,11804.03
2017-02-27,7253.0,4845.18,11822.67
2017-02-28,7263.44,4858.58,11834.41
2017-03-01,7382.9,4960.83,12067.19
2017-03-02,7382.35,4963.8,12059.57
2017-03-03,7374.26,4995.13,12027.36
2017-03-06,7350.12,4972.19,11958.4
2017-03-07,7338.99,4955.0,11966.14
2017-03-08,7334.61,4960.48,11967.31
2017-03-09,7314.96,4981.51,11978.39
2017-03-10,7343.08,4993.32,11963.18
2017-03-13,7367.08,4999.6,11990.03
2017-03-14,7357.85,4974.26,11988.79
2017-03-15,7368.64,4985.48,12009.87
2017-03-16,7415.95,5013.38,12083.18
2017-03-17,7424.96,5029.24,12095.24
2017-03-20,7429.81,5012.16,12052.9
2017-03-21,7378.34,5002.43,11962.13
2017-03-22,7324.72,4994.7,11904.12
2017-03-23,7340.71,5032.76,12039.68
2017-03-24,7336.82,5020.9,12064.27
2017-03-27,7293.5,5017.43,11996.07
2017-03-28,7343.42,5046.2,12149.42
2017-03-29,7373.72,5069.04,12203.0
2017-03-30,7369.52,5089.64,12256.43
2017-03-31,7322.92,5122.51,12312.87
2017-04-03,7282.69,5085.91,12257.2
2017-04-04,7321.82,5101.13,12282.34
2017-04-05,7331.68,5091.85,12217.54
2017-04-06,7303.2,5121.44,12230.89
2017-04-07,7349.37,5135.28,12225.06
2017-04-10,7348.94,5107.45,12200.52
2017-04-11,7365.5,5101.86,12139.35
2017-04-12,7348.99,5101.11,12154.7
2017-04-13,7327.59,5071.1,12109.0
2017-04-14,,,
2017-04-17,,,
2017-04-18,7147.5,4990.25,12000.44
2017-04-19,7114.36,5003.73,12016.45
2017-04-20,7118.54,5077.91,12027.32
2017-04-21,7114.55,5059.2,12048.57
2017-04-24,7264.68,5268.85,12454.98
2017-04-25,7275.64,5277.88,12467.04
2017-04-26,7288.72,5287.88,12472.8
2017-04-27,7237.17,5271.7,12443.79
2017-04-28,7203.94,5267.33,12438.01
2017-05-01,,,
2017-05-02,7250.05,5304.15,12507.9
2017-05-03,7234.53,5301.0,12527.84
2017-05-04,7248.1,5372.42,12647.78
2017-05-05,7297.43,5432.4,12716.89
2017-05-08,7300.86,5382.95,12694.55
2017-05-09,7342.21,5398.01,12749.12
2017-05-10,7385.24,5400.46,12757.46
2017-05-11,7386.63,5383.42,12711.06
2017-05-12,7435.39,5405.42,12770.41
2017-05-15,7454.37,5417.4,12807.04
2017-05-16,7522.03,5406.1,12804.53
2017-05-17,7503.47,5317.89,12631.61
2017-05-18,7436.42,5289.73,12590.06
2017-05-19,7470.71,5324.4,12638.69
2017-05-22,7496.34,5322.88,12619.46
2017-05-23,7485.29,5348.16,12659.15
2017-05-24,7514.9,5341.34,12642.87
2017-05-25,7517.71,5337.16,12621.72
2017-05-26,7547.63,5336.64,12602.18
2017-05-29,,5332.47,12628.95
2017-05-30,7526.51,5305.94,12598.68
2017-05-31,7519.95,5283.63,12615.06
2017-06-01,7543.77,5318.67,12664.92
2017-06-02,7547.63,5343.41,12822.94
2017-06-05,7525.76,5307.89,
2017-06-06,7524.95,5269.22,12690.12
2017-06-07,7478.62,5265.53,12672.49
2017-06-08,7449.98,5264.24,12713.58
2017-06-09,7527.33,5299.71,12815.72
2017-06-12,7511.87,5240.59,12690.44
2017-06-13,7500.44,5261.74,12764.98
2017-06-14,7474.4,5243.29,12805.95
2017-06-15,7419.36,5216.88,12691.81
2017-06-16,7463.54,5263.31,12752.73
2017-06-19,7523.81,5310.72,12888.95
2017-06-20,7472.71,5293.65,12814.79
2017-06-21,7447.79,5274.26,12774.26
2017-06-22,7439.29,5281.93,12794.0
2017-06-23,7424.13,5266.12,12733.41
2017-06-26,7446.8,5295.75,12770.83
2017-06-27,7434.36,5258.58,12671.02
2017-06-28,7387.8,5252.9,12647.27
2017-06-29,7350.32,5154.35,12416.19
2017-06-30,7312.72,5120.68,12325.12
2017-07-03,7377.09,5195.72,12475.31
2017-07-04,7357.23,5174.9,12437.13
2017-07-05,7367.6,5180.1,12453.68
2017-07-06,7337.28,5152.4,12381.25
2017-07-07,7350.92,5145.16,12388.68
2017-07-10,7370.03,5165.64,12445.92
2017-07-11,7329.76,5140.6,12437.02
2017-07-12,7416.93,5222.13,12626.58
2017-07-13,7413.44,5235.4,12641.33
2017-07-14,7378.39,5235.31,12631.72
2017-07-17,7404.13,5230.17,12587.16
2017-07-18,7390.22,5173.27,12430.39
2017-07-19,7430.91,5216.07,12452.05
2017-07-20,7487.87,5199.22,12447.25
2017-07-21,7452.91,5117.66,12240.06
2017-07-24,7377.73,5127.7,12208.95
2017-07-25,7434.82,5161.08,12264.31
2017-07-26,7452.32,5190.17,12305.11
2017-07-27,7443.01,5186.95,12212.04
2017-07-28,7368.37,5131.39,12162.7
2017-07-31,7372.0,5093.77,12118.25
2017-08-01,7423.66,5127.03,12251.29
2017-08-02,7411.43,5107.25,12181.48
2017-08-03,7474.77,5130.49,12154.72
2017-08-04,7511.71,5203.44,12297.72
2017-08-07,7531.94,5207.89,12257.17
2017-08-08,7542.73,5218.89,12292.05
2017-08-09,7498.06,5145.7,12154.0
2017-08-10,7389.94,5115.23,12014.3
2017-08-11,7309.96,5060.92,12014.06
2017-08-14,7353.89,5121.67,12165.12
2017-08-15,7383.85,5140.25,12177.04
2017-08-16,7433.03,5176.61,12263.86
2017-08-17,7387.87,5146.85,12203.46
2017-08-18,7323.98,5114.15,12165.19
2017-08-21,7318.88,5087.59,12065.99
2017-08-22,7381.74,5131.86,12229.34
2017-08-23,7382.65,5115.39,12174.3
2017-08-24,7407.06,5113.13,12180.83
2017-08-25,7401.46,5104.33,12167.94
2017-08-28,,5079.75,12123.47
2017-08-29,7337.43,5031.92,11945.88
2017-08-30,7365.26,5056.34,12002.47
2017-08-31,7430.62,5085.59,12055.84
2017-09-01,7438.5,5123.26,12142.64
2017-09-04,7411.47,5103.97,12102.21
2017-09-05,7372.92,5086.56,12123.71
2017-09-06,7354.13,5101.41,12214.54
2017-09-07,7396.98,5114.62,12296.63
2017-09-08,7377.6,5113.49,12303.98
2017-09-11,7413.59,5176.71,12475.24
2017-09-12,7400.69,5209.01,12524.77
2017-09-13,7379.7,5217.59,12553.57
2017-09-14,7295.39,5225.2,12540.45
2017-09-15,7215.47,5213.91,12518.81
2017-09-18,7253.28,5229.32,12559.39
2017-09-19,7275.25,5237.44,12561.79
2017-09-20,7271.95,5241.66,12569.17
2017-09-21,7263.9,5267.29,12600.03
2017-09-22,7310.64,5281.29,12592.35
2017-09-25,7301.29,5267.13,12594.81
2017-09-26,7285.74,5268.76,12605.2
2017-09-27,7313.51,5281.96,12657.41
2017-09-28,7322.82,5293.77,12704.65
2017-09-29,7372.76,5329.81,12828.86
2017-10-02,7438.84,5350.44,12902.65
2017-10-03,7468.11,5367.41,
2017-10-04,7467.58,5363.23,12970.52
2017-10-05,7507.99,5379.21,12968.05
2017-10-06,7522.87,5359.9,12955.94
2017-10-09,7507.89,5365.83,12976.4
2017-10-10,7538.27,5363.65,12949.25
2017-10-11,7533.81,5362.41,12970.68
2017-10-12,7556.24,5360.81,12982.89
2017-10-13,7535.44,5351.74,12991.87
2017-10-16,7526.97,5362.88,13003.7
2017-10-17,7516.17,5361.37,12995.06
2017-10-18,7542.87,5383.81,13043.03
2017-10-19,7523.04,5368.29,12990.1
2017-10-20,7523.23,5372.38,12991.28
2017-10-23,7524.45,5386.81,13003.14
2017-10-24,7526.54,5394.8,13013.19
2017-10-25,7447.21,5374.89,12953.41
2017-10-26,7486.5,5455.4,13133.28
2017-10-27,7505.03,5494.13,13217.54
2017-10-30,7487.81,5493.63,13229.57
2017-10-31,7493.08,5503.29,
2017-11-01,7487.96,5514.29,13465.51
2017-11-02,7555.32,5510.5,13440.93
2017-11-03,7560.35,5517.97,13478.86
2017-11-06,7562.28,5507.25,13468.79
2017-11-07,7513.11,5480.64,13379.27
2017-11-08,7529.72,5471.43,13382.42
2017-11-09,7484.1,5407.75,13182.56
2017-11-10,7432.99,5380.72,13127.47
2017-11-13,7415.18,5341.63,13074.42
2017-11-14,7414.42,5315.58,13033.48
2017-11-15,7372.61,5301.25,12976.37
2017-11-16,7386.94,5336.39,13047.22
2017-11-17,7380.68,5319.17,12993.73
2017-11-20,7389.46,5340.45,13058.66
2017-11-21,7411.34,5366.15,13167.54
2017-11-22,7419.02,5352.76,13015.04
2017-11-23,7417.24,5379.54,13008.55
2017-11-24,7409.64,5390.46,13059.84
2017-11-27,7383.9,5360.09,13000.2
2017-11-28,7460.65,5390.48,13059.53
2017-11-29,7393.56,5398.05,13061.87
2017-11-30,7326.67,5372.79,13023.98
2017-12-01,7300.49,5316.89,12861.49
2017-12-04,7338.97,5389.29,13058.55
2017-12-05,7327.5,5375.53,13048.54
2017-12-06,7348.03,5374.35,12998.85
2017-12-07,7320.75,5383.86,13045.15
2017-12-08,7393.96,5399.09,13153.7
2017-12-11,7453.48,5386.83,13123.65
2017-12-12,7500.41,5427.19,13183.53
2017-12-13,7496.51,5399.45,13125.64
2017-12-14,7448.12,5357.14,13068.08
2017-12-15,7490.57,5349.3,13103.56
2017-12-18,7537.01,5420.58,13312.3
2017-12-19,7544.09,5382.91,13215.79
2017-12-20,7525.22,5352.77,13069.17
2017-12-21,7603.98,5385.97,13109.74
2017-12-22,7592.66,5364.72,13072.79
2017-12-25,,,
2017-12-26,,,
2017-12-27,7620.68,5368.84,13070.02
2017-12-28,7622.88,5339.42,12979.94
2017-12-29,7687.77,5312.56,12917.64
2018-01-02,7648.1,5288.6,12871.39
2018-01-03,7671.11,5331.28,12978.21
2018-01-04,7695.88,5413.69,13167.89
2018-01-05,7724.22,5470.75,13319.64
2018-01-08,7696.51,5487.42,13367.78
2018-01-09,7731.02,5523.94,13385.59
2018-01-10,7748.51,5504.68,13281.34
2018-01-11,7762.94,5488.55,13202.9
2018-01-12,7778.64,5517.06,13245.03
2018-01-15,7769.14,5509.69,13200.51
2018-01-16,7755.93,5513.82,13246.33
2018-01-17,7725.43,5493.99,13183.96
2018-01-18,7700.96,5494.83,13281.43
2018-01-19,7730.79,5526.51,13434.45
2018-01-22,7715.44,5541.99,13463.69
2018-01-23,7731.83,5535.26,13559.6
2018-01-24,7643.43,5495.16,13414.74
2018-01-25,7615.84,5481.21,13298.36
2018-01-26,7665.54,5529.15,13340.17
2018-01-29,7671.53,5521.59,13324.48
2018-01-30,7587.98,5473.78,13197.71
2018-01-31,7533.55,5481.93,13189.48
2018-02-01,7490.39,5454.55,13003.9
2018-02-02,7443.43,5364.98,12785.16
2018-02-05,7334.98,5285.83,12687.49
2018-02-06,7141.4,5161.81,12392.66
2018-02-07,7279.42,5255.9,12590.43
2018-02-08,7170.69,5151.68,12260.29
2018-02-09,7092.43,5079.21,12107.48
2018-02-12,7177.06,5140.06,12282.77
2018-02-13,7168.01,5109.24,12196.5
2018-02-14,7213.97,5165.26,12339.16
2018-02-15,7234.81,5222.52,12346.17
2018-02-16,7294.7,5281.58,12451.96
2018-02-19,7247.66,5256.18,12385.6
2018-02-20,7246.77,5289.86,12487.9
2018-02-21,7281.57,5302.17,12470.49
2018-02-22,7252.39,5309.23,12461.91
2018-02-23,7244.41,5317.37,12483.79
2018-02-26,7289.58,5344.26,12527.04
2018-02-27,7282.45,5343.93,12490.73
2018-02-28,7231.91,5320.49,12435.85
2018-03-01,7175.64,5262.56,12190.94
2018-03-02,7069.9,5136.58,11913.71
2018-03-05,7115.98,5167.23,12090.87
2018-03-06,7146.75,5170.23,12113.87
2018-03-07,7157.84,5187.83,12245.36
2018-03-08,7203.24,5254.1,12355.57
2018-03-09,7224.51,5274.4,12346.68
2018-03-12,7214.76,5276.71,12418.39
2018-03-13,7138.78,5242.79,12221.03
2018-03-14,7132.69,5233.36,12237.74
2018-03-15,7139.76,5267.26,12345.56
2018-03-16,7164.14,5282.75,12389.58
2018-03-19,7042.93,5222.84,12217.02
2018-03-20,7061.27,5252.43,12307.33
2018-03-21,7038.97,5239.74,12309.15
2018-03-22,6952.59,5167.21,12100.08
2018-03-23,6921.94,5095.22,11886.31
2018-03-26,6888.69,5066.28,11787.26
2018-03-27,7000.14,5115.74,11970.83
2018-03-28,7044.74,5130.44,11940.71
2018-03-29,7056.61,5167.3,12096.73
2018-03-30,,,
2018-04-02,,,
2018-04-03,7030.46,5152.12,12002.45
2018-04-04,7034.01,5141.8,11957.9
2018-04-05,7199.5,5276.67,12305.19
2018-04-06,7183.64,5258.24,12241.27
2018-04-09,7194.75,5263.39,12261.75
2018-04-10,7266.75,5307.56,12397.32
2018-04-11,7257.14,5277.94,12293.97
2018-04-12,7258.34,5309.22,12415.01
2018-04-13,7264.56,5315.02,12442.4
2018-04-16,7198.2,5312.96,12391.41
2018-04-17,7226.05,5353.54,12585.57
2018-04-18,7317.34,5380.17,12590.83
2018-04-19,7328.92,5391.64,12567.42
2018-04-20,7368.17,5412.83,12540.5
2018-04-23,7398.87,5438.55,12572.39
2018-04-24,7425.4,5444.16,12550.82
2018-04-25,7379.32,5413.3,12422.3
2018-04-26,7421.43,5453.58,12500.47
2018-04-27,7502.21,5483.19,12580.87
2018-04-30,7509.3,5520.5,12612.11
2018-05-01,7520.36,,
2018-05-02,7543.2,5529.22,12802.25
2018-05-03,7502.69,5501.66,12690.15
2018-05-04,7567.14,5516.05,12819.6
2018-05-07,,5531.42,12948.14
2018-05-08,7565.75,5521.93,12912.21
2018-05-09,7662.52,5534.63,12943.06
2018-05-10,7700.97,5545.95,13022.87
2018-05-11,7724.55,5541.94,13001.24
2018-05-14,7710.98,5540.68,12977.71
2018-05-15,7722.98,5553.16,12970.04
2018-05-16,7734.2,5567.54,12996.33
2018-05-17,7787.97,5621.92,13114.61
2018-05-18,7778.79,5614.51,13077.72
2018-05-21,7859.17,5637.51,
2018-05-22,7877.45,5640.1,13169.92
2018-05-23,7788.44,5565.85,12976.84
2018-05-24,7716.74,5548.45,12855.09
2018-05-25,7730.28,5542.55,12938.01
2018-05-28,,5508.93,12863.46
2018-05-29,7632.64,5438.06,12666.51
2018-05-30,7689.57,5427.35,12783.76
2018-05-31,7678.2,5398.4,12604.89
2018-06-01,7701.77,5465.53,12724.27
2018-06-04,7741.29,5472.91,12770.75
2018-06-05,7686.8,5460.95,12787.13
2018-06-06,7712.37,5457.56,12830.07
2018-06-07,7704.4,5448.36,12811.05
2018-06-08,7681.07,5450.22,12766.55
2018-06-11,7737.43,5473.91,12842.91
2018-06-12,7703.81,5453.37,12842.3
2018-06-13,7703.71,5452.73,12890.58
2018-06-14,7765.79,5528.46,13107.1
2018-06-15,7633.91,5501.88,13010.55
2018-06-18,7631.33,5450.48,12834.11
2018-06-19,7603.85,5390.63,12677.97
2018-06-20,7627.4,5372.31,12695.16
2018-06-21,7556.44,5316.01,12511.91
2018-06-22,7682.27,5387.38,12579.72
2018-06-25,7509.84,5283.86,12270.33
2018-06-26,7537.92,5281.29,12234.34
2018-06-27,7621.69,5327.2,12348.61
2018-06-28,7615.63,5275.64,12177.23
2018-06-29,7636.93,5323.53,12306.0
2018-07-02,7547.85,5276.76,12238.17
2018-07-03,7593.29,5316.77,12349.14
2018-07-04,7573.09,5320.5,12317.61
2018-07-05,7603.22,5366.32,12464.29
2018-07-06,7617.7,5375.77,12496.17
2018-07-09,7687.99,5398.11,12543.89
2018-07-10,7692.04,5434.36,12609.85
2018-07-11,7591.96,5353.93,12417.13
2018-07-12,7651.33,5405.9,12492.97
2018-07-13,7661.87,5429.2,12540.73
2018-07-16,7600.45,5409.43,12561.02
2018-07-17,7626.33,5422.54,12661.54
2018-07-18,7676.28,5447.44,12765.94
2018-07-19,7683.97,5417.07,12686.29
2018-07-20,7678.79,5398.32,12561.42
2018-07-23,7655.79,5378.25,12548.57
2018-07-24,7709.05,5434.19,12689.39
2018-07-25,7658.26,5426.41,12579.33
2018-07-26,7663.17,5480.55,12809.23
2018-07-27,7701.31,5511.76,12860.4
2018-07-30,7700.85,5491.22,12798.2
2018-07-31,7748.76,5511.3,12805.5
2018-08-01,7652.91,5498.37,12737.05
2018-08-02,7575.93,5460.98,12546.33
2018-08-03,7659.1,5478.98,12615.76
2018-08-06,7663.78,5477.18,12598.21
2018-08-07,7718.48,5521.31,12648.19
2018-08-08,7776.65,5501.9,12633.54
2018-08-09,7741.77,5502.25,12676.11
2018-08-10,7667.01,5414.68,12424.35
2018-08-13,7642.45,5412.32,12358.74
2018-08-14,7611.64,5403.41,12358.87
2018-08-15,7497.87,5305.22,12163.01
2018-08-16,7556.38,5349.02,12237.17
2018-08-17,7558.59,5344.93,12210.55
2018-08-20,7591.26,5379.65,12331.3
2018-08-21,7565.7,5408.6,12384.49
2018-08-22,7574.24,5420.61,12385.7
2018-08-23,7563.22,5419.33,12365.58
2018-08-24,7577.49,5432.5,12394.52
2018-08-27,,5479.1,12538.31
2018-08-28,7617.22,5484.99,12527.42
2018-08-29,7563.21,5501.33,12561.68
2018-08-30,7516.03,5478.06,12494.24
2018-08-31,7432.42,5406.85,12364.06
2018-09-03,7504.6,5413.8,12346.41
2018-09-04,7457.86,5342.7,12210.21
2018-09-05,7383.28,5260.22,12040.46
2018-09-06,7318.96,5243.84,11955.25
2018-09-07,7277.7,5252.22,11959.63
2018-09-10,7279.3,5269.63,11986.34
2018-09-11,7273.54,5283.79,11970.27
2018-09-12,7313.36,5332.13,12032.3
2018-09-13,7281.57,5328.12,12055.55
2018-09-14,7304.04,5352.57,12124.33
2018-09-17,7302.1,5348.87,12096.41
2018-09-18,7300.23,5363.79,12157.67
2018-09-19,7331.12,5393.74,12219.02
2018-09-20,7367.32,5451.59,12326.48
2018-09-21,7490.23,5494.17,12430.88
2018-09-24,7458.41,5476.17,12350.82
2018-09-25,7507.56,5479.1,12374.66
2018-09-26,7511.49,5512.73,12385.89
2018-09-27,7545.44,5540.41,12435.59
2018-09-28,7510.2,5493.49,12246.73
2018-10-01,7495.67,5506.82,12339.03
2018-10-02,7474.55,5467.89,12287.58
2018-10-03,7510.28,5491.4,
2018-10-04,7418.34,5410.85,12244.14
2018-10-05,7318.54,5359.36,12111.9
2018-10-08,7233.33,5300.25,11947.16
2018-10-09,7237.59,5318.55,11977.22
2018-10-10,7145.74,5206.22,11712.5
2018-10-11,7006.93,5106.37,11539.35
2018-10-12,6995.91,5095.98,11523.81
2018-10-15,7029.22,5095.07,11614.16
2018-10-16,7059.4,5173.05,11776.55
2018-10-17,7054.6,5144.95,11715.03
2018-10-18,7026.99,5116.79,11589.21
2018-10-19,7049.8,5084.66,11553.83
2018-10-22,7042.8,5053.31,11524.34
2018-10-23,6955.21,4967.69,11274.28
2018-10-24,6962.98,4953.09,11191.63
2018-10-25,7004.1,5032.3,11307.12
2018-10-26,6939.56,4967.37,11200.62
2018-10-29,7026.32,4989.35,11335.48
2018-10-30,7035.85,4978.53,11287.39
2018-10-31,7128.1,5093.44,11447.51
2018-11-01,7114.66,5085.78,11468.54
2018-11-02,7094.12,5102.13,11518.99
2018-11-05,7103.84,5101.39,11494.96
2018-11-06,7040.68,5075.19,11484.34
2018-11-07,7117.28,5137.94,11579.1
2018-11-08,7140.68,5131.45,11527.32
2018-11-09,7105.34,5106.75,11529.16
2018-11-12,7053.08,5059.09,11325.44
2018-11-13,7053.76,5101.85,11472.22
2018-11-14,7033.79,5068.85,11412.53
2018-11-15,7038.01,5033.62,11353.67
2018-11-16,7013.88,5025.2,11341.0
2018-11-19,7000.89,4985.45,11244.54
2018-11-20,6947.92,4924.89,11066.41
2018-11-21,7050.23,4975.5,11244.17
2018-11-22,6960.32,4938.14,11138.49
2018-11-23,6952.86,4946.95,11192.69
2018-11-26,7036.0,4994.98,11354.72
2018-11-27,7016.85,4983.15,11309.11
2018-11-28,7004.52,4983.24,11298.88
2018-11-29,7038.95,5006.25,11298.23
2018-11-30,6980.24,5003.92,11257.24
2018-12-03,7062.41,5053.98,11465.46
2018-12-04,7022.76,5012.66,11335.32
2018-12-05,6921.84,4944.37,11200.24
2018-12-06,6704.05,4780.46,10810.98
2018-12-07,6778.11,4813.13,10788.09
2018-12-10,6721.54,4742.38,10622.07
2018-12-11,6806.94,4806.2,10780.51
2018-12-12,6880.19,4909.45,10929.43
2018-12-13,6877.5,4896.92,10924.7
2018-12-14,6845.17,4853.7,10865.77
2018-12-17,6773.24,4799.87,10772.2
2018-12-18,6701.59,4754.08,10740.89
2018-12-19,6765.94,4777.45,10766.21
2018-12-20,6711.93,4692.46,10611.1
2018-12-21,6721.17,4694.38,10633.82
2018-12-24,6685.99,4626.39,
2018-12-25,,,
2018-12-26,,,
2018-12-27,6584.68,4598.61,10381.51
2018-12-28,6733.97,4678.74,10558.96
2018-12-31,6728.13,4730.69,
2019-01-02,6734.23,4689.39,10580.19
2019-01-03,6692.66,4611.49,10416.66
2019-01-04,6837.42,4737.12,10767.69
2019-01-07,6810.88,4719.17,10747.81
2019-01-08,6861.6,4773.27,10803.98
2019-01-09,6906.63,4813.58,10893.32
2019-01-10,6942.87,4805.66,10921.59
2019-01-11,6918.18,4781.34,10887.46
2019-01-14,6855.02,4762.75,10855.91
2019-01-15,6895.02,4786.17,10891.79
2019-01-16,6862.68,4810.74,10931.24
2019-01-17,6834.92,4794.37,10918.62
2019-01-18,6968.33,4875.93,11205.54
2019-01-21,6970.59,4867.78,11136.2
2019-01-22,6901.39,4847.53,11090.11
2019-01-23,6842.88,4840.38,11071.54
2019-01-24,6818.95,4871.96,11130.18
2019-01-25,6809.22,4925.82,11281.79
2019-01-28,6747.1,4888.58,11210.31
2019-01-29,6833.93,4928.18,11218.83
2019-01-30,6941.63,4974.76,11181.66
2019-01-31,6968.85,4992.72,11173.1
2019-02-01,7020.22,5019.26,11180.66
2019-02-04,7034.13,5000.19,11176.58
2019-02-05,7177.37,5083.34,11367.98
2019-02-06,7173.09,5079.05,11324.72
2019-02-07,7093.58,4985.56,11022.02
2019-02-08,7071.18,4961.64,10906.78
2019-02-11,7129.11,5014.47,11014.59
2019-02-12,7133.14,5056.35,11126.08
2019-02-13,7190.84,5074.27,11167.22
2019-02-14,7197.01,5062.52,11089.79
2019-02-15,7236.68,5153.19,11299.8
2019-02-18,7219.47,5168.54,11299.2
2019-02-19,7179.17,5160.52,11309.21
2019-02-20,7228.62,5195.95,11401.97
2019-02-21,7167.39,5196.11,11423.28
2019-02-22,7178.6,5215.85,11457.7
2019-02-25,7183.74,5231.85,11505.39
2019-02-26,7151.12,5238.72,11540.79
2019-02-27,7107.2,5225.35,11487.33
2019-02-28,7074.73,5240.53,11515.64
2019-03-01,7106.73,5265.19,11601.68
2019-03-04,7134.39,5286.57,11592.66
2019-03-05,7183.43,5297.52,11620.74
2019-03-06,7196.0,5288.81,11587.63
2019-03-07,7157.55,5267.92,11517.8
2019-03-08,7104.31,5231.22,11457.84
2019-03-11,7130.62,5265.96,11543.48
2019-03-12,7151.15,5270.25,11524.17
2019-03-13,7159.19,5306.38,11572.41
2019-03-14,7185.43,5349.78,11587.47
2019-03-15,7228.28,5405.32,11685.69
2019-03-18,7299.19,5412.83,11657.06
2019-03-19,7324.0,5425.9,11788.41
2019-03-20,7291.01,5382.66,11603.89
2019-03-21,7355.31,5378.85,11549.96
2019-03-22,7207.59,5269.92,11364.17
2019-03-25,7177.58,5260.64,11346.65
2019-03-26,7196.29,5307.38,11419.48
2019-03-27,7194.19,5301.24,11419.04
2019-03-28,7234.33,5296.54,11428.16
2019-03-29,7279.19,5350.53,11526.04
2019-04-01,7317.38,5405.53,11681.99
2019-04-02,7391.12,5423.47,11754.79
2019-04-03,7418.28,5468.91,11954.4
2019-04-04,7401.94,5463.8,11988.01
2019-04-05,7446.87,5476.2,12009.75
2019-04-08,7451.89,5471.78,11963.4
2019-04-09,7425.57,5436.42,11850.57
2019-04-10,7421.91,5449.88,11905.91
2019-04-11,7417.95,5485.72,11935.2
2019-04-12,7437.06,5502.7,11999.93
2019-04-15,7436.87,5508.73,12020.28
2019-04-16,7469.92,5528.67,12101.32
2019-04-17,7471.32,5563.09,12153.07
2019-04-18,7459.88,5580.38,12222.39
2019-04-19,,,
2019-04-22,,,
2019-04-23,7523.07,5591.69,12235.51
2019-04-24,7471.75,5576.06,12313.16
2019-04-25,7434.13,5557.67,12282.6
2019-04-26,7428.19,5569.36,12315.18
2019-04-29,7440.66,5580.98,12328.02
2019-04-30,7418.22,5586.41,12344.08
2019-05-01,7385.26,,
2019-05-02,7351.31,5538.86,12345.42
2019-05-03,7380.64,5548.84,12412.75
2019-05-06,,5483.52,12286.88
2019-05-07,7260.47,5395.75,12092.74
2019-05-08,7271.0,5417.59,12179.93
2019-05-09,7207.41,5313.16,11973.92
2019-05-10,7203.29,5327.44,12059.83
2019-05-13,7163.68,5262.57,11876.65
2019-05-14,7241.6,5341.35,11991.62
2019-05-15,7296.95,5374.26,12099.57
2019-05-16,7353.51,5448.11,12310.37
2019-05-17,7348.62,5438.23,12238.94
2019-05-20,7310.88,5358.59,12041.29
2019-05-21,7328.92,5385.46,12143.47
2019-05-22,7334.19,5378.98,12168.74
2019-05-23,7231.04,5281.37,11952.41
2019-05-24,7277.73,5316.51,12011.04
2019-05-27,,5336.19,12071.18
2019-05-28,7268.95,5312.69,12027.05
2019-05-29,7185.3,5222.12,11837.81
2019-05-30,7218.16,5248.91,11902.08
2019-05-31,7161.71,5207.63,11726.84
2019-06-03,7184.8,5241.46,11792.81
2019-06-04,7214.29,5268.26,11971.17
2019-06-05,7220.22,5292.0,11980.81
2019-06-06,7259.85,5278.43,11953.14
2019-06-07,7331.94,5364.05,12045.38
2019-06-10,7375.54,5382.5,
2019-06-11,7398.45,5408.45,12155.81
2019-06-12,7367.62,5374.92,12115.68
2019-06-13,7368.57,5375.63,12169.05
2019-06-14,7345.78,5367.62,12096.4
2019-06-17,7357.31,5390.95,12085.82
2019-06-18,7443.04,5509.73,12331.75
2019-06-19,7403.54,5518.45,12308.53
2019-06-20,7424.44,5535.57,12355.39
2019-06-21,7407.5,5528.33,12339.92
2019-06-24,7416.69,5521.71,12274.57
2019-06-25,7422.43,5514.57,12228.44
2019-06-26,7416.39,5500.72,12245.32
2019-06-27,7402.33,5493.61,12271.03
2019-06-28,7425.63,5538.97,12398.8
2019-07-01,7497.5,5567.91,12521.38
2019-07-02,7559.19,5576.82,12526.72
2019-07-03,7609.32,5618.81,12616.24
2019-07-04,7603.58,5620.73,12629.9
2019-07-05,7553.14,5593.72,12568.53
2019-07-08,7549.27,5589.19,12543.51
2019-07-09,7536.47,5572.1,12436.55
2019-07-10,7530.69,5567.59,12373.41
2019-07-11,7509.82,5551.95,12332.12
2019-07-12,7505.97,5572.86,12323.32
2019-07-15,7531.72,5578.21,12387.34
2019-07-16,7577.2,5614.38,12430.97
2019-07-17,7535.46,5571.71,12341.03
2019-07-18,7493.09,5550.55,12227.85
2019-07-19,7508.7,5552.34,12260.07
2019-07-22,7514.93,5567.02,12289.4
2019-07-23,7556.86,5618.16,12490.74
2019-07-24,7501.46,5605.87,12522.89
2019-07-25,7489.05,5578.05,12362.1
2019-07-26,7549.06,5610.05,12419.9
2019-07-29,7686.61,5601.1,12417.47
2019-07-30,7646.77,5511.07,12147.24
2019-07-31,7586.78,5518.9,12189.04
2019-08-01,7584.87,5557.41,12253.15
2019-08-02,7407.06,5359.0,11872.44
2019-08-05,7223.85,5241.55,11658.51
2019-08-06,7171.69,5234.65,11567.96
2019-08-07,7198.7,5266.51,11650.15
2019-08-08,7285.9,5387.96,11845.41
2019-08-09,7253.85,5327.92,11693.8
2019-08-12,7226.72,5310.31,11679.68
2019-08-13,7250.9,5363.07,11750.13
2019-08-14,7147.88,5251.3,11492.66
2019-08-15,7067.01,5236.93,11412.67
2019-08-16,7117.15,5300.79,11562.74
2019-08-19,7189.65,5371.56,11715.37
2019-08-20,7125.0,5344.64,11651.18
2019-08-21,7203.97,5435.48,11802.85
2019-08-22,7128.18,5388.25,11747.04
2019-08-23,7094.98,5326.87,11611.51
2019-08-26,,5351.02,11658.04
2019-08-27,7089.58,5387.09,11730.02
2019-08-28,7114.71,5368.8,11701.02
2019-08-29,7184.32,5449.97,11838.88
2019-08-30,7207.18,5480.48,11939.28
2019-09-02,7281.94,5493.04,11953.78
2019-09-03,7268.19,5466.07,11910.86
2019-09-04,7311.26,5532.07,12025.04
2019-09-05,7271.17,5593.37,12126.78
2019-09-06,7282.34,5603.99,12191.73
2019-09-09,7235.81,5588.95,12226.1
2019-09-10,7267.95,5593.21,12268.71
2019-09-11,7338.03,5618.06,12359.07
2019-09-12,7344.67,5642.86,12410.25
2019-09-13,7367.46,5655.46,12468.53
2019-09-16,7321.41,5602.23,12380.31
2019-09-17,7320.4,5615.51,12372.61
2019-09-18,7314.05,5620.65,12389.62
2019-09-19,7356.42,5659.08,12457.7
2019-09-20,7344.92,5690.78,12468.01
2019-09-23,7326.08,5630.76,12342.33
2019-09-24,7291.43,5628.33,12307.15
2019-09-25,7289.99,5583.8,12234.18
2019-09-26,7351.08,5620.57,12288.54
2019-09-27,7426.21,5640.58,12380.94
2019-09-30,7408.21,5677.79,12428.08
2019-10-01,7360.32,5597.63,12263.83
2019-10-02,7122.54,5422.77,11925.25
2019-10-03,7077.64,5438.77,
2019-10-04,7155.38,5488.32,12012.81
2019-10-07,7197.88,5521.61,12097.43
2019-10-08,7143.15,5456.62,11970.2
2019-10-09,7166.5,5499.14,12094.26
2019-10-10,7186.36,5569.05,12164.2
2019-10-11,7247.08,5665.48,12511.65
2019-10-14,7213.45,5643.08,12486.56
2019-10-15,7211.64,5702.05,12629.79
2019-10-16,7167.95,5696.9,12670.11
2019-10-17,7182.32,5673.07,12654.95
2019-10-18,7150.57,5636.25,12633.6
2019-10-21,7163.64,5648.35,12747.96
2019-10-22,7212.49,5657.69,12754.69
2019-10-23,7260.74,5653.44,12798.19
2019-10-24,7328.25,5684.33,12872.1
2019-10-25,7324.47,5722.15,12894.51
2019-10-28,7331.28,5730.57,12941.71
2019-10-29,7306.26,5740.14,12939.62
2019-10-30,7330.78,5765.87,12910.23
2019-10-31,7248.38,5729.86,12866.79
2019-11-01,7302.42,5761.89,12961.05
2019-11-04,7369.69,5824.3,13136.28
2019-11-05,7388.08,5846.89,13148.5
2019-11-06,7396.65,5866.74,13179.89
2019-11-07,7406.41,5890.99,13289.46
2019-11-08,7359.38,5889.7,13228.56
2019-11-11,7328.54,5893.82,13198.37
2019-11-12,7365.44,5919.75,13283.51
2019-11-13,7351.21,5907.09,13230.07
2019-11-14,7292.76,5901.08,13180.23
2019-11-15,7302.94,5939.27,13241.75
2019-11-18,7307.7,5929.79,13207.01
2019-11-19,7323.8,5909.05,13221.12
2019-11-20,7262.49,5894.03,13158.14
2019-11-21,7238.55,5881.21,13137.7
2019-11-22,7326.81,5893.13,13163.88
2019-11-25,7396.29,5924.86,13246.45
2019-11-26,7403.14,5929.62,13236.42
2019-11-27,7429.78,5926.84,13287.07
2019-11-28,7416.43,5912.72,13245.58
2019-11-29,7346.53,5905.17,13236.38
2019-12-02,7285.94,5786.74,12964.68
2019-12-03,7158.76,5727.22,12989.29
2019-12-04,7188.5,5799.68,13140.57
2019-12-05,7137.85,5801.55,13054.8
2019-12-06,7239.66,5871.91,13166.58
2019-12-09,7233.9,5837.25,13105.61
2019-12-10,7213.76,5848.03,13070.72
2019-12-11,7216.25,5860.88,13146.74
2019-12-12,7273.47,5884.26,13221.64
2019-12-13,7353.44,5919.02,13282.72
2019-12-16,7519.05,5991.66,13407.66
2019-12-17,7525.28,5968.26,13287.83
2019-12-18,7540.75,5959.6,13222.16
2019-12-19,7573.82,5972.28,13211.96
2019-12-20,7582.48,6021.53,13318.9
2019-12-23,7623.59,6029.37,13300.98
2019-12-24,7632.24,6029.55,
2019-12-25,,,
2019-12-26,,,
2019-12-27,7644.9,6037.39,13337.11
2019-12-30,7587.05,5982.22,13249.01
2019-12-31,7542.44,5978.06,
2020-01-02,7604.3,6041.5,13385.93
2020-01-03,7622.4,6044.16,13219.14
2020-01-06,7575.34,6013.59,13126.99
2020-01-07,7573.85,6012.35,13226.83
2020-01-08,7574.93,6031.0,13320.18
2020-01-09,7598.12,6042.55,13495.06
2020-01-10,7587.85,6037.11,13483.31
2020-01-13,7617.6,6036.14,13451.52
2020-01-14,7622.35,6040.89,13456.49
2020-01-15,7642.8,6032.61,13432.3
2020-01-16,7609.81,6039.03,13429.43
2020-01-17,7674.56,6100.72,13526.13
2020-01-20,7651.44,6078.54,13548.94
2020-01-21,7610.7,6045.99,13555.87
2020-01-22,7571.92,6010.98,13515.75
2020-01-23,7507.67,5971.79,13388.42
2020-01-24,7585.98,6024.26,13576.68
2020-01-27,7412.05,5863.02,13204.77
2020-01-28,7480.69,5925.82,13323.69
2020-01-29,7483.57,5954.89,13345.0
2020-01-30,7381.96,5871.77,13157.12
2020-01-31,7286.01,5806.34,12981.97
2020-02-03,7326.31,5832.51,13045.19
2020-02-04,7439.82,5935.05,13281.74
2020-02-05,7482.48,5985.4,13478.33
2020-02-06,7504.79,6038.18,13574.82
2020-02-07,7466.7,6029.75,13513.81
2020-02-10,7446.88,6015.67,13494.03
2020-02-11,7499.44,6054.76,13627.84
2020-02-12,7534.37,6104.73,13749.78
2020-02-13,7452.03,6093.14,13745.43
2020-02-14,7409.13,6069.35,13744.21
2020-02-17,7433.25,6085.95,13783.89
2020-02-18,7382.01,6056.82,13681.19
2020-02-19,7457.02,6111.24,13789.0
2020-02-20,7436.64,6062.3,13664.0
2020-02-21,7403.92,6029.72,13579.33
2020-02-24,7156.83,5791.87,13035.24
2020-02-25,7017.88,5679.68,12790.49
2020-02-26,7042.47,5684.55,12774.88
2020-02-27,6796.4,5495.6,12367.46
2020-02-28,6580.61,5309.9,11890.35
2020-03-02,6654.89,5333.52,11857.87
2020-03-03,6718.2,5393.17,11985.39
2020-03-04,6815.59,5464.89,12127.69
2020-03-05,6705.43,5361.1,11944.72
2020-03-06,6462.55,5139.11,11541.87
2020-03-09,5965.77,4707.91,10625.02
2020-03-10,5960.23,4636.61,10475.49
2020-03-11,5876.52,4610.25,10438.68
2020-03-12,5237.48,4044.26,9161.13
2020-03-13,5366.11,4118.36,9232.08
2020-03-16,5151.08,3881.46,8742.25
2020-03-17,5294.9,3991.78,8939.1
2020-03-18,5080.58,3754.84,8441.71
2020-03-19,5151.61,3855.5,8610.43
2020-03-20,5190.78,4048.8,8928.95
2020-03-23,4993.89,3914.31,8741.15
2020-03-24,5446.01,4242.7,9700.57
2020-03-25,5688.2,4432.3,9874.26
2020-03-26,5815.73,4543.58,10000.96
2020-03-27,5510.33,4351.49,9632.52
2020-03-30,5563.74,4378.51,9815.97
2020-03-31,5671.96,4396.12,9935.84
2020-04-01,5454.57,4207.24,9544.75
2020-04-02,5480.22,4220.96,9570.82
2020-04-03,5415.5,4154.58,9525.77
2020-04-06,5582.39,4346.14,10075.17
2020-04-07,5704.45,4438.27,10356.7
2020-04-08,5677.73,4442.75,10332.89
2020-04-09,5842.66,4506.85,10564.74
2020-04-10,,,
2020-04-13,,,
2020-04-14,5791.31,4523.91,10696.56
2020-04-15,5597.65,4353.72,10279.76
2020-04-16,5628.43,4350.16,10301.54
2020-04-17,5786.96,4499.01,10625.78
2020-04-20,5812.83,4528.3,10675.9
2020-04-21,5641.03,4357.46,10249.85
2020-04-22,5770.63,4411.8,10415.03
2020-04-23,5826.61,4451.0,10513.79
2020-04-24,5752.23,4393.32,10336.09
2020-04-27,5846.79,4505.26,10659.99
2020-04-28,5958.5,4569.79,10795.63
2020-04-29,6115.25,4671.11,11107.74
2020-04-30,5901.21,4572.18,10861.64
2020-05-01,5763.06,,
2020-05-04,5753.78,4378.23,10466.8
2020-05-05,5849.42,4483.13,10729.46
2020-05-06,5853.76,4433.38,10606.2
2020-05-07,5935.98,4501.44,10759.27
2020-05-08,,4549.64,10904.48
2020-05-11,5939.73,4490.22,10824.99
2020-05-12,5994.77,4472.5,10819.5
2020-05-13,5904.05,4344.95,10542.66
2020-05-14,5741.54,4273.13,10337.02
2020-05-15,5799.77,4277.63,10465.17
2020-05-18,6048.59,4498.34,11058.87
2020-05-19,6002.23,4458.16,11075.29
2020-05-20,6067.16,4496.98,11223.71
2020-05-21,6015.25,4445.45,11065.93
2020-05-22,5993.28,4444.56,11073.87
2020-05-25,,4539.91,11391.28
2020-05-26,6067.76,4606.24,11504.65
2020-05-27,6144.25,4688.74,11657.69
2020-05-28,6218.79,4771.39,11781.13
2020-05-29,6076.6,4695.44,11586.85
2020-06-01,6166.42,4762.78,
2020-06-02,6220.14,4858.97,12021.28
2020-06-03,6382.41,5022.38,12487.36
2020-06-04,6341.44,5011.98,12430.56
2020-06-05,6484.3,5197.79,12847.68
2020-06-08,6472.59,5175.52,12819.59
2020-06-09,6335.72,5095.11,12617.99
2020-06-10,6329.13,5053.42,12530.16
2020-06-11,6076.7,4815.6,11970.29
2020-06-12,6105.18,4839.26,11949.28
2020-06-15,6064.7,4815.72,11911.35
2020-06-16,6242.79,4952.46,12315.66
2020-06-17,6253.25,4995.97,12382.14
2020-06-18,6224.07,4958.75,12281.53
2020-06-19,6292.6,4979.45,12330.76
2020-06-22,6244.62,4948.7,12262.97
2020-06-23,6320.12,5017.68,12523.76
2020-06-24,6123.69,4871.36,12093.94
2020-06-25,6147.14,4918.58,12177.87
2020-06-26,6159.3,4909.64,12089.39
2020-06-29,6225.77,4945.46,12232.12
2020-06-30,6169.74,4935.99,12310.93
2020-07-01,6157.96,4926.94,12260.57
2020-07-02,6240.36,5049.38,12608.46
2020-07-03,6157.3,5007.14,12528.18
2020-07-06,6285.94,5081.51,12733.45
2020-07-07,6189.9,5043.73,12616.8
2020-07-08,6156.16,4981.13,12494.81
2020-07-09,6049.62,4921.01,12489.46
2020-07-10,6095.41,4970.48,12633.71
2020-07-13,6176.19,5056.23,12799.97
2020-07-14,6179.75,5007.46,12697.36
2020-07-15,6292.65,5108.98,12930.98
2020-07-16,6250.69,5085.28,12874.97
2020-07-17,6290.3,5069.42,12919.61
2020-07-20,6261.52,5093.18,13046.92
2020-07-21,6269.73,5104.28,13171.83
2020-07-22,6207.1,5037.12,13104.25
2020-07-23,6211.44,5033.76,13103.39
2020-07-24,6123.82,4956.43,12838.06
2020-07-27,6104.88,4939.62,12838.66
2020-07-28,6129.26,4928.94,12835.28
2020-07-29,6131.46,4958.74,12822.26
2020-07-30,5989.99,4852.94,12379.65
2020-07-31,5897.76,4783.69,12313.36
2020-08-03,6032.85,4875.93,12646.98
2020-08-04,6036.0,4889.52,12600.87
2020-08-05,6104.72,4933.34,12660.25
2020-08-06,6026.94,4885.13,12591.68
2020-08-07,6032.18,4889.52,12674.88
2020-08-10,6050.59,4909.51,12687.53
2020-08-11,6154.34,5027.99,12946.89
2020-08-12,6280.12,5073.31,13058.63
2020-08-13,6185.62,5042.38,12993.71
2020-08-14,6090.04,4962.93,12901.34
2020-08-17,6127.44,4971.94,12920.66
2020-08-18,6076.62,4938.06,12881.76
2020-08-19,6111.98,4977.23,12977.33
2020-08-20,6013.34,4911.24,12830.0
2020-08-21,6001.89,4896.33,12764.8
2020-08-24,6104.73,5007.89,13066.54
2020-08-25,6037.01,5008.27,13061.62
2020-08-26,6045.6,5048.43,13190.15
2020-08-27,5999.99,5015.97,13096.36
2020-08-28,5963.57,5002.94,13033.2
2020-08-31,,4947.22,12945.38
2020-09-01,5862.05,4938.1,12974.25
2020-09-02,5940.95,5031.74,13243.43
2020-09-03,5850.86,5009.52,13057.77
2020-09-04,5799.08,4965.07,12842.66
2020-09-07,5937.4,5053.72,13100.28
2020-09-08,5930.3,4973.52,12968.33
2020-09-09,6012.84,5042.98,13237.21
2020-09-10,6003.32,5023.93,13208.89
2020-09-11,6032.09,5034.14,13202.84
2020-09-14,6026.25,5051.88,13193.66
2020-09-15,6105.54,5067.93,13217.67
2020-09-16,6078.48,5074.42,13255.37
2020-09-17,6049.92,5039.5,13208.12
2020-09-18,6007.05,4978.18,13116.25
2020-09-21,5804.29,4792.04,12542.44
2020-09-22,5829.46,4772.84,12594.39
2020-09-23,5899.26,4802.26,12642.97
2020-09-24,5822.78,4762.62,12606.57
2020-09-25,5842.67,4729.66,12469.2
2020-09-28,5927.93,4843.27,12870.87
2020-09-29,5897.5,4832.07,12825.82
2020-09-30,5866.1,4803.44,12760.73
2020-10-01,5879.45,4824.04,12730.77
2020-10-02,5902.12,4824.88,12689.04
2020-10-05,5942.94,4871.87,12828.31
2020-10-06,5949.94,4895.46,12906.02
2020-10-07,5946.25,4882.0,12928.57
2020-10-08,5978.03,4911.94,13042.21
2020-10-09,6016.65,4946.81,13051.23
2020-10-12,6001.38,4979.29,13138.41
2020-10-13,5969.71,4947.61,13018.99
2020-10-14,5935.06,4941.66,13028.06
2020-10-15,5832.52,4837.42,12703.75
2020-10-16,5919.58,4935.86,12908.99
2020-10-19,5884.65,4942.62,12854.66
2020-10-20,5889.22,4929.28,12736.95
2020-10-21,5776.5,4853.95,12557.64
2020-10-22,5785.65,4851.38,12543.06
2020-10-23,5860.28,4909.64,12645.75
2020-10-26,5792.01,4816.12,12177.18
2020-10-27,5728.99,4730.66,12063.57
2020-10-28,5582.8,4571.12,11560.51
2020-10-29,5581.75,4569.67,11598.07
2020-10-30,5577.27,4594.24,11556.48
2020-11-02,5654.97,4691.14,11788.28
2020-11-03,5786.77,4805.61,12088.98
2020-11-04,5883.26,4922.85,12324.22
2020-11-05,5906.18,4983.99,12568.09
2020-11-06,5910.02,4960.88,12480.02
2020-11-09,6186.29,5336.32,13095.97
2020-11-10,6296.85,5418.97,13163.11
2020-11-11,6382.1,5445.21,13216.18
2020-11-12,6338.94,5362.57,13052.95
2020-11-13,6316.39,5380.16,13076.72
2020-11-16,6421.29,5471.48,13138.61
2020-11-17,6365.33,5483.0,13133.47
2020-11-18,6385.24,5511.45,13201.89
2020-11-19,6334.35,5474.66,13086.16
2020-11-20,6351.45,5495.89,13137.25
2020-11-23,6333.84,5492.15,13126.97
2020-11-24,6432.17,5558.42,13292.44
2020-11-25,6391.09,5571.29,13289.8
2020-11-26,6362.93,5566.79,13286.57
2020-11-27,6367.58,5598.18,13335.68
2020-11-30,6266.19,5518.55,13291.16
2020-12-01,6384.73,5581.64,13382.3
2020-12-02,6463.39,5583.01,13313.24
2020-12-03,6490.27,5574.36,13252.86
2020-12-04,6550.23,5609.15,13298.96
2020-12-07,6555.39,5573.38,13271.0
2020-12-08,6558.82,5560.67,13278.49
2020-12-09,6564.29,5546.82,13340.26
2020-12-10,6599.76,5549.65,13295.73
2020-12-11,6546.75,5507.55,13114.3
2020-12-14,6531.83,5527.84,13223.16
2020-12-15,6513.32,5530.31,13362.87
2020-12-16,6570.91,5547.68,13565.98
2020-12-17,6551.06,5549.46,13667.25
2020-12-18,6529.18,5527.84,13630.51
2020-12-21,6416.32,5393.34,13246.3
2020-12-22,6453.16,5466.86,13418.11
2020-12-23,6495.75,5527.59,13587.23
2020-12-24,6502.11,5522.01,
2020-12-25,,,
2020-12-28,,5588.38,13790.29
2020-12-29,6602.65,5611.79,13761.38
2020-12-30,6555.82,5599.41,13718.78
2020-12-31,6460.52,5551.41,
2021-01-04,6571.88,5588.96,13726.74
2021-01-05,6612.25,5564.6,13651.22
2021-01-06,6841.86,5630.6,13891.97
2021-01-07,6856.96,5669.85,13968.24
2021-01-08,6873.26,5706.88,14049.53
2021-01-11,6798.48,5662.43,13936.66
2021-01-12,6754.11,5650.97,13925.06
2021-01-13,6745.52,5662.67,13939.71
2021-01-14,6801.96,5681.14,13988.7
2021-01-15,6735.71,5611.69,13787.73
2021-01-18,6720.65,5617.27,13848.35
2021-01-19,6712.95,5598.61,13815.06
2021-01-20,6740.39,5628.44,13921.37
2021-01-21,6715.42,5590.79,13906.67
2021-01-22,6695.07,5559.57,13873.97
2021-01-25,6638.85,5472.36,13643.95
2021-01-26,6654.01,5523.52,13870.99
2021-01-27,6567.37,5459.62,13620.46
2021-01-28,6526.15,5510.52,13665.93
2021-01-29,6407.46,5399.21,13432.87
2021-02-01,6466.42,5461.68,13622.02
2021-02-02,6516.65,5563.11,13835.16
2021-02-03,6507.82,5563.05,13933.63
2021-02-04,6503.72,5608.54,14060.29
2021-02-05,6489.33,5659.26,14056.72
2021-02-08,6523.53,5686.03,14059.91
2021-02-09,6531.56,5691.54,14011.8
2021-02-10,6524.36,5670.8,13932.97
2021-02-11,6528.72,5669.82,14040.91
2021-02-12,6589.79,5703.67,14049.89
2021-02-15,6756.11,5786.25,14109.48
2021-02-16,6748.86,5786.53,14064.6
2021-02-17,6710.9,5765.84,13909.27
2021-02-18,6617.15,5728.33,13886.93
2021-02-19,6624.02,5773.55,13993.23
2021-02-22,6612.24,5767.44,13950.04
2021-02-23,6625.94,5779.84,13864.81
2021-02-24,6658.97,5797.98,13976.0
2021-02-25,6651.96,5783.89,13879.33
2021-02-26,6483.43,5703.22,13786.29
2021-03-01,6588.53,5792.79,14012.82
2021-03-02,6613.75,5809.73,14039.8
2021-03-03,6675.47,5830.06,14080.03
2021-03-04,6650.88,5830.65,14056.34
2021-03-05,6630.52,5782.65,13920.69
2021-03-08,6719.13,5902.99,14380.91
2021-03-09,6730.34,5924.97,14437.94
2021-03-10,6725.6,5990.55,14540.25
2021-03-11,6736.96,6033.76,14569.39
2021-03-12,6761.47,6046.55,14502.39
2021-03-15,6749.7,6035.97,14461.42
2021-03-16,6803.61,6055.43,14557.58
2021-03-17,6762.67,6054.82,14596.61
2021-03-18,6779.68,6062.79,14775.52
2021-03-19,6708.71,5997.96,14621.0
2021-03-22,6726.1,5968.48,14657.21
2021-03-23,6699.19,5945.3,14662.02
2021-03-24,6712.89,5947.29,14610.39
2021-03-25,6674.83,5952.41,14621.36
2021-03-26,6740.59,5988.81,14748.94
2021-03-29,6736.17,6015.51,14817.72
2021-03-30,6772.12,6088.04,15008.61
2021-03-31,6713.63,6067.23,15008.34
2021-04-01,6737.3,6102.96,15107.17
2021-04-02,,,
2021-04-05,,,
2021-04-06,6823.55,6131.34,15212.68
2021-04-07,6885.32,6130.66,15176.36
2021-04-08,6942.22,6165.72,15202.68
2021-04-09,6915.75,6169.41,15234.16
2021-04-12,6889.12,6161.68,15215.0
2021-04-13,6890.49,6184.1,15234.36
2021-04-14,6939.58,6208.58,15209.15
2021-04-15,6983.5,6234.14,15255.33
2021-04-16,7019.53,6287.07,15459.75
2021-04-19,7000.08,6296.69,15368.39
2021-04-20,6859.87,6165.11,15129.51
2021-04-21,6895.29,6210.55,15195.97
2021-04-22,6938.24,6267.28,15320.52
2021-04-23,6938.56,6257.94,15279.62
2021-04-26,6963.12,6275.52,15296.34
2021-04-27,6944.97,6273.76,15249.27
2021-04-28,6963.67,6306.98,15292.18
2021-04-29,6961.48,6302.57,15154.2
2021-04-30,6969.81,6269.48,15135.91
2021-05-03,,6307.9,15236.47
2021-05-04,6923.17,6251.75,14856.48
2021-05-05,7039.3,6339.47,15170.78
2021-05-06,7076.17,6357.09,15196.74
2021-05-07,7129.71,6385.51,15399.65
2021-05-10,7123.68,6385.99,15400.41
2021-05-11,6947.99,6267.39,15119.75
2021-05-12,7004.63,6279.35,15150.22
2021-05-13,6963.33,6288.33,15199.68
2021-05-14,7043.61,6385.14,15416.64
2021-05-17,7032.85,6367.35,15396.62
2021-05-18,7034.24,6353.67,15386.58
2021-05-19,6950.2,6262.55,15113.56
2021-05-20,7019.79,6343.58,15370.26
2021-05-21,7018.05,6386.41,15437.51
2021-05-24,7051.59,6408.49,
2021-05-25,7029.79,6390.27,15465.09
2021-05-26,7026.93,6391.6,15450.72
2021-05-27,7019.67,6435.71,15406.73
2021-05-28,7022.61,6484.11,15519.98
2021-05-31,,6447.17,15421.13
2021-06-01,7080.46,6489.4,15567.36
2021-06-02,7108.0,6521.52,15602.71
2021-06-03,7064.35,6507.92,15632.67
2021-06-04,7069.04,6515.66,15692.9
2021-06-07,7077.22,6543.56,15677.15
2021-06-08,7095.09,6551.01,15640.6
2021-06-09,7081.01,6563.45,15581.14
2021-06-10,7088.18,6546.49,15571.22
2021-06-11,7134.06,6600.66,15693.27
2021-06-14,7146.68,6616.35,15673.64
2021-06-15,7172.48,6639.52,15729.52
2021-06-16,7184.95,6652.65,15710.57
2021-06-17,7153.43,6666.26,15727.67
2021-06-18,7017.47,6569.16,15448.04
2021-06-21,7062.29,6602.54,15603.24
2021-06-22,7090.01,6611.5,15636.33
2021-06-23,7074.06,6551.07,15456.39
2021-06-24,7109.97,6631.15,15589.23
2021-06-25,7136.07,6622.87,15607.97
2021-06-28,7072.97,6558.02,15554.18
2021-06-29,7087.55,6567.43,15690.59
2021-06-30,7037.47,6507.83,15531.04
2021-07-01,7125.16,6553.82,15603.81
2021-07-02,7123.27,6552.86,15650.09
2021-07-05,7164.91,6567.54,15661.97
2021-07-06,7100.88,6507.48,15511.38
2021-07-07,7151.02,6527.72,15692.71
2021-07-08,7030.66,6396.73,15420.64
2021-07-09,7121.88,6529.42,15687.93
2021-07-12,7125.42,6559.25,15790.51
2021-07-13,7124.72,6558.47,15789.64
2021-07-14,7091.19,6558.38,15788.98
2021-07-15,7012.02,6493.36,15629.66
2021-07-16,7008.09,6460.08,15540.31
2021-07-19,6844.39,6295.97,15133.2
2021-07-20,6881.13,6346.85,15216.27
2021-07-21,6998.28,6464.48,15422.5
2021-07-22,6968.3,6481.59,15514.54
2021-07-23,7027.58,6568.82,15669.29
2021-07-26,7025.43,6578.6,15618.98
2021-07-27,6996.08,6531.92,15519.13
2021-07-28,7016.63,6609.31,15570.36
2021-07-29,7078.42,6633.77,15640.47
2021-07-30,7032.3,6612.76,15544.39
2021-08-02,7081.72,6675.9,15568.73
2021-08-03,7105.72,6723.81,15555.08
2021-08-04,7123.86,6746.23,15692.13
2021-08-05,7120.43,6781.19,15744.67
2021-08-06,7122.95,6816.96,15761.45
2021-08-09,7132.3,6813.18,15745.41
2021-08-10,7161.04,6820.21,15770.71
2021-08-11,7220.14,6857.99,15826.09
2021-08-12,7193.23,6882.47,15937.51
2021-08-13,7218.71,6896.04,15977.44
2021-08-16,7153.98,6838.77,15925.73
2021-08-17,7181.11,6819.84,15921.95
2021-08-18,7169.32,6770.11,15965.97
2021-08-19,7058.86,6605.89,15765.81
2021-08-20,7087.9,6626.11,15808.04
2021-08-23,7109.02,6683.1,15852.79
2021-08-24,7125.78,6664.31,15905.85
2021-08-25,7150.12,6676.48,15860.66
2021-08-26,7124.98,6666.03,15793.62
2021-08-27,7148.01,6681.92,15851.75
2021-08-30,,6687.3,15887.31
2021-08-31,7119.7,6680.18,15835.09
2021-09-01,7149.84,6758.69,15824.29
2021-09-02,7163.9,6763.08,15840.59
2021-09-03,7138.35,6689.99,15781.2
2021-09-06,7187.18,6743.5,15932.12
2021-09-07,7149.37,6726.07,15843.09
2021-09-08,7095.53,6668.89,15610.28
2021-09-09,7024.21,6684.72,15623.15
2021-09-10,7029.2,6663.77,15609.81
2021-09-13,7068.43,6676.93,15701.42
2021-09-14,7034.06,6652.97,15722.99
2021-09-15,7016.49,6583.62,15616.0
2021-09-16,7027.48,6622.59,15651.75
2021-09-17,6963.64,6570.19,15490.17
2021-09-20,6903.91,6455.81,15132.06
2021-09-21,6980.98,6552.73,15348.53
2021-09-22,7083.37,6637.0,15506.74
2021-09-23,7078.35,6701.98,15643.97
2021-09-24,7051.48,6638.46,15531.75
2021-09-27,7063.4,6650.91,15573.88
2021-09-28,7028.1,6506.5,15248.56
2021-09-29,7108.16,6560.8,15365.27
2021-09-30,7086.42,6520.01,15260.69
2021-10-01,7027.07,6517.69,15156.44
2021-10-04,7011.01,6477.66,15036.55
2021-10-05,7077.1,6576.28,15194.49
2021-10-06,6995.87,6493.12,14973.33
2021-10-07,7078.04,6600.19,15250.86
2021-10-08,7095.55,6559.99,15206.13
2021-10-11,7146.85,6570.54,15199.14
2021-10-12,7130.23,6548.11,15146.87
2021-10-13,7141.82,6597.38,15249.38
2021-10-14,7207.71,6685.21,15462.72
2021-10-15,7234.03,6727.52,15587.36
2021-10-18,7203.83,6673.1,15474.47
2021-10-19,7217.53,6669.85,15515.83
2021-10-20,7223.1,6705.61,15522.92
2021-10-21,7190.3,6686.17,15472.56
2021-10-22,7204.55,6733.69,15542.98
2021-10-25,7222.82,6712.87,15599.23
2021-10-26,7277.62,6766.51,15757.06
2021-10-27,7253.27,6753.52,15705.81
2021-10-28,7249.47,6804.22,15696.33
2021-10-29,7237.57,6830.34,15688.77
2021-11-01,7288.62,6893.29,15806.29
2021-11-02,7274.81,6927.03,15954.45
2021-11-03,7248.89,6950.65,15959.98
2021-11-04,7279.91,6987.79,16029.65
2021-11-05,7303.96,7040.79,16054.36
2021-11-08,7300.4,7047.48,16046.52
2021-11-09,7274.04,7043.27,16040.47
2021-11-10,7340.15,7045.16,16067.83
2021-11-11,7384.18,7059.55,16083.11
2021-11-12,7347.91,7091.4,16094.07
2021-11-15,7351.86,7128.63,16148.64
2021-11-16,7326.97,7152.6,16247.86
2021-11-17,7291.2,7156.85,16251.13
2021-11-18,7255.96,7141.98,16221.73
2021-11-19,7223.57,7112.29,16159.97
2021-11-22,7255.46,7105.0,16115.69
2021-11-23,7266.69,7044.62,15937.0
2021-11-24,7286.32,7042.23,15878.39
2021-11-25,7310.37,7075.87,15917.98
2021-11-26,7044.03,6739.73,15257.04
2021-11-29,7109.95,6776.25,15280.86
2021-11-30,7059.45,6721.16,15100.13
2021-12-01,7168.68,6881.87,15472.67
2021-12-02,7129.21,6795.75,15263.11
2021-12-03,7122.32,6765.52,15169.98
2021-12-06,7232.28,6865.78,15380.79
2021-12-07,7339.9,7065.39,15813.94
2021-12-08,7337.05,7014.57,15687.09
2021-12-09,7321.26,7008.23,15639.26
2021-12-10,7291.78,6991.68,15623.31
2021-12-13,7231.44,6942.91,15621.72
2021-12-14,7218.64,6895.31,15453.56
2021-12-15,7170.75,6927.63,15476.35
2021-12-16,7260.61,7005.07,15636.4
2021-12-17,7269.92,6926.63,15531.69
2021-12-20,7198.03,6870.1,15239.67
2021-12-21,7297.41,6964.99,15447.44
2021-12-22,7341.66,7051.67,15593.47
2021-12-23,7373.34,7106.15,15756.31
2021-12-24,7372.1,7086.58,
2021-12-27,,7140.39,15835.25
2021-12-28,,7181.11,15963.7
2021-12-29,7420.69,7161.52,15852.25
2021-12-30,7403.01,7173.23,15884.86
2021-12-31,7384.54,7153.03,
2022-01-03,,7217.22,16020.73
2022-01-04,7505.15,7317.41,16152.61
2022-01-05,7516.87,7376.37,16271.75
2022-01-06,7450.37,7249.66,16052.03
2022-01-07,7485.28,7219.48,15947.74
2022-01-10,7445.25,7115.77,15768.27
2022-01-11,7491.37,7183.38,15941.81
2022-01-12,7551.72,7237.19,16010.32
2022-01-13,7563.85,7201.14,16031.59
2022-01-14,7542.95,7143.0,15883.24
2022-01-17,7611.23,7201.64,15933.72
2022-01-18,7563.55,7133.83,15772.56
2022-01-19,7589.66,7172.98,15809.72
2022-01-20,7585.01,7194.16,15912.33
2022-01-21,7494.13,7068.59,15603.88
2022-01-24,7297.15,6787.79,15011.13
2022-01-25,7371.46,6837.96,15123.87
2022-01-26,7469.78,6981.96,15459.39
2022-01-27,7554.31,7023.8,15524.27
2022-01-28,7466.07,6965.88,15318.95
2022-01-31,7464.37,6999.2,15471.2
2022-02-01,7535.78,7099.49,15619.39
2022-02-02,7583.0,7115.27,15613.77
2022-02-03,7528.84,7005.63,15368.47
2022-02-04,7516.4,6951.38,15099.56
2022-02-07,7573.47,7009.25,15206.64
2022-02-08,7567.07,7028.41,15242.38
2022-02-09,7643.42,7130.88,15482.01
2022-02-10,7672.4,7101.55,15490.44
2022-02-11,7661.02,7011.6,15425.12
2022-02-14,7531.59,6852.2,15113.97
2022-02-15,7608.92,6979.97,15412.71
2022-02-16,7603.78,6964.98,15370.3
2022-02-17,7537.37,6946.82,15267.63
2022-02-18,7513.62,6929.63,15042.51
2022-02-21,7484.33,6788.34,14731.12
2022-02-22,7494.21,6787.6,14693.0
2022-02-23,7498.18,6780.67,14631.36
2022-02-24,7207.38,6521.05,14052.1
2022-02-25,7489.46,6752.43,14567.23
2022-02-28,7458.25,6658.83,14461.02
2022-03-01,7330.2,6396.49,13904.85
2022-03-02,7429.56,6498.02,14000.11
2022-03-03,7238.85,6378.37,13698.4
2022-03-04,6987.14,6061.66,13094.54
2022-03-07,6959.48,5982.27,12834.65
2022-03-08,6964.11,5962.96,12831.51
2022-03-09,7190.72,6387.83,13847.93
2022-03-10,7099.09,6207.2,13442.1
2022-03-11,7155.64,6260.25,13628.11
2022-03-14,7193.47,6369.94,13929.11
2022-03-15,7175.7,6355.0,13917.27
2022-03-16,7291.68,6588.64,14440.74
2022-03-17,7385.34,6612.52,14388.06
2022-03-18,7404.73,6620.24,14413.09
2022-03-21,7442.39,6582.33,14326.97
2022-03-22,7476.72,6659.41,14473.2
2022-03-23,7460.63,6581.43,14283.65
2022-03-24,7467.38,6555.77,14273.79
2022-03-25,7483.35,6553.68,14305.76
2022-03-28,7473.14,6589.11,14417.37
2022-03-29,7537.25,6792.16,14820.33
2022-03-30,7578.75,6741.59,14606.05
2022-03-31,7515.68,6659.87,14414.75
2022-04-01,7537.9,6684.31,14446.48
2022-04-04,7558.92,6731.37,14518.16
2022-04-05,7613.72,6645.51,14424.36
2022-04-06,7587.7,6498.83,14151.69
2022-04-07,7551.81,6461.68,14078.15
2022-04-08,7669.56,6548.22,14283.67
2022-04-11,7618.31,6555.81,14192.78
2022-04-12,7576.66,6537.41,14124.95
2022-04-13,7580.8,6542.14,14076.44
2022-04-14,7616.38,6589.35,14163.85
2022-04-15,,,
2022-04-18,,,
2022-04-19,7601.28,6534.79,14153.46
2022-04-20,7629.22,6624.91,14362.03
2022-04-21,7627.95,6715.1,14502.41
2022-04-22,7521.68,6581.42,14142.09
2022-04-25,7380.54,6449.38,13924.17
2022-04-26,7386.19,6414.57,13756.4
2022-04-27,7425.61,6445.26,13793.94
2022-04-28,7509.19,6508.14,13979.84
2022-04-29,7544.55,6533.77,14097.88
2022-05-02,,6425.61,13939.07
2022-05-03,7561.33,6476.18,14039.47
2022-05-04,7493.45,6395.68,13970.82
2022-05-05,7503.27,6368.4,13902.52
2022-05-06,7387.94,6258.36,13674.29
2022-05-09,7216.58,6086.02,13380.67
2022-05-10,7243.22,6116.91,13534.74
2022-05-11,7347.66,6269.73,13828.64
2022-05-12,7233.34,6206.26,13739.64
2022-05-13,7418.15,6362.68,14027.93
2022-05-16,7464.8,6347.77,13964.38
2022-05-17,7518.35,6430.19,14185.94
2022-05-18,7438.09,6352.94,14007.76
2022-05-19,7302.74,6272.71,13882.3
2022-05-20,7389.98,6285.24,13981.91
2022-05-23,7513.44,6358.74,14175.4
2022-05-24,7484.35,6253.14,13919.75
2022-05-25,7522.75,6298.64,14007.93
2022-05-26,7564.92,6410.58,14231.29
2022-05-27,7585.46,6515.75,14462.19
2022-05-30,7600.06,6562.39,14575.98
2022-05-31,7607.66,6468.8,14388.35
2022-06-01,7532.95,6418.89,14340.47
2022-06-02,,6500.44,14485.17
2022-06-03,,6485.3,14460.09
2022-06-06,7608.22,6548.78,14653.81
2022-06-07,7598.93,6500.35,14556.62
2022-06-08,7593.0,6448.63,14445.99
2022-06-09,7476.21,6358.46,14198.8
2022-06-10,7317.52,6187.23,13761.83
2022-06-13,7205.81,6022.32,13427.03
2022-06-14,7187.46,5949.84,13304.39
2022-06-15,7273.41,6030.13,13485.29
2022-06-16,7044.98,5886.24,13038.49
2022-06-17,7016.25,5882.65,13126.26
2022-06-20,7121.81,5920.09,13265.6
2022-06-21,7152.05,5964.66,13292.4
2022-06-22,7089.22,5916.63,13144.28
2022-06-23,7020.45,5883.33,12912.59
2022-06-24,7208.81,6073.35,13118.13
2022-06-27,7258.32,6047.31,13186.07
2022-06-28,7323.41,6086.02,13231.82
2022-06-29,7312.32,6031.48,13003.35
2022-06-30,7169.28,5922.86,12783.77
2022-07-01,7168.65,5931.06,12813.03
2022-07-04,7232.65,5954.65,12773.38
2022-07-05,7025.47,5794.96,12401.2
2022-07-06,7107.77,5912.38,12594.52
2022-07-07,7189.08,6006.7,12843.22
2022-07-08,7196.24,6033.13,13015.23
2022-07-11,7196.59,5996.3,12832.44
2022-07-12,7209.86,6044.2,12905.48
2022-07-13,7156.37,6000.24,12756.32
2022-07-14,7039.81,5915.41,12519.66
2022-07-15,7159.01,6036.0,12864.72
2022-07-18,7223.24,6091.91,12959.81
2022-07-19,7296.28,6201.22,13308.41
2022-07-20,7264.31,6184.66,13281.98
2022-07-21,7270.51,6201.11,13246.64
2022-07-22,7276.37,6216.82,13253.68
2022-07-25,7306.3,6237.55,13210.32
2022-07-26,7306.28,6211.45,13096.93
2022-07-27,7348.23,6257.94,13166.38
2022-07-28,7345.25,6339.21,13282.11
2022-07-29,7423.43,6448.5,13484.05
2022-08-01,7413.42,6436.86,13479.63
2022-08-02,7409.11,6409.8,13449.2
2022-08-03,7445.68,6472.06,13587.56
2022-08-04,7448.06,6513.39,13662.68
2022-08-05,7439.74,6472.35,13573.93
2022-08-08,7482.37,6524.44,13687.69
2022-08-09,7488.15,6490.0,13534.97
2022-08-10,7507.11,6523.44,13700.93
2022-08-11,7465.91,6544.67,13694.51
2022-08-12,7500.89,6553.86,13795.85
2022-08-15,7509.15,6569.95,13816.61
2022-08-16,7536.06,6592.58,13910.12
2022-08-17,7515.75,6528.32,13626.71
2022-08-18,7541.85,6557.4,13697.41
2022-08-19,7550.37,6495.83,13544.52
2022-08-22,7533.79,6378.74,13230.57
2022-08-23,7488.11,6362.02,13194.23
2022-08-24,7471.51,6386.76,13220.06
2022-08-25,7479.74,6381.56,13271.96
2022-08-26,7427.31,6274.26,12971.47
2022-08-29,,6222.28,12892.99
2022-08-30,7361.63,6210.22,12961.14
2022-08-31,7284.15,6125.1,12834.96
2022-09-01,7148.5,6034.31,12630.23
2022-09-02,7281.19,6167.51,13050.27
2022-09-05,7287.43,6093.22,12760.78
2022-09-06,7300.44,6104.61,12871.44
2022-09-07,7237.83,6105.92,12915.97
2022-09-08,7262.06,6125.9,12904.32
2022-09-09,7351.07,6212.33,13088.21
2022-09-12,7473.03,6333.59,13402.27
2022-09-13,7385.86,6245.69,13188.95
2022-09-14,7277.3,6222.41,13028.0
2022-09-15,7282.07,6157.84,12956.66
2022-09-16,7236.68,6077.3,12741.26
2022-09-19,,6061.59,12803.24
2022-09-20,7192.66,5979.47,12670.83
2022-09-21,7237.64,6031.33,12767.15
2022-09-22,7159.52,5918.5,12531.63
2022-09-23,7018.6,5783.41,12284.19
2022-09-26,7020.95,5769.39,12227.92
2022-09-27,6984.59,5753.82,12139.68
2022-09-28,7005.39,5765.01,12183.28
2022-09-29,6881.59,5676.87,11975.55
2022-09-30,6893.81,5762.34,12114.36
2022-10-03,6908.76,5794.15,12209.48
2022-10-04,7086.46,6039.69,12670.48
2022-10-05,7052.62,5985.46,12517.18
2022-10-06,6997.27,5936.42,12470.78
2022-10-07,6991.09,5866.94,12273.0
2022-10-10,6959.31,5840.55,12272.94
2022-10-11,6885.23,5833.2,12220.25
2022-10-12,6826.15,5818.47,12172.26
2022-10-13,6850.27,5879.19,12355.58
2022-10-14,6858.79,5931.92,12437.81
2022-10-17,6920.24,6040.66,12649.03
2022-10-18,6936.74,6067.0,12765.61
2022-10-19,6924.99,6040.72,12741.41
2022-10-20,6943.91,6086.9,12767.41
2022-10-21,6969.73,6035.39,12730.9
2022-10-24,7013.99,6131.36,12931.45
2022-10-25,7013.48,6250.55,13052.96
2022-10-26,7056.07,6276.31,13195.81
2022-10-27,7073.69,6244.03,13211.23
2022-10-28,7047.67,6273.05,13243.33
2022-10-31,7094.53,6266.77,13253.74
2022-11-01,7186.16,6328.25,13338.74
2022-11-02,7144.14,6276.88,13256.74
2022-11-03,7188.63,6243.28,13130.19
2022-11-04,7334.84,6416.44,13459.85
2022-11-07,7299.99,6416.61,13533.52
2022-11-08,7306.14,6441.5,13688.75
2022-11-09,7296.25,6430.57,13666.32
2022-11-10,7375.34,6556.83,14146.09
2022-11-11,7318.04,6594.62,14224.86
2022-11-14,7385.17,6609.17,14313.3
2022-11-15,7369.44,6641.66,14378.51
2022-11-16,7351.19,6607.22,14234.03
2022-11-17,7346.54,6576.12,14266.38
2022-11-18,7385.52,6644.46,14431.86
2022-11-21,7376.85,6634.45,14379.93
2022-11-22,7452.84,6657.53,14422.35
2022-11-23,7465.24,6679.09,14427.59
2022-11-24,7466.6,6707.32,14539.56
2022-11-25,7486.67,6712.48,14541.38
2022-11-28,7474.02,6665.2,14383.36
2022-11-29,7512.0,6668.97,14355.45
2022-11-30,7573.05,6738.55,14397.04
2022-12-01,7558.49,6753.97,14490.3
2022-12-02,7556.23,6742.25,14529.39
2022-12-05,7567.54,6696.96,14447.61
2022-12-06,7521.39,6687.79,14343.19
2022-12-07,7489.19,6660.59,14261.19
2022-12-08,7472.17,6647.31,14264.56
2022-12-09,7476.63,6677.64,14370.72
2022-12-12,7445.97,6650.55,14306.63
2022-12-13,7502.89,6744.98,14497.89
2022-12-14,7495.93,6730.79,14460.2
2022-12-15,7426.17,6522.77,13986.23
2022-12-16,7332.12,6452.63,13893.07
2022-12-19,7361.31,6473.29,13942.87
2022-12-20,7370.62,6450.43,13884.66
2022-12-21,7497.32,6580.24,14097.82
2022-12-22,7469.28,6517.97,13914.07
2022-12-23,7473.01,6504.9,13940.93
2022-12-26,,,
2022-12-27,,6550.66,13995.1
2022-12-28,7497.19,6510.49,13925.6
2022-12-29,7512.72,6573.47,14071.72
2022-12-30,7451.74,6473.76,13923.59
2023-01-02,,6594.57,14069.26
2023-01-03,7554.09,6623.89,14181.67
2023-01-04,7585.19,6776.43,14490.78
2023-01-05,7633.45,6761.5,14436.31
2023-01-06,7699.49,6860.95,14610.02
2023-01-09,7724.94,6907.36,14792.83
2023-01-10,7694.49,6869.14,14774.6
2023-01-11,7724.98,6924.19,14947.91
2023-01-12,7794.04,6975.68,15058.3
2023-01-13,7844.07,7023.5,15086.52
2023-01-16,7860.07,7043.31,15134.04
2023-01-17,7851.03,7077.16,15187.07
2023-01-18,7830.7,7083.39,15181.8
2023-01-19,7747.29,6951.87,14920.36
2023-01-20,7770.59,6995.99,15033.56
2023-01-23,7784.67,7032.02,15102.95
2023-01-24,7757.36,7050.48,15093.11
2023-01-25,7744.87,7043.88,15081.64
2023-01-26,7761.11,7095.99,15132.85
2023-01-27,7765.15,7097.21,15150.03
2023-01-30,7784.87,7082.01,15126.08
2023-01-31,7771.7,7082.42,15128.27
2023-02-01,7761.11,7077.11,15180.74
2023-02-02,7820.16,7166.27,15509.19
2023-02-03,7901.8,7233.94,15476.43
2023-02-06,7836.71,7137.1,15345.91
2023-02-07,7864.71,7132.35,15320.88
2023-02-08,7885.17,7119.83,15412.05
2023-02-09,7911.15,7188.36,15523.42
2023-02-10,7882.45,7129.73,15307.98
2023-02-13,7947.6,7208.59,15397.34
2023-02-14,7953.85,7213.81,15380.56
2023-02-15,7997.83,7300.86,15506.34
2023-02-16,8012.53,7366.16,15533.64
2023-02-17,8004.36,7347.72,15482.0
2023-02-20,8014.31,7335.61,15477.55
2023-02-21,7977.75,7308.65,15397.62
2023-02-22,7930.63,7299.26,15399.89
2023-02-23,7907.72,7317.43,15475.69
2023-02-24,7878.66,7187.27,15209.74
2023-02-27,7935.11,7295.55,15381.43
2023-02-28,7876.28,7267.93,15365.14
2023-03-01,7914.93,7234.25,15305.02
2023-03-02,7944.04,7284.22,15327.64
2023-03-03,7947.11,7348.12,15578.39
2023-03-06,7929.79,7373.21,15653.58
2023-03-07,7919.48,7339.27,15559.53
2023-03-08,7929.92,7324.76,15631.87
2023-03-09,7879.98,7315.88,15633.21
2023-03-10,7748.35,7220.67,15427.97
2023-03-13,7548.63,7011.5,14959.47
2023-03-14,7637.11,7141.57,15232.83
2023-03-15,7344.45,6885.71,14735.26
2023-03-16,7410.03,7025.72,14967.1
2023-03-17,7335.4,6925.4,14768.2
2023-03-20,7403.85,7013.14,14933.38
2023-03-21,7536.22,7112.91,15195.34
2023-03-22,7566.84,7131.12,15216.19
2023-03-23,7499.6,7139.25,15210.39
2023-03-24,7405.45,7015.1,14957.23
2023-03-27,7471.77,7078.27,15127.68
2023-03-28,7484.25,7088.34,15142.02
2023-03-29,7564.27,7186.99,15328.78
2023-03-30,7620.43,7263.37,15522.4
2023-03-31,7631.74,7322.39,15628.84
2023-04-03,7673.0,7345.96,15580.92
2023-04-04,7634.52,7344.96,15603.47
2023-04-05,7662.94,7316.3,15520.17
2023-04-06,7741.56,7324.75,15597.89
2023-04-07,,,
2023-04-10,,,
2023-04-11,7785.72,7390.28,15655.17
2023-04-12,7824.84,7396.94,15703.6
2023-04-13,7843.38,7480.83,15729.46
2023-04-14,7871.91,7519.61,15807.5
2023-04-17,7879.51,7498.18,15789.53
2023-04-18,7909.44,7533.63,15882.67
2023-04-19,7898.77,7549.44,15895.2
2023-04-20,7902.61,7538.71,15795.97
2023-04-21,7914.13,7577.0,15881.66
2023-04-24,7912.2,7573.86,15863.95
2023-04-25,7891.13,7531.61,15872.13
2023-04-26,7852.64,7466.66,15795.73
2023-04-27,7831.58,7483.84,15800.45
2023-04-28,7870.57,7491.5,15922.38
2023-05-01,,,
2023-05-02,7773.03,7383.2,15726.94
2023-05-03,7788.37,7403.83,15815.06
2023-05-04,7702.64,7340.77,15734.24
2023-05-05,7778.38,7432.93,15961.02
2023-05-08,,7440.91,15952.83
2023-05-09,7764.09,7397.17,15955.48
2023-05-10,7741.33,7361.2,15896.23
2023-05-11,7730.58,7381.78,15834.91
2023-05-12,7754.62,7414.85,15913.82
2023-05-15,7777.7,7418.21,15917.24
2023-05-16,7751.08,7406.01,15897.93
2023-05-17,7723.23,7399.44,15951.3
2023-05-18,7742.3,7446.89,16163.36
2023-05-19,7756.87,7491.96,16275.38
2023-05-22,7770.99,7478.16,16223.99
2023-05-23,7762.95,7378.71,16152.86
2023-05-24,7627.1,7253.46,15842.13
2023-05-25,7570.87,7229.27,15793.8
2023-05-26,7627.2,7319.18,15983.97
2023-05-29,,7303.81,15952.73
2023-05-30,7522.07,7209.75,15908.91
2023-05-31,7446.14,7098.7,15664.02
2023-06-01,7490.27,7137.43,15853.66
2023-06-02,7607.28,7270.69,16051.23
2023-06-05,7599.99,7200.91,15963.89
2023-06-06,7628.1,7209.0,15992.44
2023-06-07,7624.34,7202.79,15960.56
2023-06-08,7599.74,7222.15,15989.96
2023-06-09,7562.36,7213.14,15949.84
2023-06-12,7570.69,7250.35,16097.87
2023-06-13,7594.78,7290.8,16230.68
2023-06-14,7602.74,7328.53,16310.79
2023-06-15,7628.26,7290.91,16290.12
2023-06-16,7642.72,7388.65,16357.63
2023-06-19,7588.48,7314.05,16201.2
2023-06-20,7569.31,7294.17,16111.32
2023-06-21,7559.18,7260.97,16023.13
2023-06-22,7502.03,7203.28,15988.16
2023-06-23,7461.87,7163.42,15829.94
2023-06-26,7453.58,7184.35,15813.06
2023-06-27,7461.46,7215.58,15846.86
2023-06-28,7500.49,7286.32,15949.0
2023-06-29,7471.69,7312.73,15946.72
2023-06-30,7531.53,7400.06,16147.9
2023-07-03,7527.26,7386.7,16081.04
2023-07-04,7519.72,7369.93,16039.17
2023-07-05,7442.1,7310.81,15937.58
2023-07-06,7280.5,7082.29,15528.54
2023-07-07,7256.94,7111.88,15603.4
2023-07-10,7273.79,7143.69,15673.16
2023-07-11,7282.52,7220.01,15790.34
2023-07-12,7416.11,7333.01,16023.0
2023-07-13,7440.21,7369.8,16141.03
2023-07-14,7434.57,7374.54,16105.07
2023-07-17,7406.42,7291.66,16068.65
2023-07-18,7453.69,7319.18,16125.49
2023-07-19,7588.2,7326.94,16108.93
2023-07-20,7646.05,7384.91,16204.22
2023-07-21,7663.73,7432.77,16177.22
2023-07-24,7678.59,7427.31,16190.95
2023-07-25,7691.8,7415.45,16211.59
2023-07-26,7676.89,7315.07,16131.46
2023-07-27,7692.76,7465.24,16406.03
2023-07-28,7694.27,7476.47,16469.75
2023-07-31,7699.41,7497.78,16446.83
2023-08-01,7666.27,7406.08,16240.4
2023-08-02,7561.63,7312.84,16020.02
2023-08-03,7529.16,7260.53,15893.38
2023-08-04,7564.37,7315.07,15951.86
2023-08-07,7554.49,7319.76,15950.76
2023-08-08,7527.42,7269.47,15774.93
2023-08-09,7587.3,7322.04,15852.58
2023-08-10,7618.6,7433.62,15996.52
2023-08-11,7524.16,7340.19,15832.17
2023-08-14,7507.15,7348.84,15904.25
2023-08-15,7389.64,7267.7,15767.28
2023-08-16,7356.88,7260.25,15789.45
2023-08-17,7310.21,7191.74,15676.9
2023-08-18,7262.43,7164.11,15574.26
2023-08-21,7257.82,7198.06,15603.28
2023-08-22,7270.76,7240.88,15705.62
2023-08-23,7320.53,7246.62,15728.41
2023-08-24,7333.63,7214.46,15621.49
2023-08-25,7338.58,7229.6,15631.82
2023-08-28,,7324.71,15792.61
2023-08-29,7464.99,7373.43,15930.88
2023-08-30,7473.67,7364.4,15891.93
2023-08-31,7439.13,7316.7,15947.08
2023-09-01,7464.54,7296.77,15840.34
2023-09-04,7452.76,7279.51,15824.85
2023-09-05,7437.93,7254.72,15771.71
2023-09-06,7426.14,7194.09,15741.37
2023-09-07,7441.72,7196.1,15718.66
2023-09-08,7478.19,7240.77,15744.75
2023-09-11,7496.87,7278.27,15800.99
2023-09-12,7527.53,7252.88,15715.53
2023-09-13,7525.99,7222.57,15654.03
2023-09-14,7673.08,7308.67,15805.29
2023-09-15,7711.38,7378.82,15893.53
2023-09-18,7652.94,7276.14,15727.12
2023-09-19,7660.2,7282.12,15664.48
2023-09-20,7731.65,7330.79,15781.59
2023-09-21,7678.62,7213.9,15571.86
2023-09-22,7683.91,7184.82,15557.29
2023-09-25,7623.99,7123.88,15405.49
2023-09-26,7625.72,7074.02,15255.87
2023-09-27,7593.22,7071.79,15217.45
2023-09-28,7601.85,7116.24,15323.5
2023-09-29,7608.08,7135.06,15386.58
2023-10-02,7510.72,7068.16,15247.21
2023-10-03,7470.16,6997.05,15085.21
2023-10-04,7412.45,6996.73,15099.92
2023-10-05,7451.54,6998.25,15070.22
2023-10-06,7494.58,7060.15,15229.77
2023-10-09,7492.21,7021.4,15128.11
2023-10-10,7628.21,7162.43,15423.52
2023-10-11,7620.03,7131.21,15460.01
2023-10-12,7644.78,7104.53,15425.03
2023-10-13,7599.6,7003.53,15186.66
2023-10-16,7630.63,7022.19,15237.99
2023-10-17,7675.21,7029.7,15251.69
2023-10-18,7588.0,6965.99,15094.91
2023-10-19,7499.53,6921.37,15045.23
2023-10-20,7402.14,6816.22,14798.47
2023-10-23,7374.83,6850.47,14800.72
2023-10-24,7389.7,6893.65,14879.94
2023-10-25,7414.34,6915.07,14892.18
2023-10-26,7354.57,6888.96,14731.05
2023-10-27,7291.28,6795.38,14687.41
2023-10-30,7327.39,6825.07,14716.54
2023-10-31,7321.72,6885.65,14810.34
2023-11-01,7342.43,6932.63,14923.27
2023-11-02,7446.53,7060.69,15143.6
2023-11-03,7417.73,7047.5,15189.25
2023-11-06,7417.76,7013.73,15135.97
2023-11-07,7410.04,6986.23,15152.64
2023-11-08,7401.72,7034.16,15229.6
2023-11-09,7455.67,7113.66,15352.54
2023-11-10,7360.55,7045.04,15234.39
2023-11-13,7425.83,7087.06,15345.0
2023-11-14,7440.47,7185.68,15614.43
2023-11-15,7486.91,7209.61,15748.17
2023-11-16,7410.97,7168.4,15786.61
2023-11-17,7504.25,7233.91,15919.16
2023-11-20,7496.36,7246.93,15901.33
2023-11-21,7481.99,7229.45,15900.53
2023-11-22,7469.51,7260.73,15957.82
2023-11-23,7483.58,7277.93,15994.73
2023-11-24,7488.2,7292.8,16029.49
2023-11-27,7460.7,7265.49,15966.37
2023-11-28,7455.24,7250.13,15992.67
2023-11-29,7423.46,7267.64,16166.45
2023-11-30,7453.75,7310.77,16215.43
2023-12-01,7529.35,7346.15,16397.52
2023-12-04,7512.96,7332.59,16404.76
2023-12-05,7489.84,7386.99,16533.11
2023-12-06,7515.38,7435.99,16656.44
2023-12-07,7513.72,7428.52,16628.99
2023-12-08,7554.47,7526.55,16759.22
2023-12-11,7544.89,7551.53,16794.43
2023-12-12,7542.77,7543.55,16791.74
2023-12-13,7548.44,7531.22,16766.05
2023-12-14,7648.98,7575.85,16752.23
2023-12-15,7576.36,7596.91,16751.44
2023-12-18,7614.48,7568.86,16650.55
2023-12-19,7638.03,7574.67,16744.41
2023-12-20,7715.68,7583.43,16733.05
2023-12-21,7694.73,7571.4,16687.42
2023-12-22,7697.51,7568.82,16706.18
2023-12-25,,,
2023-12-26,,,
2023-12-27,7724.95,7571.82,16742.07
2023-12-28,7722.74,7535.16,16701.55
2023-12-29,7733.24,7543.18,16751.64
2024-01-02,7721.52,7530.86,16769.36
2024-01-03,7682.33,7411.86,16538.39
2024-01-04,7723.07,7450.63,16617.29
2024-01-05,7689.61,7420.69,16594.21
2024-01-08,7694.19,7450.24,16716.47
2024-01-09,7683.96,7426.62,16688.36
2024-01-10,7651.76,7426.08,16689.81
2024-01-11,7576.59,7387.62,16547.03
2024-01-12,7624.93,7465.14,16704.56
2024-01-15,7594.91,7411.68,16622.22
2024-01-16,7558.34,7398.0,16571.68
2024-01-17,7446.29,7318.69,16431.69
2024-01-18,7459.09,7401.35,16567.35
2024-01-19,7461.93,7371.64,16555.13
2024-01-22,7487.71,7413.25,16683.36
2024-01-23,7485.73,7388.04,16627.09
2024-01-24,7527.67,7455.64,16889.92
2024-01-25,7529.73,7464.2,16906.92
2024-01-26,7635.09,7634.14,16961.39
2024-01-29,7632.74,7640.81,16941.71
2024-01-30,7666.31,7677.47,16972.34
2024-01-31,7630.57,7656.75,16903.76
2024-02-01,7622.16,7588.75,16859.04
2024-02-02,7615.54,7592.26,16918.21
2024-02-05,7612.86,7589.96,16904.06
2024-02-06,7681.01,7638.97,17033.24
2024-02-07,7628.75,7611.26,16921.96
2024-02-08,7595.48,7665.63,16963.83
2024-02-09,7572.58,7647.52,16926.5
2024-02-12,7573.69,7689.8,17037.35
2024-02-13,7512.28,7625.31,16880.83
2024-02-14,7568.4,7677.35,16945.48
2024-02-15,7597.53,7743.42,17046.69
2024-02-16,7711.71,7768.18,17117.44
2024-02-19,7728.5,7768.55,17092.26
2024-02-20,7719.21,7795.22,17068.43
2024-02-21,7662.51,7812.09,17118.12
2024-02-22,7684.49,7911.6,17370.45
2024-02-23,7706.28,7966.68,17419.33
2024-02-26,7684.3,7929.82,17423.23
2024-02-27,7683.02,7948.4,17556.49
2024-02-28,7624.98,7954.39,17601.22
2024-02-29,7630.02,7927.43,17678.19
2024-03-01,7682.5,7934.17,17735.07
2024-03-04,7640.33,7956.41,17716.17
2024-03-05,7646.16,7932.82,17698.4
2024-03-06,7679.31,7954.74,17716.71
2024-03-07,7692.46,8016.22,17842.85
2024-03-08,7659.74,8028.01,17814.51
2024-03-11,7669.23,8019.73,17746.27
2024-03-12,7747.81,8087.48,17965.11
2024-03-13,7772.17,8137.58,17961.38
2024-03-14,7743.15,8161.42,17942.04
2024-03-15,7727.42,8164.35,17936.65
2024-03-18,7722.55,8148.14,17932.68
2024-03-19,7738.3,8201.05,17987.49
2024-03-20,7737.38,8161.41,18015.13
2024-03-21,7882.55,8179.72,18179.25
2024-03-22,7930.92,8151.92,18205.94
2024-03-25,7917.57,8151.6,18261.31
2024-03-26,7930.96,8184.75,18384.35
2024-03-27,7931.98,8204.81,18477.09
2024-03-28,7952.62,8205.81,18492.49
2024-03-29,,,
2024-04-01,,,
2024-04-02,7935.09,8130.05,18283.13
2024-04-03,7937.44,8153.23,18367.72
2024-04-04,7975.89,8151.55,18403.13
2024-04-05,7911.16,8061.31,18175.04
2024-04-08,7943.47,8119.3,18318.97
2024-04-09,7934.79,8049.17,18076.69
2024-04-10,7961.21,8045.38,18097.3
2024-04-11,7923.8,8023.74,17954.48
2024-04-12,7995.58,8010.83,17930.32
2024-04-15,7965.53,8045.11,18026.58
2024-04-16,7820.36,7932.61,17766.23
2024-04-17,7847.99,7981.51,17770.02
2024-04-18,7877.05,8023.26,17837.4
2024-04-19,7895.85,8022.41,17737.36
2024-04-22,8023.87,8040.36,17860.8
2024-04-23,8044.81,8105.78,18137.65
2024-04-24,8040.38,8091.86,18088.7
2024-04-25,8078.86,8016.65,17917.28
2024-04-26,8139.83,8088.24,18161.01
2024-04-29,8147.03,8065.15,18118.32
2024-04-30,8144.13,7984.93,17932.17
2024-05-01,8121.24,,
2024-05-02,8172.15,7914.65,17896.5
2024-05-03,8213.49,7957.57,18001.6
2024-05-06,,7996.64,18175.21
2024-05-07,8313.67,8075.68,18430.05
2024-05-08,8354.05,8131.41,18498.38
2024-05-09,8381.35,8187.65,18686.6
2024-05-10,8433.76,8219.14,18772.85
2024-05-13,8414.99,8209.28,18742.22
2024-05-14,8428.13,8225.8,18716.42
2024-05-15,8445.8,8239.99,18869.36
2024-05-16,8438.65,8188.49,18738.81
2024-05-17,8420.26,8167.5,18704.42
2024-05-20,8424.2,8195.97,18768.96
2024-05-21,8416.45,8141.46,18726.76
2024-05-22,8370.33,8092.11,18680.2
2024-05-23,8339.23,8102.33,18691.32
2024-05-24,8317.59,8094.97,18693.37
2024-05-27,,8132.49,18774.71
2024-05-28,8254.18,8057.8,18677.87
2024-05-29,8183.07,7935.03,18473.29
2024-05-30,8231.05,7978.51,18496.79
2024-05-31,8275.38,7992.87,18497.94
2024-06-03,8262.75,7998.02,18608.16
2024-06-04,8232.04,7937.9,18405.64
2024-06-05,8246.95,8006.57,18575.94
2024-06-06,8285.34,8040.12,18652.67
2024-06-07,8245.37,8001.8,18557.27
2024-06-10,8228.48,7893.98,18494.89
2024-06-11,8147.81,7789.21,18369.94
2024-06-12,8215.48,7864.7,18630.86
2024-06-13,8163.67,7708.02,18265.68
2024-06-14,8146.86,7503.27,18002.02
2024-06-17,8142.15,7571.57,18068.21
2024-06-18,8191.29,7628.8,18131.97
2024-06-19,8205.11,7570.2,18067.91
2024-06-20,8272.46,7671.34,18254.18
2024-06-21,8237.72,7628.57,18163.52
2024-06-24,8281.55,7706.89,18325.58
2024-06-25,8247.79,7662.3,18177.62
2024-06-26,8225.33,7609.15,18155.24
2024-06-27,8179.68,7530.72,18210.55
2024-06-28,8164.12,7479.4,18235.45
2024-07-01,8166.76,7561.13,18290.66
2024-07-02,8121.2,7538.29,18164.06
2024-07-03,8171.12,7632.08,18374.53
2024-07-04,8241.26,7695.78,18450.48
2024-07-05,8203.93,7675.62,18475.45
2024-07-08,8193.49,7627.45,18472.05
2024-07-09,8139.81,7508.66,18236.19
2024-07-10,8193.51,7573.55,18407.22
2024-07-11,8223.34,7627.13,18534.56
2024-07-12,8252.91,7724.32,18748.18
2024-07-15,8182.96,7632.71,18590.89
2024-07-16,8164.9,7580.03,18518.03
2024-07-17,8187.46,7570.81,18437.3
2024-07-18,8204.89,7586.55,18354.76
2024-07-19,8155.72,7534.52,18171.93
2024-07-22,8198.78,7622.02,18407.07
2024-07-23,8167.37,7598.63,18557.7
2024-07-24,8153.69,7513.73,18387.46
2024-07-25,8186.35,7427.02,18298.72
2024-07-26,8285.71,7517.68,18417.55
2024-07-29,8292.35,7443.84,18320.67
2024-07-30,8274.41,7474.94,18411.18
2024-07-31,8367.98,7531.49,18508.65
2024-08-01,8283.36,7370.45,18083.05
2024-08-02,8174.71,7251.8,17661.22
2024-08-05,8008.23,7148.99,17339.0
2024-08-06,8026.69,7130.04,17354.32
2024-08-07,8166.88,7266.01,17615.15
2024-08-08,8144.97,7247.45,17680.4
2024-08-09,8168.1,7269.71,17722.88
2024-08-12,8210.25,7250.67,17726.47
2024-08-13,8235.23,7275.87,17812.05
2024-08-14,8281.05,7333.36,17885.6
2024-08-15,8347.35,7423.37,18183.24
2024-08-16,8311.41,7449.7,18322.4
2024-08-19,8356.94,7502.01,18421.69
2024-08-20,8273.32,7485.73,18357.52
2024-08-21,8283.43,7524.72,18448.95
2024-08-22,8288.0,7524.11,18493.39
2024-08-23,8327.78,7577.04,18633.1
2024-08-26,,7590.37,18617.02
2024-08-27,8345.46,7565.78,18681.81
2024-08-28,8343.85,7577.67,18782.29
2024-08-29,8379.64,7640.95,18912.57
2024-08-30,8376.63,7630.95,18906.92
2024-09-02,8363.84,7646.42,18930.85
2024-09-03,8298.46,7575.1,18747.11
2024-09-04,8269.6,7500.97,18591.85
2024-09-05,8241.71,7431.96,18576.5
2024-09-06,8181.47,7352.3,18301.9
2024-09-09,8270.84,7425.26,18443.56
2024-09-10,8205.98,7407.55,18265.92
2024-09-11,8193.94,7396.83,18330.27
2024-09-12,8240.97,7435.07,18518.39
2024-09-13,8273.09,7465.25,18699.4
2024-09-16,8278.44,7449.44,18633.11
2024-09-17,8309.86,7487.42,18726.08
2024-09-18,8253.68,7444.9,18711.49
2024-09-19,8328.72,7615.41,19002.38
2024-09-20,8229.99,7500.26,18720.01
2024-09-23,8259.71,7508.08,18846.79
2024-09-24,8282.76,7604.01,18996.63
2024-09-25,8268.7,7565.62,18918.5
2024-09-26,8284.91,7742.09,19238.36
2024-09-27,8320.76,7791.79,19473.63
2024-09-30,8236.95,7635.75,19324.93
2024-10-01,8276.65,7574.07,19213.14
2024-10-02,8290.86,7577.59,19164.75
2024-10-03,8282.52,7477.78,19015.41
2024-10-04,8280.63,7541.36,19120.93
2024-10-07,8303.62,7576.02,19104.1
2024-10-08,8190.61,7521.32,19066.47
2024-10-09,8243.74,7560.09,19254.93
2024-10-10,8237.73,7541.59,19210.9
2024-10-11,8253.65,7577.89,19373.83
2024-10-14,8292.66,7602.06,19508.29
2024-10-15,8249.28,7521.97,19486.19
2024-10-16,8329.07,7492.0,19432.81
2024-10-17,8385.13,7583.73,19583.39
2024-10-18,8358.25,7613.05,19657.37
2024-10-21,8318.24,7536.23,19461.19
2024-10-22,8306.54,7535.1,19421.91
2024-10-23,8258.64,7497.48,19377.62
2024-10-24,8269.38,7503.28,19443.0
2024-10-25,8248.84,7497.54,19463.59
2024-10-28,8285.62,7556.94,19531.62
2024-10-29,8219.61,7511.11,19478.07
2024-10-30,8159.63,7428.36,19257.34
2024-10-31,8110.1,7350.37,19077.54
2024-11-01,8177.15,7409.11,19254.97
2024-11-04,8184.24,7371.71,19147.85
2024-11-05,8172.39,7407.15,19256.27
2024-11-06,8166.68,7369.61,19039.31
2024-11-07,8140.74,7425.6,19362.52
2024-11-08,8072.39,7338.67,19215.48
2024-11-11,8125.19,7426.88,19448.6
2024-11-12,8025.77,7226.98,19033.64
2024-11-13,8030.33,7216.83,19003.11
2024-11-14,8071.19,7311.8,19263.7
2024-11-15,8063.61,7269.63,19210.81
2024-11-18,8109.32,7278.23,19189.19
2024-11-19,8099.02,7229.64,19060.31
2024-11-20,8085.07,7198.45,19004.78
2024-11-21,8149.27,7213.32,19146.17
2024-11-22,8262.08,7255.01,19322.59
2024-11-25,8291.68,7257.47,19405.2
2024-11-26,8258.61,7194.51,19295.98
2024-11-27,8274.75,7143.03,19261.75
2024-11-28,8281.22,7179.25,19425.73
2024-11-29,8287.3,7235.11,19626.45
2024-12-02,8312.89,7236.89,19933.62
2024-12-03,8359.41,7255.42,20016.75
2024-12-04,8335.81,7303.28,20232.14
2024-12-05,8349.38,7330.54,20358.8
2024-12-06,8308.61,7426.88,20384.61
2024-12-09,8352.08,7480.14,20345.96
2024-12-10,8280.36,7394.78,20329.16
2024-12-11,8301.62,7423.4,20399.16
2024-12-12,8311.76,7420.94,20426.27
2024-12-13,8300.33,7409.57,20405.92
2024-12-16,8262.05,7357.08,20313.81
2024-12-17,8195.2,7365.7,20246.37
2024-12-18,8199.11,7384.62,20242.57
2024-12-19,8105.32,7294.37,19969.86
2024-12-20,8084.61,7274.48,19884.75
2024-12-23,8102.72,7272.32,19848.77
2024-12-24,8136.99,7282.69,
2024-12-25,,,
2024-12-26,,,
2024-12-27,8149.78,7355.37,19984.32
2024-12-30,8121.01,7313.56,19909.14
2024-12-31,8173.02,7380.74,
2025-01-02,8260.09,7393.76,20024.66
2025-01-03,8223.98,7282.22,19906.08
2025-01-06,8249.66,7445.69,20216.19
2025-01-07,8245.28,7489.35,20340.57
2025-01-08,8251.03,7452.42,20329.94
2025-01-09,8319.69,7490.28,20317.1
2025-01-10,8248.49,7431.04,20214.79
2025-01-13,8224.19,7408.64,20132.85
2025-01-14,8201.54,7423.67,20271.33
2025-01-15,8301.13,7474.59,20574.68
2025-01-16,8391.9,7634.74,20655.39
2025-01-17,8505.22,7709.75,20903.39
2025-01-20,8520.54,7733.5,20990.31
2025-01-21,8548.29,7770.95,21042.0
2025-01-22,8545.13,7837.4,21254.27
2025-01-23,8565.2,7892.61,21411.53
2025-01-24,8502.35,7927.62,21394.93
2025-01-27,8503.71,7906.58,21282.18
2025-01-28,8533.87,7897.37,21430.58
2025-01-29,8557.81,7872.48,21637.53
2025-01-30,8646.88,7941.64,21727.2
2025-01-31,8673.96,7950.17,21732.05
2025-02-03,8583.56,7854.92,21428.24
2025-02-04,8570.77,7906.4,21505.7
2025-02-05,8623.29,7891.68,21585.93
2025-02-06,8727.28,8007.62,21902.42
2025-02-07,8700.53,7973.03,21787.0
2025-02-10,8767.8,8006.22,21911.74
2025-02-11,8777.39,8028.9,22037.83
2025-02-12,8807.44,8042.19,22148.03
2025-02-13,8764.72,8164.11,22612.02
2025-02-14,8732.46,8178.54,22513.42
2025-02-17,8768.01,8189.13,22798.09
2025-02-18,8766.73,8206.56,22844.5
2025-02-19,8712.53,8110.54,22433.63
2025-02-20,8662.97,8122.58,22314.65
2025-02-21,8659.37,8154.51,22287.56
2025-02-24,8658.98,8090.99,22425.93
2025-02-25,8668.67,8051.07,22410.27
2025-02-26,8731.46,8143.92,22794.11
2025-02-27,8756.21,8102.52,22550.89
2025-02-28,8809.74,8111.63,22551.43
2025-03-03,8871.31,8199.71,23147.02
2025-03-04,8759.0,8047.92,22326.81
2025-03-05,8755.84,8173.75,23081.03
2025-03-06,8682.84,8197.67,23419.48
2025-03-07,8679.88,8120.8,23008.94
2025-03-10,8600.22,8047.6,22620.95
2025-03-11,8495.99,7941.91,22328.77
2025-03-12,8540.97,7988.96,22676.41
2025-03-13,8542.56,7938.21,22567.14
2025-03-14,8632.33,8028.28,22986.82
2025-03-17,8680.29,8073.98,23154.57
2025-03-18,8705.23,8114.57,23380.7
2025-03-19,8706.66,8171.47,23288.06
2025-03-20,8701.99,8094.2,22999.15
2025-03-21,8646.79,8042.95,22891.68
2025-03-24,8638.01,8022.33,22852.66
2025-03-25,8663.8,8108.59,23109.79
2025-03-26,8689.59,8030.68,22839.03
2025-03-27,8666.12,7990.11,22678.74
2025-03-28,8658.85,7916.08,22461.52
2025-03-31,8582.81,7790.71,22163.49
2025-04-01,8634.8,7876.36,22539.98
2025-04-02,8608.48,7858.83,22390.84
2025-04-03,8474.74,7598.98,21717.39
2025-04-04,8054.98,7274.95,20641.72
2025-04-07,7702.08,6927.12,19789.62
2025-04-08,7910.53,7100.42,20280.26
2025-04-09,7679.48,6863.02,19670.88
2025-04-10,7913.25,7126.02,20562.73
2025-04-11,7964.18,7104.8,20374.1
2025-04-14,8134.34,7273.12,20954.83
2025-04-15,8249.12,7335.4,21253.7
2025-04-16,8275.6,7329.97,21311.02
2025-04-17,8275.66,7285.86,21205.86
2025-04-18,,,
2025-04-21,,,
2025-04-22,8328.6,7326.47,21293.53
2025-04-23,8403.18,7482.36,21961.97
2025-04-24,8407.44,7502.78,22064.51
2025-04-25,8415.25,7536.26,22242.45
2025-04-28,8417.34,7573.76,22271.67
2025-04-29,8463.46,7555.87,22425.83
2025-04-30,8494.85,7593.87,22496.98
2025-05-01,8496.8,,
2025-05-02,8596.35,7770.48,23086.65
2025-05-05,,7727.93,23344.54
2025-05-06,8597.42,7696.92,23249.65
2025-05-07,8559.33,7626.84,23115.96
2025-05-08,8531.61,7694.44,23352.69
2025-05-09,8554.8,7743.75,23499.32
2025-05-12,8604.98,7850.1,23566.54
2025-05-13,8602.92,7873.83,23638.56
2025-05-14,8585.01,7836.79,23527.01
2025-05-15,8633.75,7853.47,23695.59
2025-05-16,8684.56,7886.69,23767.43
2025-05-19,8699.31,7883.63,23934.98
2025-05-20,8781.12,7942.42,24036.11
2025-05-21,8786.46,7910.49,24122.4
2025-05-22,8739.26,7864.44,23999.17
2025-05-23,8717.97,7734.4,23629.58
2025-05-26,,7828.13,24027.65
2025-05-27,8778.05,7826.79,24226.49
2025-05-28,8726.01,7788.1,24038.19
2025-05-29,8716.45,7779.72,23933.23
2025-05-30,8772.38,7751.89,23997.48
2025-06-02,8774.26,7737.2,23930.67
2025-06-03,8787.02,7763.84,24091.62
2025-06-04,8801.29,7804.67,24276.48
2025-06-05,8811.04,7790.27,24323.58
2025-06-06,8837.91,7804.87,24304.46
2025-06-09,8832.28,7791.47,24174.32
2025-06-10,8853.08,7804.33,23987.56
2025-06-11,8864.35,7775.9,23948.9
2025-06-12,8884.92,7765.11,23771.45
2025-06-13,8850.63,7684.68,23516.23
2025-06-16,8875.22,7742.24,23699.12
2025-06-17,8834.03,7683.73,23434.65
2025-06-18,8843.47,7656.12,23317.81
2025-06-19,8791.8,7553.45,23057.38
2025-06-20,8774.65,7589.66,23350.55
2025-06-23,8758.04,7537.57,23269.01
2025-06-24,8758.99,7615.99,23641.58
2025-06-25,8718.75,7558.16,23498.33
2025-06-26,8735.6,7557.31,23649.3
2025-06-27,8798.91,7691.55,24033.22
2025-06-30,8760.96,7665.91,23909.61
2025-07-01,8785.33,7662.59,23673.29
2025-07-02,8774.69,7738.42,23790.11
2025-07-03,8823.2,7754.55,23934.13
2025-07-04,8822.91,7696.27,23787.45
2025-07-07,8806.53,7723.47,24073.67
2025-07-08,8854.18,7766.71,24206.91
2025-07-09,8867.02,7878.46,24549.56
2025-07-10,8975.66,7902.25,24456.81
2025-07-11,8941.12,7829.29,24255.31
2025-07-14,8998.06,7808.17,24160.64
2025-07-15,8938.32,7766.21,24060.29
2025-07-16,8926.55,7722.09,24009.38
2025-07-17,8972.64,7822.0,24370.93
2025-07-18,8992.12,7822.67,24289.51
2025-07-21,9012.99,7798.22,24307.8
2025-07-22,9023.81,7744.41,24041.9
2025-07-23,9061.49,7850.43,24240.82
2025-07-24,9138.37,7818.28,24295.93
2025-07-25,9120.31,7834.58,24217.5
2025-07-28,9081.44,7800.88,23970.36
2025-07-29,9136.32,7857.36,24217.37
2025-07-30,9136.94,7861.96,24262.22
2025-07-31,9132.81,7771.97,24065.47
2025-08-01,9068.58,7546.16,23425.97
2025-08-04,9128.3,7632.01,23757.69
2025-08-05,9142.73,7621.04,23846.07
2025-08-06,9164.31,7635.03,23924.36
2025-08-07,9100.77,7709.32,24192.5
2025-08-08,9095.73,7743.0,24162.86
2025-08-11,9129.71,7698.52,24081.34
2025-08-12,9147.81,7753.42,24024.78
2025-08-13,9165.23,7804.97,24185.59
2025-08-14,9177.24,7870.34,24377.5
2025-08-15,9138.9,7923.45,24359.3
2025-08-18,9157.74,7884.05,24314.77
2025-08-19,9189.22,7979.08,24423.07
2025-08-20,9288.14,7973.03,24276.97
2025-08-21,9309.2,7938.29,24293.34
2025-08-22,9321.4,7969.69,24363.09
2025-08-25,,7843.04,24273.12
2025-08-26,9265.8,7709.81,24152.87
2025-08-27,9255.5,7743.93,24046.21
2025-08-28,9216.82,7762.6,24039.92
2025-08-29,9187.34,7703.9,23902.21
2025-09-01,9196.34,7707.9,24037.33
2025-09-02,9116.69,7654.25,23487.33
2025-09-03,9177.99,7719.71,23594.8
2025-09-04,9216.87,7698.92,23770.33
2025-09-05,9208.21,7674.78,23596.98
2025-09-08,9221.44,7734.84,23807.13
2025-09-09,9242.53,7749.39,23718.45
2025-09-10,9225.39,7761.32,23632.95
2025-09-11,9297.58,7823.52,23703.65
2025-09-12,9283.29,7825.24,23698.15
2025-09-15,9277.03,7896.93,23748.86
2025-09-16,9195.66,7818.22,23329.24
2025-09-17,9208.37,7786.98,23359.18
2025-09-18,9228.11,7854.61,23674.53
2025-09-19,9216.67,7853.59,23639.41
2025-09-22,9226.68,7830.11,23527.05
2025-09-23,9223.32,7872.02,23611.33
2025-09-24,9250.43,7827.45,23666.81
2025-09-25,9213.98,7795.42,23534.83
2025-09-26,9284.83,7870.68,23739.47
2025-09-29,9299.84,7880.87,23745.06
2025-09-30,9350.43,7895.94,23880.72
2025-10-01,9446.43,7966.95,24113.62
2025-10-02,9427.73,8056.63,24422.56
2025-10-03,9491.25,8081.54,24378.8
2025-10-06,9479.14,7971.78,24378.29
2025-10-07,9483.58,7974.85,24385.78
2025-10-08,9548.87,8060.13,24597.13
2025-10-09,9509.4,8041.36,24611.25
2025-10-10,9427.47,7918.0,24241.46
2025-10-13,9442.87,7934.26,24387.93
2025-10-14,9452.77,7919.62,24236.94
2025-10-15,9424.75,8077.0,24181.37
2025-10-16,9436.09,8188.59,24272.19
2025-10-17,9354.57,8174.2,23830.99
2025-10-20,9403.57,8206.07,24258.8
2025-10-21,9426.99,8258.86,24330.03
2025-10-22,9515.0,8206.87,24151.13
2025-10-23,9578.57,8225.78,24207.79
2025-10-24,9645.62,8225.63,24239.89
2025-10-27,9653.82,8239.18,24308.78
2025-10-28,9696.74,8216.58,24278.63
2025-10-29,9756.14,8200.88,24124.21
2025-10-30,9760.06,8157.29,24118.89
2025-10-31,9717.25,8121.07,23958.3
2025-11-03,9701.37,8109.79,24132.41
2025-11-04,9714.96,8067.53,23949.11
2025-11-05,9777.08,8074.23,24049.74
2025-11-06,9735.78,7964.77,23734.02
2025-11-07,9682.57,7950.18,23569.96
2025-11-10,9787.15,8055.51,23959.99
2025-11-11,9899.6,8156.23,24088.06
2025-11-12,9911.42,8241.24,24381.46
2025-11-13,9807.68,8232.49,24041.62
2025-11-14,9698.37,8170.09,23876.55
2025-11-17,9675.43,8119.02,23590.52
2025-11-18,9552.3,7967.93,23180.53
2025-11-19,9507.41,7953.77,23162.92
2025-11-20,9527.65,7981.07,23278.85
2025-11-21,9539.71,7982.65,23091.87
2025-11-24,9534.91,7959.67,23239.18
2025-11-25,9609.53,8025.8,23464.63
2025-11-26,9691.58,8096.43,23726.22
2025-11-27,9693.93,8099.47,23767.96
2025-11-28,9720.51,8122.71,23836.79
2025-12-01,9702.53,8097.0,23589.44
2025-12-02,9701.8,8074.61,23710.86
2025-12-03,9692.07,8087.42,23693.71
2025-12-04,9710.87,8122.03,23882.03
2025-12-05,9667.01,8114.74,24028.14
2025-12-08,9645.09,8108.43,24046.01
2025-12-09,9642.01,8052.51,24162.65
2025-12-10,9655.53,8022.69,24130.14
2025-12-11,9703.16,8085.76,24294.61
2025-12-12,9649.03,8068.62,24186.49
2025-12-15,9751.31,8124.88,24229.91
2025-12-16,9684.79,8106.16,24076.87
2025-12-17,9774.32,8086.05,23960.59
2025-12-18,9837.77,8150.64,24199.5
2025-12-19,9897.42,8151.38,24288.4
2025-12-22,9865.97,8121.07,24283.97
2025-12-23,9889.22,8103.85,24340.06
2025-12-24,9870.68,8103.58,
2025-12-25,,,
2025-12-26,,,
2025-12-29,9866.53,8112.02,24351.12
2025-12-30,9940.71,8168.15,24490.41
2025-12-31,9931.38,8149.5,
